{
  "net.0.weight": [
    [
      3.7524023056030273,
      -0.33603253960609436,
      0.06626660376787186,
      1.5590554475784302
    ],
    [
      -0.7123875617980957,
      0.8695957660675049,
      -0.34764400124549866,
      1.8655632734298706
    ],
    [
      0.6663221716880798,
      -0.4162553548812866,
      -0.032759349793195724,
      -0.06410063058137894
    ],
    [
      1.1280109882354736,
      -0.08460766077041626,
      -0.3202647566795349,
      -0.8926212191581726
    ]
  ],
  "net.0.bias": [
    7.585653305053711,
    1.0741379261016846,
    -0.27494001388549805,
    -0.2269737869501114
  ],
  "net.2.weight": [
    [
      2.8620433807373047,
      -1.6343493461608887,
      -3.44124436378479,
      1.2920341491699219
    ]
  ],
  "net.2.bias": [
    -2.186020851135254
  ]
}