{
  "input_cols": [
    "omega_m",
    "omega_m_ref",
    "dwr_dt",
    "imr"
  ],
  "target_col": "iq",
  "hidden_layers": [
    4
  ],
  "scaler_X_mean": [
    66.69922708845077,
    70.18097642006565,
    12.615755274665252,
    0.519445246725128
  ],
  "scaler_X_std": [
    34.624041224932334,
    26.761887184852764,
    27.832108780907575,
    0.24756804941229324
  ],
  "scaler_y_mean": [
    0.3449964169754781
  ],
  "scaler_y_std": [
    0.31647754754278723
  ],
  "test_mae_A": 0.06551345437765121,
  "test_rmse_A": 0.10041258512392666,
  "test_r2": 0.8839335441589355
}