{
  "input_cols": [
    "omega_m",
    "omega_m_ref",
    "dwr_dt",
    "imr"
  ],
  "target_col": "iq_residual",
  "residual_mode": true,
  "hidden_layers": [
    16,
    8
  ],
  "scaler_X_mean": [
    63.769570650448294,
    65.41661999897582,
    2.8946021432611073,
    0.48767875934519417
  ],
  "scaler_X_std": [
    41.613056258403596,
    40.381600386206,
    48.70737374947953,
    0.07747417892987665
  ],
  "scaler_y_mean": [
    0.00013701106577173564
  ],
  "scaler_y_std": [
    0.0858969999600633
  ],
  "test_mae_A": 0.022626075893640518,
  "test_rmse_A": 0.04046241315731302,
  "test_r2": 0.75473952293396
}