{
  "input_cols": [
    "omega_m",
    "omega_m_ref",
    "dwr_dt",
    "imr"
  ],
  "target_col": "iq",
  "hidden_layers": [
    16,
    8
  ],
  "scaler_X_mean": [
    59.09072299215646,
    80.77776238113061,
    -5.473542020876506,
    0.9364623181831306
  ],
  "scaler_X_std": [
    41.26607279224114,
    37.33916409810835,
    42.62058066767453,
    0.4257062163201207
  ],
  "scaler_y_mean": [
    -0.2760644367068331
  ],
  "scaler_y_std": [
    0.4952336203463887
  ],
  "test_mae_A": 0.14643336832523346,
  "test_rmse_A": 0.2883647539313547,
  "test_r2": 0.6605969071388245
}