{
  "input_cols": [
    "omega_m",
    "omega_m_ref",
    "dwr_dt",
    "imr"
  ],
  "target_col": "iq_residual",
  "residual_mode": true,
  "hidden_layers": [
    16,
    8
  ],
  "scaler_X_mean": [
    55.970293953911515,
    59.740884667456875,
    0.03631768208352592,
    0.5197063901023319
  ],
  "scaler_X_std": [
    36.54525516532953,
    35.09664127101256,
    27.692015231860857,
    0.2579319062228365
  ],
  "scaler_y_mean": [
    -0.003101494408976967
  ],
  "scaler_y_std": [
    0.08237224256188182
  ],
  "test_mae_A": 0.029514824971556664,
  "test_rmse_A": 0.04714581125114616,
  "test_r2": 0.6699048280715942
}