iq,omega_m,omega_m_ref,imr,dwr_dt,iq_I_term
0,0,0,0,0,0
0,0,0,0,0,0
0,0,0,0,0,0
0,0,0,0,0,0
0,0,0,0,0,0
0,0,0,0,0,0
0,0,0,0,0,0
0,0,0,0,0,0
0,0,0,0,0,0
0,0,0,0,0,0
0,0,0,0,0,0
0,0,0,0,0,0
0,0,0,0,0,0
0,0,0,0,0,0
0,0,0,0,0,0
0,0,0,0,0,0
0,0,0,0,0,0
0,0,0,0,0,0
0,0,0,0,0,0
0,0,0,0,0,0
0,0,0,0,0,0
0,0,0,0,0,0
0,0,0,0,0,0
0,0,0,0,0,0
0,0,0,0,0,0
0,0,0,0,0,0
0,0,0,0,0,0
0,0,0,0,0,0
0,0,0,0,0,0
0,0,0,0,0,0
0,0,0,0,0,0
0,0,0,0,0,0
0,0,0,0,0,0
0,0,0,0,0,0
0,0,0,0,0,0
0,0,0,0,0,0
0,0,0,0,0,0
0,0,0,0,0,0
0,0,0,0,0,0
0,0,0,0,0,0
0,0,0,0,0,0
0,0,0,0,0,0
0,0,0,0,0,0
0,0,0,0,0,0
0,0,0,0,0,0
0,0,0,0,0,0
0,0,0,0,0,0
0,0,0,0,0,0
0,0,0,0,0,0
0,0,0,0,0,0
0,0,0,0,0,0
0,0,0,0,0,0
0,0,0,0,0,0
0,0,0,0,0,0
0,0,0,0,0,0
0,0,0,0,0,0
0,0,0,0,0,0
0,0,0,0,0,0
0,0,0,0,0,0
0,0,0,0,0,0
0,0,0,0,0,0
0,0,0,0,0,0
0,0,0,0,0,0
0,0,0,0,0,0
0,0,0,0,0,0
0,0,0,0,0,0
0,0,0,0,0,0
0,0,0,0,0,0
0,0,0,0,0,0
0,0,0,0,0,0
0,0,0,0,0,0
0,0,0,0,0,0
0,0,0,0,0,0
0,0,0,0,0,0
0,0,0,0,0,0
0,0,0,0,0,0
0,0,0,0,0,0
0,0,0,0,0,0
0,0,0,0,0,0
0,0,0,0,0,0
0,0,0,0,0,0
0,0,0,0,0,0
0,0,0,0,0,0
0,0,0,0,0,0
0,0,0,0,0,0
0,0,0,0,0,0
0,0,0,0,0,0
0,0,0,0,0,0
0,0,0,0,0,0
0,0,0,0,0,0
0,0,0,0,0,0
0,0,0,0,0,0
0,0,0,0,0,0
0,0,0,0,0,0
0,0,0,0,0,0
0,0,0,0,0,0
0,0,0,0,0,0
0,0,0,0,0,0
0,0,0,0,0,0
0,0,0,0,0,0
0,0,0,0,0,0
0,0,0,0,0,0
0,0,0,0,0,0
0,0,0,0,0,0
0,0,0,0,0,0
0,0,0,0,0,0
0,0,0,0,0,0
0,0,0,0,0,0
0,0,0,0,0,0
0,0,0,0,0,0
0,0,0,0,0,0
0,0,0,0,0,0
0,0,0,0,0,0
0,0,0,0,0,0
0,0,0,0,0,0
0,0,0,0,0,0
0,0,0,0,0,0
0,0,0,0,0,0
0,0,0,0,0,0
0,0,0,0,0,0
0,0,0,0,0,0
0,0,0,0,0,0
0,0,0,0,0,0
0,0,0,0,0,0
0,0,0,0,0,0
0,0,0,0,0,0
0,0,0,0,0,0
0,0,0,0,0,0
0,0,0,0,0,0
0,0,0,0,0,0
0,0,0,0,0,0
0,0,0,0,0,0
0,0,0,0,0,0
0,0,0,0,0,0
0,0,0,0,0,0
0,0,0,0,0,0
0,0,0,0,0,0
0,0,0,0,0,0
0,0,0,0,0,0
0,0,0,0,0,0
0,0,0,0,0,0
0,0,0,0,0,0
0,0,0,0,0,0
0,0,0,0,0,0
0,0,0,0,0,0
0,0,0,0,0,0
0,0,0,0,0,0
0,0,0,0,0,0
0,0,0,0,0,0
0,0,0,0,0,0
0,0,0,0,0,0
0,0,0,0,0,0
0,0,0,0,0,0
0,0,0,0,0,0
0,0,0,0,0,0
0,0,0,0,0,0
0,0,0,0,0,0
0,0,0,0,0,0
0,0,0,0,0,0
0,0,0,0,0,0
0,0,0,0,0,0
0,0,0,0,0,0
0,0,0,0,0,0
0,0,0,0,0,0
0,0,0,0,0,0
0,0,0,0,0,0
0,0,0,0,0,0
0,0,0,0,0,0
0,0,0,0,0,0
0,0,0,0,0,0
0,0,0,0,0,0
0,0,0,0,0,0
0,0,0,0,0,0
0,0,0,0,0,0
0,0,0,0,0,0
0,0,0,0,0,0
0,0,0,0,0,0
0,0,0,0,0,0
0,0,0,0,0,0
0,0,0,0,0,0
0,0,0,0,0,0
0,0,0,0,0,0
0,0,0,0,0,0
0,0,52.359878,0,0,0
0,0,52.359878,0,0,0
0,0,52.359878,0,0,0
0,0,52.359878,0,0,0
0,0,52.359878,0,0,0
0,0,52.359878,0,0,0
0,0,52.359878,0,0,0
0,0,52.359878,0,0,0
0,0,52.359878,0,0,0
0,0,52.359878,0,0,0
0,0,52.359878,0,0,0
0,0,52.359878,0,0,0
0,0,52.359878,0,0,0
0,0,52.359878,0,0,0
0,0,52.359878,0,0,0
0,0,52.359878,0,0,0
0,0,52.359878,0,0,0
0,0,52.359878,0,0,0
0,0,52.359878,0,0,0
0,0,52.359878,0,0,0
0,0,52.359878,0,0,0
0,0,52.359878,0,0,0
0,0,52.359878,0,0,0
0,0,52.359878,0,0,0
0,0,52.359878,0,0,0
0,0,52.359878,0,0,0
0,0,52.359878,0,0,0
0,0,52.359878,0,0,0
0,0,52.359878,0,0,0
0,0,52.359878,0,0,0
0,0,52.359878,0,0,0
0,0,52.359878,0,0,0
0,0,52.359878,0,0,0
0,0,52.359878,0,0,0
0,0,52.359878,0,0,0
0,0,52.359878,0,0,0
0,0,52.359878,0,0,0
0,0,52.359878,0,0,0
0,0,52.359878,0,0,0
0,0,52.359878,0,0,0
0,0,52.359878,0,0,0
0,0,52.359878,0,0,0
0,0,52.359878,0,0,0
0,0,52.359878,0,0,0
0,0,52.359878,0,0,0
0,0,52.359878,0,0,0
0,0,52.359878,0,0,0
0,0,52.359878,0,0,0
0,0,52.359878,0,0,0
0,0,52.359878,0,0,0
0,0,52.359878,0,0,0
0,0,52.359878,0,0,0
0,0,52.359878,0,0,0
0,0,52.359878,0,0,0
0,0,52.359878,0,0,0
0,0,52.359878,0,0,0
0,0,52.359878,0,0,0
0,0,52.359878,0,0,0
0,0,52.359878,0,0,0
0,0,52.359878,0,0,0
0,0,52.359878,0,0,0
0,0,52.359878,0,0,0
0,0,52.359878,0,0,0
0,0,52.359878,0,0,0
0,0,52.359878,0,0,0
0,0,52.359878,0,0,0
0,0,52.359878,0,0,0
0,0,52.359878,0,0,0
0,0,52.359878,0,0,0
0,0,52.359878,0,0,0
0,0,52.359878,0,0,0
0,0,52.359878,0,0,0
0,0,52.359878,0,0,0
0,0,52.359878,0,0,0
0,0,52.359878,0,0,0
0,0,52.359878,0,0,0
0,0,52.359878,0,0,0
0,0,52.359878,0,0,0
0,0,52.359878,0,0,0
0,0,52.359878,0,0,0
0,0,52.359878,0,0,0
0,0,52.359878,0,0,0
0,0,52.359878,0,0,0
0,0,52.359878,0,0,0
0,0,52.359878,0,0,0
0,0,52.359878,0,0,0
0,0,52.359878,0,0,0
0,0,52.359878,0,0,0
0,0,52.359878,0,0,0
0,0,52.359878,0,0,0
0,0,52.359878,0,0,0
0,0,52.359878,0,0,0
0,0,52.359878,0,0,0
0,0,52.359878,0,0,0
0,0,52.359878,0,0,0
0,0,52.359878,0,0,0
0,0,52.359878,0,0,0
0,0,52.359878,0,0,0
0,0,52.359878,0,0,0
0,0,52.359878,0,0,0
0,0,0,0,0,0
0,0,0,0,0,0
0,0,0,0,0,0
0,0,0,0,0,0
0,0,0,0,0,0
0,0,0,0,0,0
0,0,0,0,0,0
0,0,0,0,0,0
0,0,0,0,0,0
0,0,0,0,0,0
0,0,0,0,0,0
0,0,0,0,0,0
0,0,0,0,0,0
0,0,0,0,0,0
0,0,0,0,0,0
0,0,0,0,0,0
0,0,0,0,0,0
0,0,0,0,0,0
0,0,0,0,0,0
0,0,0,0,0,0
0,0,0,0,0,0
0,0,0,0,0,0
0,0,0,0,0,0
0,0,0,0,0,0
0,0,0,0,0,0
0,0,0,0,0,0
0,0,0,0,0,0
0,0,0,0,0,0
0,0,0,0,0,0
0,0,0,0,0,0
0,0,0,0,0,0
0,0,0,0,0,0
0,0,0,0,0,0
0,0,0,0,0,0
0,0,0,0,0,0
0,0,0,0,0,0
0,0,0,0,0,0
0,0,0,0,0,0
0,0,0,0,0,0
0,0,0,0,0,0
0,0,0,0,0,0
0,0,0,0,0,0
0,0,0,0,0,0
0,0,0,0,0,0
0,0,0,0,0,0
0,0,0,0,0,0
0,0,0,0,0,0
0,0,0,0,0,0
0,0,0,0,0,0
0,0,0,0,0,0
0,0,0,0,0,0
0,0,0,0,0,0
0,0,0,0,0,0
0,0,0,0,0,0
0,0,0,0,0,0
0.00076,15.639601,0,0.244011,-1626.724976,0
0.015607,4.418614,0,0.373897,-1360.856934,0
-0.005914,1.248379,0,0.437881,-868.844421,0
0.003267,0.352701,0,0.469399,-505.784302,0
0.003912,0.099648,0,0.484926,-282.797058,0
0.00324,0.028153,0,0.492574,-155.083725,0
0.002585,0.007954,0,0.496343,-84.22245,0
0.004342,0.002247,0,0.498198,-45.511024,0
-0.001547,0.000635,0,0.499113,-24.528862,0
-0.004656,0.000179,0,0.499563,-13.202274,0
0.002699,0.000051,0,0.499785,-7.100871,0
-0.00235,0.000014,0,0.499894,-3.817792,0
-0.004511,0.000004,0,0.499947,-2.052238,0
-0.00135,0.000001,0,0.499975,-1.103058,0
-0.001972,0,0,0.499987,-0.592851,0
-0.006032,0,0,0.499992,-0.318625,0
0.005836,0,0,0.499992,-0.171241,0
0.002951,0,0,0.499992,-0.092031,0
-0.011939,0,0,0.499992,-0.04946,0
-0.009121,0,0,0.499992,-0.026581,0
0.017134,0,0,0.499992,-0.014241,0.000854
0.034653,0,0,0.499992,-0.007654,0.003607
0.060521,0.082388,0,0.499992,4.620351,0.008249
0.101181,0.617076,0,0.499992,26.785076,0.014475
0.133297,0.93688,0,0.499992,29.342978,0.022234
0.13455,1.399021,0,0.499992,36.092068,0.031497
0.189254,2.015477,0,0.499992,47.827389,0.042201
0.214891,2.896014,0,0.499992,66.751801,0.054138
0.229008,3.850279,0,0.499992,78.967972,0.067102
0.269268,4.740806,0,0.499992,82.934921,0.081135
0.309994,5.584419,0,0.499992,84.160233,0.096322
0.334084,6.332701,0,0.499992,80.787392,0.1127
0.391902,6.846908,0,0.499992,67.309708,0.130382
0.422841,7.301989,0,0.499992,56.437111,0.149495
0.465595,7.639122,0,0.499992,44.845547,0.17014
0.462853,7.83252,0,0.499992,31.755926,0.19244
0.588977,8.066162,0,0.499992,26.939529,0.216457
0.606638,8.434441,0,0.499992,30.93894,0.242114
0.680138,8.952145,0,0.499992,40.422264,0.269281
0.742534,9.532597,0,0.499992,49.752392,0.297893
0.738426,10.257505,0,0.499992,60.877098,0.327796
0.619222,11.026507,0,0.499992,67.945572,0.359054
0.813461,11.758353,0,0.499992,69.024017,0.391346
0.915351,12.497935,0,0.499992,71.114639,0.424901
0.915329,13.32246,0,0.499992,77.905342,0.459704
1.00974,14.428082,0,0.499992,94.818817,0.49477
1.021597,15.628971,0,0.499992,107.57106,0.528773
1.083385,16.58655,0,0.499992,101.454247,0.561741
1.182674,17.466827,0,0.499992,94.478371,0.593868
1.199015,18.347672,0,0.499992,91.265869,0.625209
1.220977,19.419193,0,0.499992,99.114647,0.655686
1.233371,20.863853,0,0.499992,120.078186,0.685002
1.239385,22.52141,0,0.499992,141.03447,0.712898
1.154359,24.17556,0,0.499992,152.200348,0.73929
1.142292,25.908337,0,0.499992,162.656891,0.764167
1.154238,27.87093,0,0.499992,178.494415,0.787351
1.070286,29.93907,0,0.499992,191.359802,0.808681
1.163575,31.689323,0,0.499992,183.674698,0.828281
1.150257,33.492054,0,0.499992,182.46196,0.846275
1.046373,35.163662,0,0.499992,175.087173,0.862674
0.93697,36.747543,0,0.499992,166.86969,0.877581
1.01227,38.138325,0,0.499992,153.335159,0.891134
1.13688,39.58157,0,0.499992,148.456314,0.903462
1.117448,40.942352,0,0.499992,143.506027,0.914493
1.058267,42.1394,0,0.499992,132.334961,0.924333
1.112035,43.328259,0,0.499992,126.453957,0.933096
1.070368,44.464222,0,0.499992,121.217522,0.94082
0.985404,45.69791,0,0.499992,123.537407,0.947482
1.043194,47.133106,0,0.499992,133.6996,0.952919
1.042237,48.836071,0,0.499992,150.818268,0.956905
1.044322,50.711658,0,0.499992,167.014633,0.959228
0.956907,52.466785,0,0.499992,169.891815,0.959892
0.927521,53.882797,0,0.499992,155.266586,0.959097
0.868788,55.117172,0,0.499992,138.997589,0.9571
0.944236,56.186985,0,0.499992,122.741356,0.954057
0.899991,57.119347,0,0.499992,108.523293,0.950127
0.893843,57.954441,0,0.499992,96.979164,0.945414
0.835473,58.547371,0,0.499992,78.728271,0.940027
0.862496,59.265343,0,0.499992,74.426765,0.934031
0.85059,60.209709,0,0.499992,83.8638,0.927323
0.772866,61.601326,0,0.499992,110.58754,0.919579
0.810289,63.241039,0,0.499992,135.875198,0.91044
0.817216,64.781769,0,0.499992,143.257431,0.899802
0.789535,65.62175,0,0.499992,114.986092,0.888088
0.622408,66.161987,0,0.499992,85.772812,0.875682
0.585918,66.445053,0,0.499992,59.298794,0.862997
0.652989,66.808472,0,0.499992,48.697418,0.850012
0.666999,66.982124,0,0.499992,35.396458,0.836818
0.638864,67.183304,0,0.499992,30.345081,0.823484
0.645843,67.681152,0,0.499992,40.512547,0.809809
0.590358,68.949989,0,0.499992,81.864555,0.795329
0.534766,70.334877,0,0.499992,107.083176,0.779575
0.44492,71.212097,0,0.499992,95.849884,0.762742
0.489832,71.435555,0,0.499992,60.401871,0.745439
0.513189,71.337624,0,0.499992,27.762482,0.72812
0.41979,71.322105,0,0.499992,14.231217,0.710861
0.431942,71.17511,0,0.499992,0.083801,0.69365
0.403056,70.998085,0,0.499992,-8.626679,0.676594
0.376346,71.427483,0,0.499992,15.313782,0.65944
0.375616,72.575195,0,0.499992,61.941257,0.641586
0.371108,73.933365,0,0.499992,94.654755,0.622525
0.338771,74.627586,0,0.499992,82.518425,0.602558
0.322437,74.605881,0,0.499992,42.962471,0.582293
0.216661,74.386604,0,0.499992,13.637161,0.562172
0.173396,74.316322,0,0.499992,4.104829,0.542157
0.212386,74.158592,0,0.499992,-3.571555,0.522196
0.261742,74.009003,0,0.499992,-7.218303,0.502481
0.220406,74.540741,0,0.499992,23.094494,0.482613
0.196228,75.671112,0,0.499992,66.07872,0.461959
0.162611,76.470879,0,0.499992,71.700615,0.440353
0.085985,76.371658,0,0.499992,31.616489,0.418388
0.128445,75.822777,0,0.499992,-9.629494,0.396743
0.074573,75.24762,0,0.499992,-31.964008,0.375651
0.082653,74.637444,0,0.499992,-45.291954,0.355106
0.07858,73.841576,0,0.499992,-60.084343,0.335232
0.060143,73.294388,0,0.499992,-57.154743,0.315947
-0.059083,73.336243,0,0.499992,-29.004463,0.296871
0.026141,73.552719,0,0.499992,-7.128762,0.277634
-0.01018,73.055779,0,0.499992,-28.382719,0.258528
-0.018838,71.964546,0,0.499992,-67.271729,0.240139
-0.001663,70.459824,0,0.499992,-104.550102,0.223026
0.025759,69.029411,0,0.499992,-121.022812,0.207252
0.023878,67.651993,0,0.499992,-128.129501,0.192732
0.020071,66.204575,0,0.499992,-135.257767,0.179498
-0.033073,64.878326,0,0.499992,-133.784592,0.167516
-0.081441,64.22361,0,0.499992,-101.363869,0.156444
0.039804,63.707123,0,0.499992,-78.009354,0.145901
0.031213,62.990509,0,0.499992,-76.183876,0.135809
0.016596,61.90995,0,0.499992,-92.577431,0.126576
-0.062935,60.368645,0,0.499992,-121.288368,0.118585
-0.058092,59.071259,0,0.499992,-124.412994,0.111912
0.049131,57.942856,0,0.499992,-117.808609,0.106362
0.081435,56.879799,0,0.499992,-111.896751,0.101787
0.050899,55.774937,0,0.499992,-110.210258,0.098211
0.118642,54.92664,0,0.499992,-98.031723,0.095506
0.077471,54.691097,0,0.499992,-62.448051,0.093312
0.02121,54.835182,0,0.499992,-25.290644,0.091176
0.022995,54.975075,0,0.499992,-8.440634,0.088823
0.044134,54.937923,0,0.499992,-7.614385,0.086414
0.046079,54.57457,0,0.499992,-21.99752,0.084199
0.073726,54.093025,0,0.499992,-34.213024,0.0824
0.069049,53.555397,0,0.499992,-43.532932,0.081062
0.099274,53.168274,0,0.499992,-42.399044,0.080117
0.103435,52.732662,0,0.499992,-43.26012,0.079566
0.088773,52.17078,0,0.499992,-49.597,0.079473
0.109579,51.785095,0,0.499992,-42.397095,0.079887
0.115662,51.698318,0,0.499992,-24.697989,0.080515
0.090399,51.876499,0,0.499992,-4.121189,0.081072
0.063998,52.501167,0,0.499992,26.294687,0.081211
0.018408,52.808422,0,0.499992,27.166208,0.080907
0.036141,52.884975,0,0.499992,17.411282,0.080438
0.067866,52.788982,0,0.499992,4.326472,0.079988
0.074051,52.582787,0,0.499992,-7.750289,0.079673
0.102487,52.325951,0,0.499992,-15.398464,0.079608
0.098254,52.021873,0,0.499992,-21.777569,0.079795
0.094598,51.443913,0,0.499992,-38.831589,0.080357
0.084408,51.045876,0,0.499992,-38.673141,0.081387
0.100678,50.718388,0,0.499992,-34.747879,0.082772
0.168849,50.775833,0,0.499992,-14.352599,0.084291
0.121057,51.132259,0,0.499992,9.465382,0.085595
0.128328,51.717167,0,0.499992,31.360847,0.08642
0.122802,52.136166,0,0.499992,34.868137,0.086768
0.083477,52.393887,0,0.499992,30.846489,0.086858
0.095206,52.446629,0,0.499992,18.895649,0.0868
0.097704,52.37756,0,0.499992,6.111805,0.086727
0.077704,52.172001,0,0.499992,-7.335396,0.08677
0.03339,51.859085,0,0.499992,-20.382708,0.087022
0.146432,51.44656,0,0.499992,-31.133549,0.087631
0.049776,51.130898,0,0.499992,-31.632217,0.088596
0.128555,50.904465,0,0.499992,-26.532269,0.089899
0.128522,50.975311,0,0.499992,-8.984788,0.09123
0.111721,51.374535,0,0.499992,14.997128,0.09235
0.140642,51.871548,0,0.499992,31.638992,0.09304
0.115318,52.505283,0,0.499992,46.086411,0.093185
0.083161,52.784016,0,0.499992,37.837399,0.092933
0.067543,53.075005,0,0.499992,33.479816,0.092403
0.030062,53.071442,0,0.499992,17.125694,0.091733
0.078234,52.867199,0,0.499992,-1.671115,0.091134
0.084571,52.701466,0,0.499992,-9.895126,0.090705
0.114527,52.366062,0,0.499992,-21.947971,0.090512
0.097843,52.19051,0,0.499992,-20.222551,0.090577
0.089139,51.970833,0,0.499992,-19.747992,0.090873
0.049182,51.909393,0,0.499992,-14.183588,0.091234
0.123873,52.28693,0,0.499992,10.200093,0.091481
0.041503,52.923271,0,0.499992,35.412251,0.091271
0.100541,53.490437,0,0.499992,45.632137,0.09051
0.077229,53.71983,0,0.499992,34.696285,0.089365
0.059514,53.827202,0,0.499992,23.065334,0.08806
0.074104,53.552757,0,0.499992,-0.69575,0.086838
0.086716,53.229671,0,0.499992,-16.392418,0.085868
0.055173,52.881447,0,0.499992,-26.222229,0.085189
0.00801,52.545162,0,0.499992,-30.026981,0.084853
0.048414,52.054352,0,0.499992,-39.014698,0.084905
0.148629,51.68177,0,0.499992,-37.315414,0.085378
0.100434,51.545387,0,0.499992,-24.622356,0.086114
0.111895,51.725296,0,0.499992,-4.428954,0.086791
0.112651,52.363869,0,0.499992,27.448744,0.087082
0.067243,52.792561,52.359878,0.499992,33.977913,0.086866
0.0853,52.939457,52.359878,0.499992,24.147038,0.086376
0.032267,53.008202,52.359878,0.499992,16.66741,0.085829
0.066396,52.793579,52.359878,0.499992,-0.099633,0.085366
0.102613,52.518158,52.359878,0.499992,-11.302516,0.085144
0.066479,52.25116,52.359878,0.499992,-17.780979,0.085143
0.085046,51.811005,52.359878,0.499992,-29.83873,0.085447
0.143183,51.343681,52.359878,0.499992,-37.682419,0.08616
0.109685,51.097267,52.359878,0.499992,-30.623476,0.087226
0.073809,50.972076,52.359878,0.499992,-21.145933,0.08847
0.127375,51.42194,52.359878,0.499992,10.411388,0.089555
0.08009,52.013939,52.359878,0.499992,34.002838,0.090171
0.137342,52.412266,52.359878,0.499992,36.229343,0.09029
0.099526,52.647099,52.359878,0.499992,30.827023,0.090149
0.064135,52.716286,52.359878,0.499992,19.246239,0.089841
0.105754,52.694107,52.359878,0.499992,8.994778,0.089516
0.111762,52.512897,52.359878,0.499992,-3.678148,0.08929
0.089087,52.270348,52.359878,0.499992,-14.08018,0.089235
0.099059,51.926743,52.359878,0.499992,-23.698532,0.089465
0.092026,51.667812,52.359878,0.499992,-25.004618,0.08997
0.138329,51.518051,52.359878,0.499992,-20.090635,0.090676
0.102423,51.654453,52.359878,0.499992,-3.997083,0.091393
0.110849,52.071789,52.359878,0.499992,18.402889,0.091883
0.144573,52.547073,52.359878,0.499992,31.323603,0.091915
0.079039,53.185486,52.359878,0.499992,45.459209,0.09142
0.065924,53.344582,52.359878,0.499992,31.222971,0.090581
0.09288,53.600056,52.359878,0.499992,27.317316,0.089526
0.078602,53.640812,52.359878,0.499992,16.931414,0.088388
0.046998,53.333035,52.359878,0.499992,-5.438374,0.087357
0.103295,53.055752,52.359878,0.499992,-16.884386,0.086562
0.053194,52.772411,52.359878,0.499992,-22.338457,0.086049
0.103568,52.479984,52.359878,0.499992,-25.403585,0.085815
0.111045,52.373791,52.359878,0.499992,-18.186296,0.085762
0.105609,52.28688,52.359878,0.499992,-12.889635,0.085819
0.082968,52.540436,52.359878,0.499992,6.888589,0.085834
0.105818,52.972637,52.359878,0.499992,23.756542,0.085477
0.104448,53.392933,52.359878,0.499992,31.688908,0.084707
0.032728,53.455933,52.359878,0.499992,19.529129,0.083728
0.066546,53.457767,52.359878,0.499992,9.860406,0.082705
0.082974,53.116833,52.359878,0.499992,-10.380355,0.081864
0.080331,52.759106,52.359878,0.499992,-21.17832,0.081369
0.127638,52.357132,52.359878,0.499992,-29.679529,0.0812
0.104167,51.959324,52.359878,0.499992,-34.12344,0.081391
0.081018,51.505913,52.359878,0.499992,-39.740589,0.081951
0.060053,51.1451,52.359878,0.499992,-38.316292,0.082883
0.150711,51.023079,52.359878,0.499992,-25.805098,0.084058
0.016528,51.298752,52.359878,0.499992,-0.700938,0.085161
0.120763,51.851048,52.359878,0.499992,25.722551,0.085891
0.076253,52.28756,52.359878,0.499992,32.482491,0.086109
0.077479,52.510597,52.359878,0.499992,26.517752,0.086031
0.122407,52.462646,52.359878,0.499992,11.597178,0.085901
0.094055,52.34935,52.359878,0.499992,1.273646,0.085867
0.048593,52.090931,52.359878,0.499992,-10.663931,0.086016
0.0506,51.961258,52.359878,0.499992,-11.399257,0.086327
0.082145,51.581894,52.359878,0.499992,-22.890976,0.086889
0.175448,51.105637,52.359878,0.499992,-34.583984,0.08781
0.098585,50.838097,52.359878,0.499992,-30.826681,0.089077
0.087794,50.806469,52.359878,0.499992,-17.978727,0.090484
0.128832,51.255848,52.359878,0.499992,11.765594,0.091711
0.139551,51.874088,52.359878,0.499992,34.352348,0.092417
0.101944,52.48999,52.359878,0.499992,46.159584,0.092549
0.099636,52.727509,52.359878,0.499992,36.284863,0.092339
0.087427,52.862583,52.359878,0.499992,24.701691,0.091911
0.108665,52.882351,52.359878,0.499992,12.833199,0.091401
0.072316,52.852787,52.359878,0.499992,5.283453,0.090928
0.078765,52.616714,52.359878,0.499992,-7.995187,0.090591
0.120392,52.171398,52.359878,0.499992,-25.815687,0.090534
0.097659,51.962994,52.359878,0.499992,-23.809595,0.090789
0.054619,51.766373,52.359878,0.499992,-19.467489,0.091317
0.088746,51.916443,52.359878,0.499992,-2.237918,0.09183
0.093496,52.373199,52.359878,0.499992,21.083973,0.092063
0.135901,52.99334,52.359878,0.499992,40.110451,0.091769
0.081976,53.56073,52.359878,0.499992,47.945217,0.090937
0.059613,53.734287,52.359878,0.499992,33.292088,0.089752
0.090819,53.879169,52.359878,0.499992,23.615616,0.088402
0.10035,53.796791,52.359878,0.499992,8.077828,0.087033
0.071152,53.552074,52.359878,0.499992,-7.031023,0.085833
0.070793,53.101395,52.359878,0.499992,-23.666111,0.084985
0.073395,52.536915,52.359878,0.499992,-35.146027,0.084555
0.110733,52.16449,52.359878,0.499992,-38.632626,0.084552
0.063734,51.87516,52.359878,0.499992,-33.316544,0.084893
0.098848,51.855328,52.359878,0.499992,-18.393173,0.085355
0.068565,52.05024,52.359878,0.499992,0.087053,0.085757
0.109852,52.553272,52.359878,0.499992,23.302601,0.085808
0.066013,52.905651,52.359878,0.499992,28.708641,0.085465
0.098609,52.983006,52.359878,0.499992,18.650274,0.084925
0.080323,53.056927,52.359878,0.499992,13.103603,0.084311
0.01807,52.760193,52.359878,0.499992,-7.532934,0.083789
0.105122,52.398697,52.359878,0.499992,-21.183155,0.083577
0.031036,51.997669,52.359878,0.499992,-30.892286,0.083694
0.121258,51.549198,52.359878,0.499992,-38.079056,0.084206
0.112049,51.187695,52.359878,0.499992,-38.519367,0.085066
0.099546,50.915432,52.359878,0.499992,-33.180336,0.086258
0.139531,50.834648,52.359878,0.499992,-19.370142,0.087677
0.124192,51.101631,52.359878,0.499992,3.220285,0.088988
0.096675,51.736931,52.359878,0.499992,31.364756,0.089849
0.126518,52.30806,52.359878,0.499992,43.61496,0.090164
0.027887,52.512653,52.359878,0.499992,33.702446,0.090144
0.058193,52.544079,52.359878,0.499992,19.870504,0.089999
0.075226,52.405231,52.359878,0.499992,3.528409,0.089876
0.091736,52.202694,52.359878,0.499992,-9.138326,0.089874
0.102687,52.078194,52.359878,0.499992,-11.498042,0.090046
0.078814,51.803387,52.359878,0.499992,-19.891426,0.090397
0.040275,51.565929,52.359878,0.499992,-22.358921,0.090989
0.139748,51.41338,52.359878,0.499992,-17.232849,0.091836
0.051738,51.331493,52.359878,0.499992,-12.613526,0.092754
0.134082,51.865387,52.359878,0.499992,18.834997,0.093471
0.095224,52.538544,52.359878,0.499992,42.243053,0.093644
0.074803,53.100536,52.359878,0.499992,49.111134,0.093237
0.122343,53.221428,52.359878,0.499992,32.092411,0.092514
0.078982,53.335148,52.359878,0.499992,21.354074,0.091643
0.056786,53.388184,52.359878,0.499992,13.935667,0.090728
-0.001751,53.289047,52.359878,0.499992,3.180392,0.089847
0.01653,53.141689,52.359878,0.499992,-4.934614,0.089074
0.100545,52.733051,52.359878,0.499992,-21.779228,0.088542
0.078137,52.465576,52.359878,0.499992,-24.072302,0.088327
0.118066,52.306446,52.359878,0.499992,-20.125168,0.088307
0.109772,52.369984,52.359878,0.499992,-7.818304,0.088329
0.077545,52.760365,52.359878,0.499992,14.337634,0.088156
0.062216,53.251034,52.359878,0.499992,30.044914,0.087556
0.047131,53.519291,52.359878,0.499992,27.153969,0.086581
0.004172,53.685143,52.359878,0.499992,21.351845,0.085413
0.087335,53.662109,52.359878,0.499992,10.748782,0.08423
0.077496,53.541096,52.359878,0.499992,0.794216,0.083118
0.058244,53.223499,52.359878,0.499992,-13.17251,0.082223
0.101792,52.716183,52.359878,0.499992,-29.867453,0.081692
0.09624,52.151001,52.359878,0.499992,-42.4548,0.08162
0.036516,51.738026,52.359878,0.499992,-42.03429,0.081994
0.034899,51.541912,52.359878,0.499992,-30.407898,0.082687
0.023543,51.51247,52.359878,0.499992,-15.969801,0.0835
0.070176,51.653389,52.359878,0.499992,-1.800472,0.08422
0.096944,52.13649,52.359878,0.499992,20.555895,0.084614
0.049167,52.481239,52.359878,0.499992,25.859682,0.084624
0.105793,52.643215,52.359878,0.499992,21.120615,0.08443
0.095716,52.685188,52.359878,0.499992,13.225522,0.084151
0.07969,52.507957,52.359878,0.499992,-1.345573,0.083928
0.081579,52.101597,52.359878,0.499992,-19.856009,0.08397
0.100962,51.830498,52.359878,0.499992,-23.280653,0.084323
0.141327,51.350864,52.359878,0.499992,-34.740398,0.085027
0.118561,51.159584,52.359878,0.499992,-28.14208,0.08601
0.130831,50.92128,52.359878,0.499992,-25.682423,0.087226
0.124667,50.845959,52.359878,0.499992,-18.438583,0.088585
0.10163,51.284798,52.359878,0.499992,12.562986,0.089798
0.105284,51.843761,52.359878,0.499992,33.572048,0.090556
0.118752,52.37431,52.359878,0.499992,42.122181,0.09077
0.092143,52.69014,52.359878,0.499992,37.425705,0.090616
0.049382,52.683605,52.359878,0.499992,19.185921,0.090301
0.053715,52.560749,52.359878,0.499992,4.125523,0.090046
0.041804,52.358604,52.359878,0.499992,-7.289437,0.089949
0.111561,52.141712,52.359878,0.499992,-13.795613,0.090055
0.101827,51.832535,52.359878,0.499992,-22.178825,0.090382
0.107534,51.5919,52.359878,0.499992,-22.99679,0.090971
0.122781,51.359913,52.359878,0.499992,-21.238401,0.091833
0.121099,51.412785,52.359878,0.499992,-7.161552,0.092776
0.116802,51.790726,52.359878,0.499992,15.387299,0.093524
0.0979,52.498577,52.359878,0.499992,41.152954,0.093722
0.066777,53.131878,52.359878,0.499992,51.058483,0.093295
0.08942,53.396854,52.359878,0.499992,39.397659,0.092461
0.073029,53.519363,52.359878,0.499992,26.50696,0.091453
0.081767,53.551762,52.359878,0.499992,15.763474,0.09038
0.093317,53.388443,52.359878,0.499992,1.192946,0.089382
0.064278,53.13213,52.359878,0.499992,-12.285301,0.088531
-0.021272,52.778648,52.359878,0.499992,-23.540649,0.087967
0.11646,52.413692,52.359878,0.499992,-28.697397,0.087777
0.058197,52.193001,52.359878,0.499992,-24.68297,0.087856
0.122554,52.199993,52.359878,0.499992,-11.512298,0.088052
0.125835,52.61837,52.359878,0.499992,14.30577,0.088042
0.078759,53.1754,52.359878,0.499992,33.71648,0.087561
0.112628,53.534618,52.359878,0.499992,34.645573,0.086651
0.082773,53.690804,52.359878,0.499992,26.323215,0.085524
0.053383,53.617527,52.359878,0.499992,11.630273,0.084376
0.040402,53.464142,52.359878,0.499992,-0.489218,0.083313
-0.004386,53.13002,52.359878,0.499992,-15.228263,0.082477
0.111992,52.601257,52.359878,0.499992,-33.186291,0.082003
0.075167,52.140903,52.359878,0.499992,-38.628727,0.082006
0.103013,51.541222,52.359878,0.499992,-49.219788,0.08246
0.119506,51.365395,52.359878,0.499992,-33.755264,0.083311
0.087757,51.406185,52.359878,0.499992,-14.690415,0.084245
0.092736,51.636181,52.359878,0.499992,3.311249,0.08503
0.058315,52.082211,52.359878,0.499992,21.90098,0.085469
0.07849,52.535988,52.359878,0.499992,31.900993,0.085485
0.114376,52.672237,52.359878,0.499992,23.767406,0.085273
0.0799,52.756744,52.359878,0.499992,16.781385,0.084953
0.079429,52.593777,52.359878,0.499992,1.527166,0.084669
0.102772,52.237442,52.359878,0.499992,-15.354485,0.084628
0.111192,51.975143,52.359878,0.499992,-19.287659,0.084894
0.070204,51.514648,52.359878,0.499992,-30.573614,0.085491
0.12517,51.28558,52.359878,0.499992,-26.659668,0.086374
0.074467,51.032703,52.359878,0.499992,-24.744658,0.087508
0.027779,50.931728,52.359878,0.499992,-17.763994,0.08877
0.119995,51.301441,52.359878,0.499992,8.87697,0.089941
0.082972,51.780083,52.359878,0.499992,26.962965,0.090689
0.12486,52.365757,52.359878,0.499992,41.487167,0.090943
0.09828,52.576035,52.359878,0.499992,32.458309,0.090855
0.089808,52.680149,52.359878,0.499992,22.566088,0.09062
0.096528,52.451736,52.359878,0.499992,1.428097,0.090433
0.107258,52.336121,52.359878,0.499992,-4.621072,0.090397
0.1343,52.155148,52.359878,0.499992,-10.009926,0.090529
0.113421,51.89286,52.359878,0.499992,-18.137732,0.090818
0.118163,51.715008,52.359878,0.499992,-18.38221,0.09131
0.119541,51.487904,52.359878,0.499992,-19.344954,0.092031
0.130934,51.535225,52.359878,0.499992,-7.516542,0.092828
0.095889,51.965038,52.359878,0.499992,16.380121,0.093398
0.120722,52.639912,52.359878,0.499992,39.389229,0.09343
0.092789,53.270729,52.359878,0.499992,49.515598,0.092858
0.077977,53.500763,52.359878,0.499992,37.401295,0.091927
0.116824,53.610641,52.359878,0.499992,26.020981,0.090862
0.033244,53.529987,52.359878,0.499992,10.83018,0.08978
0.09395,53.387642,52.359878,0.499992,-0.294834,0.088796
0.095905,53.20356,52.359878,0.499992,-9.329215,0.087926
0.084346,52.932343,52.359878,0.499992,-17.572325,0.087279
0.073755,52.523972,52.359878,0.499992,-27.857374,0.086962
0.106718,52.28334,52.359878,0.499992,-25.151796,0.086955
0.142041,52.330082,52.359878,0.499992,-10.288929,0.087036
0.182297,52.694698,52.359878,0.499992,11.884152,0.086917
0.097438,53.227867,52.359878,0.499992,30.373388,0.086346
0.103973,53.44492,52.359878,0.499992,24.740541,0.085406
0.071854,53.513409,52.359878,0.499992,15.617501,0.08436
0.087491,53.406586,52.359878,0.499992,2.530458,0.08333
0.085711,53.197857,52.359878,0.499992,-9.331702,0.082442
0.066298,52.922905,52.359878,0.499992,-18.106298,0.081792
0.009485,52.479366,52.359878,0.499992,-31.335678,0.081449
0.121864,51.967274,52.359878,0.499992,-41.03764,0.081558
0.028467,51.646442,52.359878,0.499992,-36.509296,0.08207
0.118699,51.35807,52.359878,0.499992,-31.124445,0.082911
0.10526,51.30442,52.359878,0.499992,-19.238686,0.083849
0.090273,51.64608,52.359878,0.499992,5.115428,0.084643
0.130663,52.063511,52.359878,0.499992,21.43675,0.085085
0.101984,52.449551,52.359878,0.499992,27.670858,0.085124
0.0443,52.55756,52.359878,0.499992,18.927917,0.084963
0.027197,52.629692,52.359878,0.499992,12.105275,0.084705
0.030541,52.571606,52.359878,0.499992,4.259346,0.084497
0.129698,52.20755,52.359878,0.499992,-13.761908,0.084498
0.081312,51.850414,52.359878,0.499992,-24.304405,0.084789
0.100571,51.455246,52.359878,0.499992,-31.97571,0.085411
0.121737,51.219421,52.359878,0.499992,-27.400776,0.086361
0.096002,50.937599,52.359878,0.499992,-27.270885,0.087546
0.106979,50.968269,52.359878,0.499992,-13.0332,0.088831
0.11581,51.24086,52.359878,0.499992,6.476236,0.090003
0.114293,51.887859,52.359878,0.499992,33.618839,0.09073
0.143127,52.397491,52.359878,0.499992,41.68177,0.090929
0.107607,52.681583,52.359878,0.499992,35.137054,0.090751
0.100987,52.872318,52.359878,0.499992,27.523935,0.090364
0.100367,52.761013,52.359878,0.499992,10.497078,0.089975
0.095477,52.476566,52.359878,0.499992,-7.409678,0.089747
0.052559,52.286461,52.359878,0.499992,-12.61509,0.089729
0.112624,52.003475,52.359878,0.499992,-19.72386,0.089931
0.063612,51.734921,52.359878,0.499992,-23.731297,0.090358
0.082641,51.599491,52.359878,0.499992,-20.111347,0.091006
0.094642,51.627712,52.359878,0.499992,-6.990505,0.091737
0.082449,52.033859,52.359878,0.499992,15.013103,0.092219
0.1245,52.868176,52.359878,0.499992,47.33934,0.092151
0.102947,53.399303,52.359878,0.499992,49.590466,0.091436
0.08613,53.683258,52.359878,0.499992,38.872448,0.090329
0.062904,53.719715,52.359878,0.499992,22.860443,0.089117
0.089145,53.597923,52.359878,0.499992,6.555201,0.087933
0.138775,53.409996,52.359878,0.499992,-4.358443,0.086917
0.079632,53.103199,52.359878,0.499992,-16.626373,0.086101
0.091885,52.726006,52.359878,0.499992,-26.456606,0.085592
0.098847,52.266655,52.359878,0.499992,-34.407066,0.085501
0.115524,51.895489,52.359878,0.499992,-34.886501,0.085783
0.076024,51.881691,52.359878,0.499992,-18.125441,0.08625
0.119483,52.258907,52.359878,0.499992,9.415506,0.086568
0.092388,52.795361,52.359878,0.499992,30.295231,0.086429
0.109957,53.049194,52.359878,0.499992,26.578995,0.085873
0.110245,53.131786,52.359878,0.499992,17.706303,0.085193
0.021469,53.09655,52.359878,0.499992,7.756728,0.084501
0.102467,52.847645,52.359878,0.499992,-7.573189,0.083941
0.103696,52.669716,52.359878,0.499992,-12.291585,0.083575
0.070336,52.290142,52.359878,0.499992,-23.336048,0.083493
0.10421,51.71344,52.359878,0.499992,-37.783051,0.083866
0.119639,51.177647,52.359878,0.499992,-46.675194,0.084653
0.130405,50.972279,52.359878,0.499992,-33.999626,0.08584
0.127994,51.058693,52.359878,0.499992,-13.313199,0.087093
0.064028,51.438393,52.359878,0.499992,11.102386,0.088128
0.127744,51.905174,52.359878,0.499992,26.663324,0.088725
0.091704,52.451229,52.359878,0.499992,39.37405,0.088879
0.108966,52.591396,52.359878,0.499992,27.88517,0.088741
0.103723,52.740635,52.359878,0.499992,22.095743,0.088467
0.059202,52.659733,52.359878,0.499992,8.515929,0.088171
0.078596,52.365673,52.359878,0.499992,-9.887029,0.088007
0.056068,52.127941,52.359878,0.499992,-16.616917,0.088099
0.02408,51.778305,52.359878,0.499992,-25.170551,0.088467
0.119131,51.602219,52.359878,0.499992,-20.769375,0.089103
0.092229,51.388897,52.359878,0.499992,-20.572809,0.089907
0.096655,51.514301,52.359878,0.499992,-4.313809,0.090759
0.142599,51.736729,52.359878,0.499992,9.086949,0.091467
0.10868,52.362328,52.359878,0.499992,33.928783,0.091749
0.048561,52.871452,52.359878,0.499992,41.948448,0.091519
0.006601,53.094982,52.359878,0.499992,32.496861,0.090941
0.00907,53.185715,52.359878,0.499992,20.561687,0.090196
-0.010709,53.076027,52.359878,0.499992,5.495998,0.089474
0.065887,52.86935,52.359878,0.499992,-5.739358,0.088944
0.072113,52.602928,52.359878,0.499992,-16.001255,0.088586
0.103756,52.487938,52.359878,0.499992,-14.098192,0.088408
0.067777,52.276421,52.359878,0.499992,-17.839314,0.088376
0.081376,52.092182,52.359878,0.499992,-17.61347,0.088554
0.058202,52.076466,52.359878,0.499992,-10.247032,0.088804
0.032883,52.501003,52.359878,0.499992,14.279452,0.088871
0.110687,53.117775,52.359878,0.499992,37.604988,0.088503
0.05407,53.500507,52.359878,0.499992,36.86729,0.087611
0.069369,53.712856,52.359878,0.499992,29.016857,0.086453
0.099701,53.617348,52.359878,0.499992,11.935645,0.085288
0.085103,53.331253,52.359878,0.499992,-7.013998,0.084273
0.027388,53.07439,52.359878,0.499992,-16.055889,0.083493
0.086038,52.828648,52.359878,0.499992,-20.629631,0.082936
0.045313,52.398411,52.359878,0.499992,-31.999613,0.082675
0.122944,52.029816,52.359878,0.499992,-34.59602,0.082793
0.091563,51.66563,52.359878,0.499992,-34.460182,0.083294
0.096757,51.700836,52.359878,0.499992,-15.855918,0.083938
0.117224,52.016762,52.359878,0.499992,6.998959,0.084427
0.114855,52.55685,52.359878,0.499992,27.586809,0.084458
0.087666,52.891731,52.359878,0.499992,28.907845,0.084078
0.085184,52.833439,52.359878,0.499992,12.390248,0.083608
0.112222,52.845249,52.359878,0.499992,7.035227,0.083164
0.103407,52.630844,52.359878,0.499992,-5.459744,0.082843
0.111432,52.389378,52.359878,0.499992,-13.764592,0.082717
0.096559,52.005718,52.359878,0.499992,-25.838037,0.082847
0.102489,51.631428,52.359878,0.499992,-31.02824,0.083341
0.096043,51.113438,52.359878,0.499992,-41.67482,0.084213
0.129698,50.962818,52.359878,0.499992,-28.539278,0.085439
0.12793,51.070385,52.359878,0.499992,-8.935545,0.086707
0.106908,51.510792,52.359878,0.499992,16.649139,0.087714
0.066482,51.982056,52.359878,0.499992,29.770042,0.088243
0.084799,52.444046,52.359878,0.499992,36.182812,0.088337
0.025243,52.634789,52.359878,0.499992,28.052166,0.088164
0.10689,52.698395,52.359878,0.499992,18.475187,0.0879
0.078148,52.565102,52.359878,0.499992,3.206968,0.087637
0.077871,52.346424,52.359878,0.499992,-9.089462,0.087528
0.13061,52.005173,52.359878,0.499992,-20.90856,0.087688
0.092781,51.705566,52.359878,0.499992,-24.516624,0.088164
0.067635,51.407059,52.359878,0.499992,-26.047253,0.088926
0.049864,51.295567,52.359878,0.499992,-18.149025,0.089875
0.033892,51.358326,52.359878,0.499992,-5.950477,0.090849
-0.006435,51.740597,52.359878,0.499992,14.961443,0.0916
0.086569,52.384708,52.359878,0.499992,38.690136,0.091896
0.083573,52.857384,52.359878,0.499992,42.027924,0.091639
0.103026,53.201012,52.359878,0.499992,37.714191,0.091004
0.065049,53.412674,52.359878,0.499992,29.789988,0.090132
0.071513,53.354187,52.359878,0.499992,13.58645,0.089208
0.04321,53.05307,52.359878,0.499992,-5.866598,0.088468
0.0458,52.82785,52.359878,0.499992,-14.015359,0.087925
0.105968,52.561787,52.359878,0.499992,-19.238474,0.087639
0.097447,52.337967,52.359878,0.499992,-20.155676,0.087574
0.081069,52.165974,52.359878,0.499992,-17.462013,0.087712
0.126378,52.071938,52.359878,0.499992,-12.337314,0.087979
0.103526,52.458004,52.359878,0.499992,11.988062,0.088089
0.03834,53.01812,52.359878,0.499992,32.615074,0.087752
0.055965,53.550541,52.359878,0.499992,41.757324,0.086896
-0.014792,53.69368,52.359878,0.499992,29.461918,0.085759
0.025234,53.593754,52.359878,0.499992,11.243196,0.084592
0.058816,53.286026,52.359878,0.499992,-7.519791,0.083632
0.066411,52.882408,52.359878,0.499992,-23.170643,0.082962
0.105127,52.593502,52.359878,0.499992,-26.779575,0.082587
0.086171,52.139999,52.359878,0.499992,-36.379372,0.082548
0.088712,51.727703,52.359878,0.499992,-38.979145,0.082922
-0.007595,51.376217,52.359878,0.499992,-35.28651,0.083718
0.099692,51.255745,52.359878,0.499992,-24.307554,0.084679
0.159288,51.652119,52.359878,0.499992,5.576046,0.085512
0.123924,52.284935,52.359878,0.499992,32.452431,0.085871
0.115324,52.731358,52.359878,0.499992,38.237289,0.085738
0.083662,52.708515,52.359878,0.499992,19.423607,0.085412
0.081838,52.660114,52.359878,0.499992,6.596787,0.085068
0.097967,52.472652,52.359878,0.499992,-6.417457,0.084838
0.106774,52.268208,52.359878,0.499992,-13.488979,0.08481
0.091972,52.058319,52.359878,0.499992,-16.775803,0.084993
0.052207,51.582512,52.359878,0.499992,-31.049959,0.085485
0.134993,51.180084,52.359878,0.499992,-35.552296,0.086369
0.059882,51.009682,52.359878,0.499992,-25.067083,0.087581
0.131255,51.007847,52.359878,0.499992,-12.685437,0.088843
0.124145,51.474483,52.359878,0.499992,15.096808,0.089868
0.093699,52.071701,52.359878,0.499992,36.234489,0.090416
0.139407,52.437798,52.359878,0.499992,36.437794,0.090512
0.107653,52.554672,52.359878,0.499992,23.928076,0.090358
0.083549,52.715652,52.359878,0.499992,19.968229,0.090092
0.108699,52.6451,52.359878,0.499992,7.487942,0.089803
0.030327,52.473896,52.359878,0.499992,-4.31191,0.089609
0.116476,52.187511,52.359878,0.499992,-16.928972,0.089594
0.089839,51.950935,52.359878,0.499992,-20.92646,0.089829
0.130187,51.720501,52.359878,0.499992,-22.643221,0.090283
0.109375,51.629192,52.359878,0.499992,-17.003119,0.090887
0.095178,51.796795,52.359878,0.499992,-1.020841,0.091484
0.062534,52.157379,52.359878,0.499992,17.053591,0.091862
0.097938,52.720215,52.359878,0.499992,35.952309,0.091813
0.049794,53.236866,52.359878,0.499992,42.706264,0.091231
0.09788,53.417953,52.359878,0.499992,30.793606,0.090337
0.077358,53.560081,52.359878,0.499992,21.974205,0.089271
0.05918,53.479988,52.359878,0.499992,7.255294,0.088189
0.123682,53.234882,52.359878,0.499992,-7.643756,0.087275
0.08289,52.98597,52.359878,0.499992,-16.310514,0.086572
0.076874,52.683647,52.359878,0.499992,-23.503826,0.086117
0.083423,52.500591,52.359878,0.499992,-22.306833,0.085866
0.037316,52.386776,52.359878,0.499992,-15.926497,0.085832
0.127417,52.284485,52.359878,0.499992,-12.58633,0.085877
0.085453,52.647636,52.359878,0.499992,11.594709,0.085828
0.092149,52.988743,52.359878,0.499992,21.727623,0.085406
0.097579,53.39814,52.359878,0.499992,29.375471,0.084604
0.061279,53.425407,52.359878,0.499992,16.324556,0.083623
0.080406,53.313694,52.359878,0.499992,2.273736,0.082661
0.085076,52.958916,52.359878,0.499992,-15.252197,0.081954
0.040667,52.649315,52.359878,0.499992,-21.971611,0.081565
0.101665,52.314426,52.359878,0.499992,-25.387466,0.081515
0.078262,51.921162,52.359878,0.499992,-30.445887,0.081781
0.092118,51.434196,52.359878,0.499992,-39.428085,0.082388
0.150127,51.146027,52.359878,0.499992,-34.20504,0.083373
0.104469,51.147072,52.359878,0.499992,-17.810974,0.084493
0.065852,51.461216,52.359878,0.499992,5.763349,0.085481
0.126213,52.036613,52.359878,0.499992,28.968691,0.086013
0.095834,52.444027,52.359878,0.499992,32.748997,0.086067
0.031844,52.562893,52.359878,0.499992,22.495602,0.085914
0.124392,52.497166,52.359878,0.499992,9.381755,0.085772
0.040323,52.359295,52.359878,0.499992,-0.950064,0.085721
0.110612,52.17131,52.359878,0.499992,-7.93436,0.085848
0.111327,51.910908,52.359878,0.499992,-16.431458,0.086137
0.104628,51.521637,52.359878,0.499992,-27.854977,0.086692
0.106272,51.076096,52.359878,0.499992,-36.945896,0.087617
0.123702,50.96756,52.359878,0.499992,-23.594473,0.088873
0.135106,50.937317,52.359878,0.499992,-13.224461,0.090185
0.15055,51.512463,52.359878,0.499992,20.184063,0.091241
0.112378,52.147358,52.359878,0.499992,40.885174,0.091745
0.099287,52.631111,52.359878,0.499992,44.209686,0.091711
0.082992,52.804688,52.359878,0.499992,31.619305,0.091382
0.094428,52.96162,52.359878,0.499992,24.15502,0.0909
0.095524,52.879097,52.359878,0.499992,8.972709,0.090388
0.082701,52.712978,52.359878,0.499992,-3.886275,0.089959
0.051758,52.493626,52.359878,0.499992,-13.169562,0.089706
0.103476,52.09129,52.359878,0.499992,-26.318462,0.089751
0.048783,51.86071,52.359878,0.499992,-25.956604,0.090062
0.122952,51.716557,52.359878,0.499992,-19.28455,0.090628
0.127539,51.865631,52.359878,0.499992,-3.641587,0.09114
0.101854,52.312748,52.359878,0.499992,18.030991,0.091365
0.123856,52.963329,52.359878,0.499992,39.33968,0.091094
0.101723,53.528057,52.359878,0.499992,46.451218,0.09026
0.058626,53.806366,52.359878,0.499992,38.157341,0.089078
0.037264,53.857815,52.359878,0.499992,22.625116,0.087733
0.042271,53.718258,52.359878,0.499992,4.381056,0.086394
0.079054,53.378357,52.359878,0.499992,-14.748364,0.085269
0.071075,53.102539,52.359878,0.499992,-20.356762,0.084475
0.106322,52.644554,52.359878,0.499992,-30.782646,0.084051
0.104196,52.291416,52.359878,0.499992,-32.586277,0.083965
0.083382,52.047787,52.359878,0.499992,-28.45219,0.084147
0.0375,51.943687,52.359878,0.499992,-20.133453,0.084478
0.070181,52.264511,52.359878,0.499992,5.494177,0.084756
0.035939,52.662437,52.359878,0.499992,21.258385,0.08466
0.091993,53.038185,52.359878,0.499992,28.181051,0.084191
0.06562,53.150734,52.359878,0.499992,20.738173,0.083533
0.06509,53.061481,52.359878,0.499992,7.614097,0.082874
0.127781,52.665253,52.359878,0.499992,-14.111188,0.082423
0.093345,52.324177,52.359878,0.499992,-23.480589,0.082297
0.036344,51.950035,52.359878,0.499992,-29.778765,0.082505
0.119322,51.560959,52.359878,0.499992,-33.888515,0.083059
0.018252,51.081676,52.359878,0.499992,-41.895794,0.08396
0.197452,50.828041,52.359878,0.499992,-33.65786,0.085255
0.100631,50.789497,52.359878,0.499992,-18.752388,0.086704
0.082529,51.184711,52.359878,0.499992,8.580249,0.087964
0.124696,51.824566,52.359878,0.499992,34.744057,0.088757
0.114501,52.301601,52.359878,0.499992,40.006706,0.089004
0.099289,52.447178,52.359878,0.499992,26.647629,0.088942
0.039639,52.508175,52.359878,0.499992,16.74358,0.088819
0.100697,52.414597,52.359878,0.499992,4.662803,0.088728
0.147078,52.299084,52.359878,0.499992,-1.760423,0.088764
0.110088,52.126099,52.359878,0.499992,-8.113815,0.088926
0.098605,51.79174,52.359878,0.499992,-19.440996,0.089305
0.118327,51.456024,52.359878,0.499992,-26.168737,0.08997
0.114945,51.283905,52.359878,0.499992,-21.911505,0.090875
0.06479,51.373386,52.359878,0.499992,-6.581811,0.091844
0.138638,51.82732,52.359878,0.499992,18.679552,0.092575
0.099993,52.461979,52.359878,0.499992,40.158085,0.092792
0.168537,52.875351,52.359878,0.499992,40.116062,0.092493
0.127462,53.032352,52.359878,0.499992,28.350021,0.091939
0.04625,53.103699,52.359878,0.499992,17.154388,0.091251
0.100605,53.14883,52.359878,0.499992,11.116907,0.090545
0.088733,52.984058,52.359878,0.499992,-1.707124,0.089903
0.089035,52.810352,52.359878,0.499992,-9.470054,0.089397
0.074885,52.489902,52.359878,0.499992,-19.621664,0.089143
0.099817,52.288616,52.359878,0.499992,-20.564648,0.089095
0.156995,52.235413,52.359878,0.499992,-11.525012,0.089247
0.101621,52.392166,52.359878,0.499992,2.54888,0.089336
0.111421,52.773369,52.359878,0.499992,19.658787,0.089157
0.112216,53.242607,52.359878,0.499992,31.450937,0.08854
0.074947,53.6255,52.359878,0.499992,32.838623,0.087505
0.081939,53.701855,52.359878,0.499992,19.902214,0.086273
0.088151,53.784924,52.359878,0.499992,13.961348,0.084999
0.068985,53.577877,52.359878,0.499992,-2.539372,0.083778
-0.257822,53.230305,52.359878,0.499992,-18.681675,0.08279
0.109845,52.853767,52.359878,0.499992,-28.479017,0.082139
0.054663,52.476345,52.359878,0.499992,-33.257347,0.081844
0.103535,52.108677,52.359878,0.499992,-35.342308,0.081891
0.118137,51.987991,52.359878,0.499992,-23.434145,0.082209
0.103762,51.888699,52.359878,0.499992,-16.610727,0.082614
0.121431,52.160099,52.359878,0.499992,3.946036,0.082928
0.101412,52.638134,52.359878,0.499992,24.215122,0.08289
0.064347,52.930508,52.359878,0.499992,26.620409,0.082504
-0.08713,52.940941,52.359878,0.499992,14.973222,0.081987
0.005192,52.862118,52.359878,0.499992,3.870095,0.081478
0.045021,52.527,52.359878,0.499992,-14.46149,0.081142
0.0667,52.163441,52.359878,0.499992,-25.03388,0.081144
0.075144,51.838154,52.359878,0.499992,-28.857613,0.081458
0.111855,51.49432,52.359878,0.499992,-30.544395,0.082117
0.086228,51.098961,52.359878,0.499992,-35.017315,0.083077
0.098527,50.880249,52.359878,0.499992,-28.855911,0.084326
0.010884,50.935154,52.359878,0.499992,-11.257125,0.085699
0.103959,51.299622,52.359878,0.499992,11.923936,0.086866
0.131227,51.81802,52.359878,0.499992,30.195026,0.087596
0.112452,52.351681,52.359878,0.499992,39.982281,0.087812
0.098077,52.505993,52.359878,0.499992,28.822454,0.087756
0.060176,52.465199,52.359878,0.499992,13.265855,0.087631
0.078423,52.264771,52.359878,0.499992,-2.891269,0.087607
0.052111,52.127888,52.359878,0.499992,-7.257545,0.08777
0.116151,51.847351,52.359878,0.499992,-16.789207,0.088117
0.11838,51.572102,52.359878,0.499992,-22.58671,0.088682
0.133501,51.304356,52.359878,0.499992,-24.461393,0.089519
0.115894,51.107208,52.359878,0.499992,-20.02331,0.09064
0.076364,51.173187,52.359878,0.499992,-5.91761,0.091807
0.13741,51.679268,52.359878,0.499992,22.171776,0.092718
0.121956,52.367352,52.359878,0.499992,44.420826,0.093045
0.094767,52.903309,52.359878,0.499992,47.666603,0.092763
0.090699,53.101921,52.359878,0.499992,34.47683,0.092167
0.102826,53.259468,52.359878,0.499992,25.154156,0.091398
0.117598,53.185493,52.359878,0.499992,9.822596,0.090607
0.105135,53.102184,52.359878,0.499992,1.030804,0.08988
0.094447,52.890545,52.359878,0.499992,-10.12457,0.089275
0.092897,52.53722,52.359878,0.499992,-22.588066,0.088926
0.107918,52.322662,52.359878,0.499992,-21.85533,0.088868
0.057618,52.141411,52.359878,0.499992,-18.855268,0.089024
0.121104,52.20924,52.359878,0.499992,-7.11109,0.089192
0.090848,52.789989,52.359878,0.499992,23.839586,0.089084
0.029419,53.270988,52.359878,0.499992,35.0718,0.088477
0.111721,53.65107,52.359878,0.499992,35.336418,0.087439
0.027957,53.757046,52.359878,0.499992,23.616247,0.086205
0.097572,53.727444,52.359878,0.499992,11.219817,0.084945
0.102105,53.532837,52.359878,0.499992,-3.226373,0.083781
0.079804,53.196339,52.359878,0.499992,-17.151939,0.082872
0.092253,52.698563,52.359878,0.499992,-31.976822,0.082348
0.092776,52.216461,52.359878,0.499992,-39.338352,0.082264
0.110881,51.772785,52.359878,0.499992,-41.029667,0.082615
0.103492,51.555534,52.359878,0.499992,-30.785498,0.083293
0.10553,51.532951,52.359878,0.499992,-17.529732,0.084039
0.108405,51.831192,52.359878,0.499992,4.521989,0.084658
0.095842,52.338127,52.359878,0.499992,26.49194,0.084927
0.09764,52.686653,52.359878,0.499992,30.716118,0.084796
0.100887,52.787712,52.359878,0.499992,22.227552,0.084487
0.062575,52.78334,52.359878,0.499992,11.840955,0.084103
0.075775,52.536598,52.359878,0.499992,-5.04603,0.083831
0.039453,52.133186,52.359878,0.499992,-20.798597,0.083875
0.041645,51.841236,52.359878,0.499992,-24.678671,0.084213
0.10921,51.394894,52.359878,0.499992,-33.923893,0.084893
0.097409,51.100708,52.359878,0.499992,-33.369339,0.085855
0.094117,50.885059,52.359878,0.499992,-27.788429,0.087106
0.153485,50.894981,52.359878,0.499992,-14.3074,0.088447
0.127237,51.27132,52.359878,0.499992,10.121439,0.089623
0.070878,51.818588,52.359878,0.499992,30.280291,0.090349
0.11571,52.3409,52.359878,0.499992,39.050331,0.090557
0.011229,52.564804,52.359878,0.499992,31.63431,0.09048
0.035864,52.544086,52.359878,0.499992,15.852708,0.090298
0.081438,52.429413,52.359878,0.499992,3.47449,0.090192
0.065536,52.280041,52.359878,0.499992,-4.839095,0.090204
0.119123,52.171246,52.359878,0.499992,-7.987372,0.090316
0.106465,51.947124,52.359878,0.499992,-15.586855,0.09056
0.096284,51.722748,52.359878,0.499992,-19.3326,0.091019
0.031725,51.515312,52.359878,0.499992,-18.165762,0.091755
0.084762,51.670441,52.359878,0.499992,-1.473098,0.092485
0.13598,52.102577,52.359878,0.499992,21.370708,0.092986
0.103826,52.751915,52.359878,0.499992,41.627323,0.092928
0.09351,53.300289,52.359878,0.499992,47.063313,0.092297
0.089627,53.365288,52.359878,0.499992,27.552172,0.091391
0.083557,53.476498,52.359878,0.499992,18.367298,0.090375
0.039971,53.453609,52.359878,0.499992,8.668023,0.089358
0.104,53.291412,52.359878,0.499992,-3.123659,0.088431
0.03351,53.176189,52.359878,0.499992,-7.779285,0.08761
0.008742,52.79768,52.359878,0.499992,-22.043095,0.087029
0.079326,52.494911,52.359878,0.499992,-25.986851,0.086763
0.090414,52.300343,52.359878,0.499992,-22.63294,0.086742
0.116149,52.439095,52.359878,0.499992,-5.23645,0.086747
0.108495,52.851624,52.359878,0.499992,17.268763,0.086519
0.090373,53.265522,52.359878,0.499992,27.757467,0.085863
0.067287,53.470394,52.359878,0.499992,23.450432,0.084914
0.089647,53.545696,52.359878,0.499992,16.255816,0.083872
0.119637,53.372917,52.359878,0.499992,0.470968,0.082867
0.086531,53.194042,52.359878,0.499992,-8.80932,0.082
0.092099,52.875744,52.359878,0.499992,-19.31778,0.08139
0.092286,52.365177,52.359878,0.499992,-34.45401,0.081143
0.079119,51.939175,52.359878,0.499992,-38.809834,0.081314
0.081701,51.56781,52.359878,0.499992,-38.177414,0.08186
0.123372,51.359653,52.359878,0.499992,-29.82856,0.082688
0.093691,51.450077,52.359878,0.499992,-10.792631,0.083586
0.033747,51.711674,52.359878,0.499992,7.071043,0.084322
0.142299,52.167057,52.359878,0.499992,24.619806,0.084697
0.014382,52.457764,52.359878,0.499992,25.065483,0.084691
0.105493,52.557468,52.359878,0.499992,17.04558,0.084524
0.091227,52.661156,52.359878,0.499992,13.855234,0.084289
0.074268,52.376373,52.359878,0.499992,-6.315107,0.084132
0.128337,52.12973,52.359878,0.499992,-15.07925,0.084217
0.100173,51.774708,52.359878,0.499992,-24.829067,0.084582
0.076824,51.408623,52.359878,0.499992,-29.750559,0.085296
0.079204,51.070679,52.359878,0.499992,-32.244114,0.086298
0.042298,50.952465,52.359878,0.499992,-22.127605,0.087547
0.1401,50.996426,52.359878,0.499992,-8.731626,0.088841
0.097071,51.383511,52.359878,0.499992,14.638732,0.089953
0.079147,51.970024,52.359878,0.499992,34.69857,0.090564
0.110914,52.508904,52.359878,0.499992,42.587845,0.090641
0.104218,52.769829,52.359878,0.499992,34.625244,0.090376
0.084887,52.736465,52.359878,0.499992,15.494331,0.089971
0.04181,52.621998,52.359878,0.499992,2.14736,0.08965
0.073164,52.448463,52.359878,0.499992,-6.478074,0.089502
0.106016,52.247921,52.359878,0.499992,-11.691967,0.089549
0.087454,51.978363,52.359878,0.499992,-19.234734,0.08976
0.091465,51.821426,52.359878,0.499992,-17.622993,0.090174
0.14799,51.559341,52.359878,0.499992,-20.494896,0.09082
0.11451,51.665367,52.359878,0.499992,-5.633384,0.091515
0.04824,52.171387,52.359878,0.499992,21.374596,0.09195
0.09953,52.882729,52.359878,0.499992,44.25296,0.091793
0.007819,53.51852,52.359878,0.499992,52.771297,0.091011
0.071029,53.689781,52.359878,0.499992,36.819077,0.089895
0.058554,53.661602,52.359878,0.499992,18.702494,0.088707
0.033751,53.503681,52.359878,0.499992,1.930879,0.08757
0.095868,53.290504,52.359878,0.499992,-9.469321,0.086607
0.072165,53.062298,52.359878,0.499992,-16.137491,0.085847
0.087101,52.663113,52.359878,0.499992,-26.983816,0.085394
0.042565,52.236229,52.359878,0.499992,-33.891506,0.085326
0.072523,52.063076,52.359878,0.499992,-25.588997,0.085535
0.124399,52.049179,52.359878,0.499992,-12.962295,0.085859
0.103589,52.527966,52.359878,0.499992,16.55714,0.085964
0.09645,53.037247,52.359878,0.499992,32.800232,0.085591
0.108293,53.223019,52.359878,0.499992,24.696838,0.084843
0.060267,53.263294,52.359878,0.499992,13.589059,0.083991
0.063626,53.157093,52.359878,0.499992,1.126111,0.083176
0.102524,52.955547,52.359878,0.499992,-9.866214,0.082507
0.083162,52.677078,52.359878,0.499992,-18.884119,0.082069
0.041541,52.256218,52.359878,0.499992,-30.089258,0.081957
0.127758,51.781898,52.359878,0.499992,-36.813831,0.082308
0.059642,51.213039,52.359878,0.499992,-46.120228,0.083096
0.123667,51.048225,52.359878,0.499992,-31.637508,0.08424
0.122542,51.197041,52.359878,0.499992,-9.110929,0.085395
0.117381,51.602146,52.359878,0.499992,14.96204,0.086305
0.118387,52.030334,52.359878,0.499992,27.920496,0.086803
0.116868,52.455521,52.359878,0.499992,33.502609,0.08687
0.072573,52.578011,52.359878,0.499992,23.40626,0.08672
0.050672,52.663052,52.359878,0.499992,16.199068,0.086471
0.027523,52.491417,52.359878,0.499992,-0.008106,0.086253
0.02713,52.193668,52.359878,0.499992,-14.981236,0.086229
0.081202,51.89299,52.359878,0.499992,-22.872688,0.08649
0.114733,51.526203,52.359878,0.499992,-29.912806,0.087061
0.118124,51.362816,52.359878,0.499992,-23.309488,0.087901
0.076536,51.225624,52.359878,0.499992,-17.223421,0.088922
0.078191,51.165241,52.359878,0.499992,-11.63726,0.089999
0.101511,51.59309,52.359878,0.499992,14.714097,0.090925
0.036133,52.103447,52.359878,0.499992,32.115421,0.09141
0.110674,52.539673,52.359878,0.499992,36.41906,0.091414
0.078568,52.840866,52.359878,0.499992,33.404228,0.091106
0.067315,52.851013,52.359878,0.499992,18.223875,0.09066
0.116142,52.689556,52.359878,0.499992,1.434088,0.090259
0.093326,52.606926,52.359878,0.499992,-2.595046,0.090009
0.044976,52.371296,52.359878,0.499992,-11.773099,0.089911
0.073082,52.322014,52.359878,0.499992,-8.499447,0.089924
0.027429,52.146442,52.359878,0.499992,-12.803199,0.090036
0.151188,51.958195,52.359878,0.499992,-15.904802,0.090306
0.091849,52.137783,52.359878,0.499992,1.00973,0.090626
0.087113,52.480415,52.359878,0.499992,17.311327,0.090705
0.107621,53.201786,52.359878,0.499992,42.901676,0.09027
0.067765,53.666489,52.359878,0.499992,44.595608,0.089293
0.076255,53.773304,52.359878,0.499992,29.063616,0.088059
0.028497,53.683765,52.359878,0.499992,11.88172,0.086828
0.016312,53.458626,52.359878,0.499992,-4.476845,0.085713
0.089477,53.232578,52.359878,0.499992,-13.026614,0.084812
0.052851,53.058262,52.359878,0.499992,-15.206694,0.084092
0.077184,52.669407,52.359878,0.499992,-25.809961,0.083646
0.127829,52.141079,52.359878,0.499992,-39.230793,0.083577
0.10816,51.974289,52.359878,0.499992,-28.454565,0.083862
0.0563,51.970631,52.359878,0.499992,-13.852994,0.084265
0.10514,52.200699,52.359878,0.499992,4.297606,0.084549
0.018732,52.475681,52.359878,0.499992,15.337309,0.084579
0.05451,52.488724,52.359878,0.499992,7.387267,0.084422
0.09885,52.266891,52.359878,0.499992,-7.087186,0.084382
0.053638,52.005573,52.359878,0.499992,-16.915806,0.084552
0.114831,51.708302,52.359878,0.499992,-22.202282,0.085029
0.123153,51.352036,52.359878,0.499992,-27.263062,0.085822
0.107097,50.873981,52.359878,0.499992,-36.924923,0.086956
0.101634,50.336731,52.359878,0.499992,-44.871948,0.088548
0.143695,49.964233,52.359878,0.499992,-42.236755,0.090531
0.164647,49.703339,52.359878,0.499992,-35.058357,0.092821
0.105522,49.75761,52.359878,0.499992,-16.886082,0.095195
0.150412,50.085709,52.359878,0.499992,5.916155,0.097408
0.157043,50.511372,52.359878,0.499992,22.216549,0.099262
0.128713,50.965961,52.359878,0.499992,32.129318,0.100708
0.118387,51.158588,52.359878,0.499992,26.436895,0.101894
0.14088,51.207493,52.359878,0.499992,16.827471,0.102977
0.127205,51.090015,52.359878,0.499992,3.760019,0.104084
0.139877,50.820187,52.359878,0.499992,-10.306792,0.105368
0.15368,50.528156,52.359878,0.499992,-18.490007,0.106921
0.099699,50.24403,52.359878,0.499992,-23.818106,0.108695
0.161582,50.012711,52.359878,0.499992,-23.695044,0.11072
0.173906,49.797333,52.359878,0.499992,-22.53742,0.112959
0.14929,49.726006,52.359878,0.499992,-15.802166,0.115314
0.11166,50.032497,52.359878,0.499992,6.53124,0.117607
0.118121,50.572384,52.359878,0.499992,28.20232,0.119471
0.168065,51.313667,52.359878,0.499992,49.776779,0.120766
0.128417,51.671227,52.359878,0.499992,43.794312,0.12157
0.120319,51.886921,52.359878,0.499992,34.552139,0.12213
0.159536,51.8078,52.359878,0.499992,15.633243,0.122621
0.154374,51.699902,52.359878,0.499992,3.052971,0.123163
0.199668,51.641354,52.359878,0.499992,-0.313286,0.123812
0.139481,51.414761,52.359878,0.499992,-11.259912,0.124555
0.119662,51.291252,52.359878,0.499992,-12.604532,0.125443
0.181234,51.120922,52.359878,0.499992,-14.59899,0.126494
0.146867,51.145031,52.359878,0.499992,-6.126132,0.127631
0.146851,51.401455,52.359878,0.499992,9.509075,0.128649
0.114558,51.973587,52.359878,0.499992,31.192688,0.12925
0.152553,52.70155,52.359878,0.499992,49.875786,0.129248
0.137232,53.060997,52.359878,0.499992,43.35593,0.128767
0.104528,53.167622,52.359878,0.499992,28.960278,0.128105
0.069768,53.110249,52.359878,0.499992,12.931022,0.127397
0.091696,52.895576,52.359878,0.499992,-3.719299,0.12679
0.056888,52.616169,52.359878,0.499992,-15.145115,0.126423
0.144092,52.166233,52.359878,0.499992,-30.078587,0.126362
0.121813,51.835098,52.359878,0.499992,-31.977938,0.126673
0.121284,51.455158,52.359878,0.499992,-35.199135,0.127309
0.166635,51.376434,52.359878,0.499992,-22.96196,0.128158
0.111836,51.546413,52.359878,0.499992,-4.57153,0.12897
0.098241,51.942841,52.359878,0.499992,15.455011,0.129517
0.125567,52.530964,52.359878,0.499992,35.631783,0.129629
0.142186,52.826824,52.359878,0.499992,32.245705,0.129318
0.137598,52.85564,52.359878,0.499992,18.803181,0.128886
0.119963,52.802876,52.359878,0.499992,7.990433,0.128467
-0.028548,52.472675,52.359878,0.499992,-11.337308,0.128206
0.141418,52.165218,52.359878,0.499992,-20.187101,0.128247
0.120872,51.859383,52.359878,0.499992,-24.612644,0.128575
0.156859,51.489254,52.359878,0.499992,-29.936152,0.129215
0.124141,51.167759,52.359878,0.499992,-30.843016,0.130157
0.109522,50.987041,52.359878,0.499992,-23.727005,0.131361
0.176045,51.031818,52.359878,0.499992,-8.618684,0.132656
0.114397,51.43137,52.359878,0.499992,14.493903,0.133705
0.170254,52.05022,52.359878,0.499992,36.467373,0.134268
0.183778,52.403351,52.359878,0.499992,34.863129,0.134355
0.152908,52.481583,52.359878,0.499992,21.181156,0.134244
0.099825,52.531548,52.359878,0.499992,13.885865,0.134114
0.063399,52.445248,52.359878,0.499992,4.456649,0.134028
0.159225,52.290409,52.359878,0.499992,-3.588378,0.13406
0.179131,52.055805,52.359878,0.499992,-13.035696,0.134225
0.143644,51.817593,52.359878,0.499992,-18.234373,0.134602
0.127105,51.565357,52.359878,0.499992,-20.69594,0.135234
0.078296,51.439922,52.359878,0.499992,-15.802681,0.13605
0.174317,51.518845,52.359878,0.499992,-4.391167,0.136868
0.174932,52.14183,52.359878,0.499992,27.014776,0.137363
0.142708,52.682243,52.359878,0.499992,38.858505,0.137298
0.133659,53.156334,52.359878,0.499992,41.969982,0.136757
0.14742,53.365101,52.359878,0.499992,32.75668,0.135954
0.150038,53.402737,52.359878,0.499992,19.463762,0.135028
0.104173,53.340111,52.359878,0.499992,7.400141,0.134102
0.105901,53.22974,52.359878,0.499992,-0.356855,0.133284
0.140666,52.969017,52.359878,0.499992,-11.264507,0.132644
0.139322,52.712303,52.359878,0.499992,-17.467703,0.132222
0.162259,52.489712,52.359878,0.499992,-19.366285,0.132013
0.117205,52.350529,52.359878,0.499992,-16.830965,0.131961
0.125926,52.445827,52.359878,0.499992,-4.318902,0.131934
0.175977,52.780701,52.359878,0.499992,13.748538,0.131722
0.148215,53.335075,52.359878,0.499992,33.387905,0.131095
0.139648,53.575275,52.359878,0.499992,29.092705,0.1301
0.156132,53.609112,52.359878,0.499992,17.411058,0.128981
0.118257,53.439526,52.359878,0.499992,0.945441,0.127906
0.150285,53.174885,52.359878,0.499992,-11.474058,0.127049
0.138602,52.830917,52.359878,0.499992,-21.254257,0.126493
0.105668,52.42765,52.359878,0.499992,-30.016644,0.126251
0.111227,52.072128,52.359878,0.499992,-33.296165,0.12633
0.154863,51.702126,52.359878,0.499992,-35.862736,0.126733
0.151622,51.452499,52.359878,0.499992,-30.346796,0.127459
0.134458,51.462975,52.359878,0.499992,-15.249808,0.128301
0.101733,51.852535,52.359878,0.499992,9.007968,0.128914
0.156996,52.410149,52.359878,0.499992,29.238468,0.129076
0.043701,52.729271,52.359878,0.499992,29.544739,0.128852
0.100255,52.7024,52.359878,0.499992,14.45904,0.128523
0.117942,52.640446,52.359878,0.499992,4.951338,0.12824
0.16115,52.366005,52.359878,0.499992,-10.738691,0.128091
0.153635,52.162987,52.359878,0.499992,-16.476601,0.128136
0.143903,51.900681,52.359878,0.499992,-21.287815,0.128424
0.108268,51.490101,52.359878,0.499992,-30.287979,0.129035
0.136512,51.083263,52.359878,0.499992,-35.923866,0.129987
0.149154,50.977119,52.359878,0.499992,-24.99741,0.131173
0.170386,51.208992,52.359878,0.499992,-2.941375,0.132317
0.136327,51.721912,52.359878,0.499992,21.417284,0.133114
0.08934,52.318207,52.359878,0.499992,37.647919,0.133375
0.174086,52.733078,52.359878,0.499992,39.410793,0.13322
0.082013,52.758106,52.359878,0.499992,21.828501,0.132856
0.150919,52.783821,52.359878,0.499992,11.008924,0.132422
0.101981,52.706131,52.359878,0.499992,1.951184,0.132057
0.10458,52.475693,52.359878,0.499992,-8.961019,0.131867
0.132793,52.179279,52.359878,0.499992,-18.020367,0.131917
0.092519,51.903065,52.359878,0.499992,-22.844923,0.132195
0.158862,51.752628,52.359878,0.499992,-19.01375,0.132685
0.183492,51.643978,52.359878,0.499992,-14.991047,0.133298
0.152076,51.834553,52.359878,0.499992,0.049767,0.13384
0.106216,52.46822,52.359878,0.499992,30.350088,0.134057
0.064882,53.088089,52.359878,0.499992,45.456799,0.133691
0.145485,53.496159,52.359878,0.499992,42.460213,0.132817
0.138375,53.651016,52.359878,0.499992,29.270716,0.131689
0.107918,53.611267,52.359878,0.499992,12.623178,0.130493
0.055049,53.391312,52.359878,0.499992,-3.355421,0.129454
0.105094,53.111729,52.359878,0.499992,-14.281527,0.128658
0.142678,52.784462,52.359878,0.499992,-23.23045,0.128113
0.103871,52.529701,52.359878,0.499992,-24.442751,0.127835
0.119992,52.198418,52.359878,0.499992,-28.39551,0.127836
0.133013,51.985081,52.359878,0.499992,-24.129971,0.128111
0.143959,52.151535,52.359878,0.499992,-3.784735,0.128421
0.171337,52.617653,52.359878,0.499992,21.004873,0.128446
0.126504,53.179062,52.359878,0.499992,37.674801,0.127968
0.107999,53.397121,52.359878,0.499992,29.569038,0.1271
0.152231,53.332977,52.359878,0.499992,12.503036,0.126172
0.117071,53.264511,52.359878,0.499992,3.488435,0.125313
0.103775,52.965603,52.359878,0.499992,-11.389258,0.124646
0.170863,52.635262,52.359878,0.499992,-21.54945,0.124242
0.136056,52.25576,52.359878,0.499992,-29.289295,0.124161
0.162945,51.754589,52.359878,0.499992,-38.707272,0.124492
0.160076,51.355621,52.359878,0.499992,-38.87508,0.125234
0.095887,51.218857,52.359878,0.499992,-25.809147,0.126256
0.098789,51.358898,52.359878,0.499992,-6.43949,0.127262
0.084519,51.860104,52.359878,0.499992,20.091885,0.127955
0.145229,52.328133,52.359878,0.499992,32.456608,0.128195
0.131199,52.609085,52.359878,0.499992,30.183819,0.128087
0.138636,52.603283,52.359878,0.499992,15.297545,0.127845
0.154076,52.656166,52.359878,0.499992,9.974668,0.127573
0.096046,52.382729,52.359878,0.499992,-7.503271,0.127425
0.074512,52.146317,52.359878,0.499992,-14.662995,0.127517
0.124631,51.73798,52.359878,0.499992,-26.386545,0.127915
0.144078,51.417255,52.359878,0.499992,-29.466492,0.128614
0.171666,51.214863,52.359878,0.499992,-24.968405,0.129569
0.150129,51.06422,52.359878,0.499992,-19.038765,0.130724
0.111652,51.142628,52.359878,0.499992,-5.548224,0.1319
0.157297,51.604141,52.359878,0.499992,20.083544,0.132851
0.120775,52.101826,52.359878,0.499992,34.2607,0.133327
0.156302,52.471596,52.359878,0.499992,34.274551,0.133354
0.097429,52.646477,52.359878,0.499992,26.505312,0.13317
0.116922,52.616161,52.359878,0.499992,12.377227,0.13291
0.174072,52.511864,52.359878,0.499992,2.354002,0.13274
0.080313,52.38343,52.359878,0.499992,-3.561415,0.132695
0.149647,52.293472,52.359878,0.499992,-5.018565,0.132749
0.14867,52.061283,52.359878,0.499992,-13.500441,0.132916
0.14044,51.88036,52.359878,0.499992,-16.541525,0.133241
0.14894,51.800495,52.359878,0.499992,-12.033697,0.133732
0.075788,52.025749,52.359878,0.499992,4.580269,0.134156
0.156513,52.494854,52.359878,0.499992,24.308659,0.134254
0.166845,53.190353,52.359878,0.499992,44.938171,0.1338
0.130875,53.504753,52.359878,0.499992,37.268444,0.132858
0.133341,53.589603,52.359878,0.499992,23.146513,0.131752
0.098814,53.564034,52.359878,0.499992,9.653223,0.13059
0.134165,53.502018,52.359878,0.499992,2.38422,0.129521
0.109871,53.26598,52.359878,0.499992,-8.92103,0.128613
0.120351,52.940258,52.359878,0.499992,-20.264786,0.127927
0.116083,52.50816,52.359878,0.499992,-30.991835,0.127593
0.132452,52.246258,52.359878,0.499992,-28.862007,0.127572
0.147737,52.112782,52.359878,0.499992,-19.371742,0.12781
0.119481,52.198486,52.359878,0.499992,-4.360486,0.128062
0.129555,52.541107,52.359878,0.499992,13.960619,0.128069
0.186459,52.963997,52.359878,0.499992,26.925793,0.127706
0.141634,53.143337,52.359878,0.499992,21.147943,0.127024
0.142091,53.226162,52.359878,0.499992,15.301733,0.126274
0.092574,53.125317,52.359878,0.499992,3.634076,0.125534
0.129195,52.856556,52.359878,0.499992,-10.517483,0.12496
0.144407,52.500774,52.359878,0.499992,-21.744228,0.124681
0.135265,52.108879,52.359878,0.499992,-29.862711,0.124733
0.102872,51.786354,52.359878,0.499992,-30.533792,0.125121
0.197328,51.421894,52.359878,0.499992,-33.017384,0.125817
0.134052,51.351219,52.359878,0.499992,-19.717646,0.126743
0.168335,51.324806,52.359878,0.499992,-11.01639,0.1277
0.142478,51.782288,52.359878,0.499992,15.276052,0.128434
0.111095,52.28846,52.359878,0.499992,31.44478,0.128725
0.155319,52.576767,52.359878,0.499992,29.101343,0.128623
0.091493,52.679947,52.359878,0.499992,20.743746,0.128387
0.161416,52.506947,52.359878,0.499992,2.886221,0.128168
0.112291,52.296974,52.359878,0.499992,-7.93826,0.128136
0.13995,51.995522,52.359878,0.499992,-18.480944,0.128325
0.153589,51.800861,52.359878,0.499992,-19.267921,0.128733
0.137036,51.4753,52.359878,0.499992,-24.983988,0.129405
0.122371,51.153748,52.359878,0.499992,-28.628431,0.130346
0.140283,51.022991,52.359878,0.499992,-21.142134,0.131515
0.14409,51.227131,52.359878,0.499992,-1.890109,0.132638
0.169983,51.820732,52.359878,0.499992,26.406,0.133398
0.126578,52.474655,52.359878,0.499992,43.418877,0.133557
0.085352,52.920441,52.359878,0.499992,42.859097,0.13321
0.171549,53.016804,52.359878,0.499992,28.327631,0.132684
0.08748,52.986279,52.359878,0.499992,12.679645,0.132066
0.144051,52.913219,52.359878,0.499992,2.170103,0.13149
0.102623,52.795982,52.359878,0.499992,-4.693601,0.131024
0.100906,52.590412,52.359878,0.499992,-12.413924,0.13071
0.114873,52.308395,52.359878,0.499992,-19.858755,0.130627
0.088921,52.19902,52.359878,0.499992,-15.870797,0.130715
0.152249,52.127747,52.359878,0.499992,-10.913588,0.130926
0.171479,52.303154,52.359878,0.499992,2.044639,0.131052
0.126391,52.914207,52.359878,0.499992,29.418865,0.130824
0.084379,53.435692,52.359878,0.499992,40.574184,0.130102
0.064846,53.494068,52.359878,0.499992,22.936771,0.129048
0.138671,53.337181,52.359878,0.499992,3.96873,0.128054
0.122053,53.1241,52.359878,0.499992,-8.468616,0.127234
0.119091,52.617123,52.359878,0.499992,-27.890285,0.126775
0.123627,52.023144,52.359878,0.499992,-42.1091,0.126825
0.151442,51.580853,52.359878,0.499992,-42.81768,0.127341
0.170505,51.051514,52.359878,0.499992,-47.481285,0.128296
0.132704,50.697105,52.359878,0.499992,-41.899601,0.129645
0.147345,50.319416,52.359878,0.499992,-39.479935,0.131351
0.205014,50.210575,52.359878,0.499992,-26.488556,0.13325
0.185825,50.632717,52.359878,0.499992,5.940814,0.13503
0.206306,50.9604,52.359878,0.499992,18.360943,0.136457
0.174652,51.155983,52.359878,0.499992,16.833494,0.137574
0.156913,51.108482,52.359878,0.499992,5.869156,0.13866
0.19923,50.924534,52.359878,0.499992,-5.980337,0.139862
0.172369,50.648094,52.359878,0.499992,-16.372318,0.141283
0.198975,50.287121,52.359878,0.499992,-25.702126,0.143002
0.211145,49.931255,52.359878,0.499992,-31.585527,0.14501
0.188374,49.535973,52.359878,0.499992,-36.489235,0.14737
0.22937,49.185425,52.359878,0.499992,-35.871685,0.150097
0.210863,48.891777,52.359878,0.499992,-32.247757,0.153141
0.221772,48.859108,52.359878,0.499992,-18.917191,0.15631
0.22682,49.165749,52.359878,0.499992,4.363191,0.159365
0.209405,49.666073,52.359878,0.499992,26.014263,0.162058
0.234794,50.004776,52.359878,0.499992,29.452538,0.16435
0.205644,50.193611,52.359878,0.499992,24.062412,0.166392
0.227682,50.247623,52.359878,0.499992,15.376143,0.168336
0.212194,50.188992,52.359878,0.499992,5.143084,0.170272
0.181684,49.925289,52.359878,0.499992,-10.200725,0.172346
0.254886,49.68594,52.359878,0.499992,-17.092718,0.174652
0.227605,49.446293,52.359878,0.499992,-21.049551,0.177172
0.24174,49.210484,52.359878,0.499992,-22.888891,0.179909
0.235866,48.98177,52.359878,0.499992,-23.52342,0.182857
0.240396,48.828281,52.359878,0.499992,-19.500479,0.186011
0.208999,48.988392,52.359878,0.499992,-2.255308,0.189175
0.183836,49.436954,52.359878,0.499992,19.699034,0.192046
0.255704,50.055786,52.359878,0.499992,38.369904,0.194396
0.274702,50.476757,52.359878,0.499992,38.39542,0.196247
0.213025,50.69817,52.359878,0.499992,29.428146,0.197811
0.243379,50.769279,52.359878,0.499992,18.846996,0.199292
0.187217,50.74102,52.359878,0.499992,8.774522,0.200749
0.239067,50.558052,52.359878,0.499992,-3.711201,0.202309
0.187786,50.38908,52.359878,0.499992,-9.893061,0.204022
0.244026,50.088379,52.359878,0.499992,-20.084417,0.205927
0.252325,49.912899,52.359878,0.499992,-19.21489,0.208064
0.227446,49.716789,52.359878,0.499992,-19.126114,0.210388
0.25928,49.718037,52.359878,0.499992,-10.178539,0.212796
0.232475,49.985748,52.359878,0.499992,7.861401,0.215108
0.271555,50.467503,52.359878,0.499992,27.348421,0.217074
0.257982,50.971272,52.359878,0.499992,37.62981,0.218555
0.259026,51.205494,52.359878,0.499992,30.709848,0.2197
0.283006,51.207329,52.359878,0.499992,16.598461,0.220749
0.240678,51.004883,52.359878,0.499992,-1.249475,0.221867
0.255763,50.743965,52.359878,0.499992,-12.390306,0.223228
0.240808,50.458702,52.359878,0.499992,-18.9331,0.224858
0.272811,50.144249,52.359878,0.499992,-24.113119,0.226752
0.185155,49.703865,52.359878,0.499992,-32.880432,0.228985
0.29909,49.368538,52.359878,0.499992,-32.624283,0.23157
0.300333,49.202732,52.359878,0.499992,-23.322472,0.234429
0.344025,49.259045,52.359878,0.499992,-9.087468,0.237304
0.291583,49.672081,52.359878,0.499992,14.504141,0.239959
0.275827,50.119171,52.359878,0.499992,27.952576,0.242186
0.270648,50.471508,52.359878,0.499992,31.251263,0.244059
0.213036,50.570522,52.359878,0.499992,21.977304,0.24575
0.298061,50.543339,52.359878,0.499992,11.526181,0.247422
0.265958,50.28812,52.359878,0.499992,-4.863605,0.249216
0.294998,49.922024,52.359878,0.499992,-18.897949,0.251288
0.290715,49.610195,52.359878,0.499992,-23.466022,0.253685
0.339689,49.265724,52.359878,0.499992,-28.623547,0.256344
0.306732,48.999966,52.359878,0.499992,-27.834101,0.259274
0.325745,48.637245,52.359878,0.499992,-32.268234,0.262485
0.32817,48.698376,52.359878,0.499992,-13.798034,0.265864
0.297594,48.969654,52.359878,0.499992,6.241933,0.269108
0.350596,49.552223,52.359878,0.499992,30.469044,0.271932
0.250431,50.049648,52.359878,0.499992,39.602604,0.274266
0.351156,50.256165,52.359878,0.499992,30.034416,0.276249
0.333565,50.38866,52.359878,0.499992,22.46722,0.278107
0.33714,50.296322,52.359878,0.499992,7.815944,0.279946
0.365015,50.00211,52.359878,0.499992,-10.482618,0.281927
0.245595,49.764557,52.359878,0.499992,-17.1196,0.284162
0.318084,49.584312,52.359878,0.499992,-16.014082,0.286654
0.280022,49.334339,52.359878,0.499992,-19.377409,0.289333
0.347971,49.185646,52.359878,0.499992,-18.001104,0.292133
0.343976,49.120434,52.359878,0.499992,-12.57445,0.295055
0.274561,49.290401,52.359878,0.499992,1.605196,0.29794
0.305667,49.894257,52.359878,0.499992,30.05378,0.300494
0.357168,50.551811,52.359878,0.499992,46.665203,0.302443
0.289218,51.100346,52.359878,0.499992,49.674156,0.303813
0.372565,51.266544,52.359878,0.499992,32.946369,0.304838
0.325807,51.298935,52.359878,0.499992,17.548944,0.305767
0.349691,51.271675,52.359878,0.499992,7.636405,0.306724
0.307365,50.996616,52.359878,0.499992,-7.928845,0.307861
0.224562,50.680771,52.359878,0.499992,-18.617136,0.309254
0.345771,50.49868,52.359878,0.499992,-17.744673,0.310886
0.383828,50.280018,52.359878,0.499992,-18.878651,0.312707
0.354432,50.008682,52.359878,0.499992,-23.723858,0.31469
0.287704,50.066742,52.359878,0.499992,-10.766035,0.31678
0.345508,50.36137,52.359878,0.499992,8.569888,0.318755
0.300981,50.955406,52.359878,0.499992,32.069649,0.320301
0.374659,51.494293,52.359878,0.499992,41.361668,0.321307
0.349526,51.734222,52.359878,0.499992,32.415413,0.321955
0.365588,51.702755,52.359878,0.499992,16.409081,0.322552
0.328736,51.538925,52.359878,0.499992,0.980906,0.323221
0.312606,51.210369,52.359878,0.499992,-15.116057,0.324105
0.33738,50.795631,52.359878,0.499992,-26.836109,0.325356
0.303347,50.415112,52.359878,0.499992,-30.901766,0.326988
0.308645,50.072037,52.359878,0.499992,-31.903231,0.328934
0.392502,49.802574,52.359878,0.499992,-29.760239,0.331135
0.34164,49.637516,52.359878,0.499992,-22.72621,0.333565
0.445445,49.735538,52.359878,0.499992,-6.205757,0.336042
0.354903,50.105602,52.359878,0.499992,14.392974,0.338285
0.384794,50.714718,52.359878,0.499992,35.936451,0.340056
0.260963,51.014729,52.359878,0.499992,32.340508,0.341391
0.401866,51.089714,52.359878,0.499992,20.474342,0.342565
0.389556,50.942413,52.359878,0.499992,4.224518,0.343793
0.394239,50.779171,52.359878,0.499992,-5.362939,0.345153
0.355257,50.402687,52.359878,0.499992,-19.474277,0.346789
0.385961,50.012051,52.359878,0.499992,-27.815727,0.348772
0.405709,49.726166,52.359878,0.499992,-28.06492,0.351044
0.417335,49.463028,52.359878,0.499992,-27.740583,0.353548
0.38643,49.225697,52.359878,0.499992,-26.415514,0.356274
0.403274,49.16729,52.359878,0.499992,-17.404873,0.359139
0.404259,49.552448,52.359878,0.499992,9.31892,0.361892
0.42474,50.13533,52.359878,0.499992,33.12178,0.364217
0.395106,50.665482,52.359878,0.499992,42.843578,0.366026
0.408333,50.893806,52.359878,0.499992,33.224209,0.367453
0.395138,50.975357,52.359878,0.499992,22.401928,0.368774
0.413909,50.915638,52.359878,0.499992,9.3244,0.370065
0.389815,50.758842,52.359878,0.499992,-2.884095,0.37143
0.385896,50.473438,52.359878,0.499992,-15.748848,0.372988
0.396402,50.437618,52.359878,0.499992,-9.862165,0.374725
0.433538,50.345966,52.359878,0.499992,-7.974885,0.376565
0.366428,50.083965,52.359878,0.499992,-17.612165,0.378484
0.345851,50.089497,52.359878,0.499992,-9.712996,0.380537
0.408373,50.426525,52.359878,0.499992,11.112853,0.38247
0.446142,51.076725,52.359878,0.499992,37.717701,0.383985
0.387314,51.750351,52.359878,0.499992,52.370693,0.384873
0.364506,52.180733,52.359878,0.499992,48.028713,0.38523
0.397758,52.295498,52.359878,0.499992,31.705629,0.38536
0.410471,52.319973,52.359878,0.499992,18.7183,0.385425
0.355645,52.145359,52.359878,0.499992,2.682981,0.385562
0.403861,51.720646,52.359878,0.499992,-18.420956,0.385948
0.416932,51.483383,52.359878,0.499992,-21.730019,0.386612
0.431514,51.32793,52.359878,0.499992,-18.898436,0.387477
0.40007,50.978504,52.359878,0.499992,-26.921881,0.38856
0.454683,50.777988,52.359878,0.499992,-24.082008,0.3899
0.41284,50.882141,52.359878,0.499992,-7.573242,0.391309
0.437014,51.348259,52.359878,0.499992,18.628136,0.392477
0.355151,51.929768,52.359878,0.499992,37.743919,0.393156
0.458795,52.293018,52.359878,0.499992,37.509331,0.393393
0.383304,52.321342,52.359878,0.499992,22.110758,0.393461
0.423747,52.176739,52.359878,0.499992,4.58295,0.393548
0.343806,51.945221,52.359878,0.499992,-9.226502,0.393786
0.441276,51.564335,52.359878,0.499992,-22.209785,0.394347
0.338547,51.230778,52.359878,0.499992,-27.298309,0.395227
0.442825,50.962475,52.359878,0.499992,-27.330452,0.396369
0.420738,50.619793,52.359878,0.499992,-30.035261,0.397815
0.350179,50.267036,52.359878,0.499992,-31.295956,0.399595
0.414854,50.315716,52.359878,0.499992,-15.020764,0.401465
0.416859,50.777035,52.359878,0.499992,13.85984,0.40313
0.414245,51.312065,52.359878,0.499992,32.843971,0.404348
0.374193,51.717407,52.359878,0.499992,36.380344,0.405115
0.483571,51.778416,52.359878,0.499992,21.181009,0.405635
0.442114,51.794121,52.359878,0.499992,11.080154,0.406123
0.420183,51.558414,52.359878,0.499992,-5.903183,0.406716
0.431596,51.225079,52.359878,0.499992,-18.564465,0.407597
0.359472,50.893719,52.359878,0.499992,-25.24633,0.408788
0.440276,50.677956,52.359878,0.499992,-24.774174,0.410182
0.408462,50.471386,52.359878,0.499992,-23.165136,0.411797
0.438066,50.282131,52.359878,0.499992,-20.430729,0.413623
0.430246,50.428913,52.359878,0.499992,-2.784945,0.415491
0.526594,50.740261,52.359878,0.499992,13.297208,0.41712
0.386379,51.407478,52.359878,0.499992,38.121574,0.41829
0.436148,52.011921,52.359878,0.499992,49.480286,0.418914
0.460447,52.303837,52.359878,0.499992,40.157738,0.4191
0.389005,52.285126,52.359878,0.499992,19.871099,0.419134
0.424747,52.187237,52.359878,0.499992,4.169383,0.419183
0.438278,52.017326,52.359878,0.499992,-6.338289,0.419394
0.438731,51.894852,52.359878,0.499992,-8.416248,0.419783
0.344035,51.81982,52.359878,0.499992,-6.786264,0.420277
0.498963,51.623535,52.359878,0.499992,-11.443651,0.420898
0.362609,51.586731,52.359878,0.499992,-6.922043,0.421614
0.461963,51.612339,52.359878,0.499992,-2.145899,0.422323
0.448985,51.967815,52.359878,0.499992,15.33437,0.422841
0.375234,52.623966,52.359878,0.499992,39.716202,0.422931
0.460237,53.236622,52.359878,0.499992,49.866352,0.422417
0.423529,53.500061,52.359878,0.499992,37.029083,0.421439
0.409403,53.461914,52.359878,0.499992,17.140207,0.420387
0.443708,53.263145,52.359878,0.499992,-0.356261,0.419458
0.357294,52.932087,52.359878,0.499992,-16.161007,0.418768
0.418415,52.667385,52.359878,0.499992,-21.802999,0.41834
0.380521,52.364956,52.359878,0.499992,-26.654715,0.41817
0.423534,52.011421,52.359878,0.499992,-30.846825,0.418321
0.462985,51.685944,52.359878,0.499992,-32.548008,0.418757
0.498206,51.751488,52.359878,0.499992,-13.974493,0.419352
0.358112,51.889019,52.359878,0.499992,-0.808685,0.419856
0.441806,52.464649,52.359878,0.499992,26.512131,0.420031
0.445538,53.037258,52.359878,0.499992,41.708218,0.419703
0.389864,53.125851,52.359878,0.499992,25.876368,0.419028
0.455299,53.029427,52.359878,0.499992,9.159323,0.418363
0.422889,52.847313,52.359878,0.499992,-3.066782,0.417852
0.437708,52.506527,52.359878,0.499992,-16.876015,0.417583
0.318248,52.116127,52.359878,0.499992,-26.880312,0.417636
0.480439,51.703415,52.359878,0.499992,-34.066608,0.418031
0.373989,51.436283,52.359878,0.499992,-30.76111,0.418745
0.472286,51.15139,52.359878,0.499992,-29.891172,0.419712
0.435378,51.089222,52.359878,0.499992,-18.334692,0.420859
0.388332,51.271667,52.359878,0.499992,-0.262204,0.421966
0.450936,51.744404,52.359878,0.499992,21.296974,0.422735
0.449794,52.309994,52.359878,0.499992,35.636219,0.422974
0.435036,52.628815,52.359878,0.499992,32.316261,0.422822
0.431718,52.618252,52.359878,0.499992,16.66036,0.422576
0.379728,52.522957,52.359878,0.499992,3.163766,0.422341
0.430631,52.319099,52.359878,0.499992,-9.03125,0.422242
0.364908,51.99295,52.359878,0.499992,-20.483212,0.422413
0.427537,51.824898,52.359878,0.499992,-18.209133,0.42284
0.492711,51.612316,52.359878,0.499992,-18.822065,0.42345
0.401715,51.504704,52.359878,0.499992,-14.768364,0.424187
0.438919,51.410305,52.359878,0.499992,-11.875919,0.425024
0.451746,51.764572,52.359878,0.499992,10.9612,0.425755
0.459219,52.382565,52.359878,0.499992,34.901051,0.426031
0.420878,53.072025,52.359878,0.499992,49.036701,0.425645
0.470921,53.536716,52.359878,0.499992,46.607311,0.42474
0.390717,53.640598,52.359878,0.499992,30.64579,0.423647
0.422847,53.592842,52.359878,0.499992,14.636,0.422517
0.410188,53.331757,52.359878,0.499992,-4.073454,0.421519
0.266984,53.032001,52.359878,0.499992,-15.756262,0.42078
0.383539,52.777161,52.359878,0.499992,-20.181862,0.420287
0.405481,52.476242,52.359878,0.499992,-24.696699,0.420047
0.413674,52.093822,52.359878,0.499992,-32.038643,0.420083
0.429313,52.065922,52.359878,0.499992,-18.103039,0.420349
0.385536,52.339806,52.359878,0.499992,4.00283,0.420522
0.440418,52.863758,52.359878,0.499992,26.330898,0.420302
0.427731,53.448318,52.359878,0.499992,40.54129,0.419554
0.40384,53.581276,52.359878,0.499992,27.240858,0.418482
0.366394,53.573196,52.359878,0.499992,14.547874,0.41738
0.404448,53.28875,52.359878,0.499992,-6.704159,0.416366
0.36138,52.989059,52.359878,0.499992,-18.327677,0.415627
0.420633,52.527046,52.359878,0.499992,-31.172962,0.415272
0.445692,52.213612,52.359878,0.499992,-32.045429,0.415237
0.365897,51.839569,52.359878,0.499992,-35.277637,0.415516
0.433827,51.537178,52.359878,0.499992,-33.380348,0.416112
0.438661,51.414764,52.359878,0.499992,-23.331867,0.41693
0.45802,51.678768,52.359878,0.499992,-0.365897,0.417667
0.427109,52.209972,52.359878,0.499992,23.778679,0.418025
0.476412,52.675365,52.359878,0.499992,32.989956,0.417906
0.38151,52.892651,52.359878,0.499992,26.127439,0.417466
0.433208,52.92535,52.359878,0.499992,15.555205,0.416965
0.414511,52.772274,52.359878,0.499992,2.135553,0.416546
0.406045,52.29174,52.359878,0.499992,-21.1434,0.416392
0.400812,52.040089,52.359878,0.499992,-23.694733,0.416545
0.39324,51.807358,52.359878,0.499992,-24.085468,0.416926
0.416582,51.641048,52.359878,0.499992,-20.070705,0.417521
0.389184,51.41935,52.359878,0.499992,-19.695772,0.418319
0.459444,51.415955,52.359878,0.499992,-9.329476,0.419222
0.432304,51.674347,52.359878,0.499992,6.639204,0.419955
0.434678,52.256962,52.359878,0.499992,29.41247,0.420278
0.421264,52.822124,52.359878,0.499992,41.158195,0.420088
0.366535,53.101994,52.359878,0.499992,33.15596,0.419479
0.411363,53.18631,52.359878,0.499992,20.677155,0.41873
0.327833,53.034798,52.359878,0.499992,3.397532,0.418025
0.424918,52.76865,52.359878,0.499992,-10.809814,0.417524
0.448335,52.672474,52.359878,0.499992,-9.492083,0.417217
0.367653,52.457558,52.359878,0.499992,-14.875155,0.417039
0.426683,52.254566,52.359878,0.499992,-18.3734,0.417012
0.428288,52.248341,52.359878,0.499992,-10.351309,0.417104
0.446449,52.390743,52.359878,0.499992,2.341182,0.417182
0.408595,52.73872,52.359878,0.499992,19.172863,0.41705
0.46401,53.351189,52.359878,0.499992,39.916328,0.416466
0.387209,53.957905,52.359878,0.499992,50.09058,0.415305
0.418081,54.119671,52.359878,0.499992,33.56987,0.413753
0.360624,54.114243,52.359878,0.499992,17.829582,0.412153
0.473442,53.81102,52.359878,0.499992,-6.971062,0.41069
0.351881,53.480328,52.359878,0.499992,-17.302885,0.40953
0.40948,53.118313,52.359878,0.499992,-26.191544,0.408675
0.394416,52.86311,52.359878,0.499992,-25.479532,0.40811
0.371825,52.463528,52.359878,0.499992,-31.055159,0.407871
0.464298,52.182354,52.359878,0.499992,-29.637384,0.407908
0.427921,52.030586,52.359878,0.499992,-23.202942,0.408133
0.419119,52.133045,52.359878,0.499992,-7.415803,0.408397
0.432383,52.507061,52.359878,0.499992,13.152438,0.408427
0.374928,52.737988,52.359878,0.499992,16.220377,0.40814
0.442611,52.654129,52.359878,0.499992,2.875308,0.40777
0.413681,52.292362,52.359878,0.499992,-16.411039,0.40763
0.412861,51.864971,52.359878,0.499992,-29.027529,0.407871
0.402405,51.37693,52.359878,0.499992,-37.331844,0.408569
0.462373,50.818771,52.359878,0.499992,-46.010517,0.409717
0.38984,50.372841,52.359878,0.499992,-45.967968,0.411303
0.444696,49.955112,52.359878,0.499992,-42.859524,0.413337
0.482663,49.583168,52.359878,0.499992,-38.468819,0.415751
0.433805,49.366875,52.359878,0.499992,-29.001909,0.418431
0.465521,49.43082,52.359878,0.499992,-11.22402,0.421169
0.474787,49.813808,52.359878,0.499992,13.160361,0.423707
0.492394,50.181599,52.359878,0.499992,24.702694,0.425877
0.366033,50.348377,52.359878,0.499992,20.740301,0.427783
0.519678,50.178574,52.359878,0.499992,3.895428,0.42971
0.382029,49.95118,52.359878,0.499992,-8.10112,0.43181
0.488161,49.590256,52.359878,0.499992,-20.973881,0.434172
0.4893,49.22234,52.359878,0.499992,-27.427841,0.436885
0.386539,48.780926,52.359878,0.499992,-34.157959,0.439975
0.538907,48.45042,52.359878,0.499992,-34.444378,0.443359
0.51204,48.24025,52.359878,0.499992,-29.515018,0.446973
0.516262,48.05883,52.359878,0.499992,-23.790823,0.450817
0.51816,47.969913,52.359878,0.499992,-16.040201,0.454803
0.47343,48.365196,52.359878,0.499992,10.36572,0.458636
0.603277,48.935783,52.359878,0.499992,32.43029,0.462024
0.563224,49.345577,52.359878,0.499992,35.858597,0.464938
0.515731,49.611858,52.359878,0.499992,30.877087,0.467536
0.535719,49.636509,52.359878,0.499992,17.868551,0.470031
0.435197,49.485401,52.359878,0.499992,1.463143,0.472543
0.574527,49.209396,52.359878,0.499992,-12.974755,0.475252
0.495395,49.010406,52.359878,0.499992,-15.451109,0.47823
0.506599,48.785736,52.359878,0.499992,-18.058596,0.481404
0.528198,48.613506,52.359878,0.499992,-16.867935,0.484759
0.534031,48.355679,52.359878,0.499992,-19.413176,0.488338
0.52097,48.229488,52.359878,0.499992,-14.842029,0.492102
0.575944,48.372498,52.359878,0.499992,-0.325467,0.495826
0.560612,48.726372,52.359878,0.499992,17.818947,0.499343
0.552954,49.283962,52.359878,0.499992,36.648129,0.502435
0.572769,49.683426,52.359878,0.499992,38.191463,0.505057
0.570962,49.817589,52.359878,0.499992,26.329702,0.507416
0.506661,49.68573,52.359878,0.499992,8.354834,0.509799
0.502934,49.438248,52.359878,0.499992,-8.019011,0.512314
0.571792,49.202507,52.359878,0.499992,-16.038471,0.515052
0.546917,48.886093,52.359878,0.499992,-22.663618,0.518089
0.585119,48.590454,52.359878,0.499992,-24.606358,0.521427
0.597345,48.247921,52.359878,0.499992,-29.090984,0.525016
0.486577,47.953465,52.359878,0.499992,-30.436066,0.528855
0.609632,47.753345,52.359878,0.499992,-24.981791,0.532972
0.64763,47.752743,52.359878,0.499992,-13.537993,0.537165
0.598545,48.239265,52.359878,0.499992,15.39225,0.541135
0.555777,48.670887,52.359878,0.499992,28.876974,0.544709
0.60629,49.004147,52.359878,0.499992,31.271435,0.547926
0.617689,49.062874,52.359878,0.499992,19.249084,0.550947
0.609762,49.031609,52.359878,0.499992,9.394226,0.553974
0.564968,48.717667,52.359878,0.499992,-9.242759,0.557155
0.57293,48.445446,52.359878,0.499992,-17.71093,0.560604
0.679645,48.188076,52.359878,0.499992,-22.397234,0.564255
0.638572,48.086735,52.359878,0.499992,-16.828875,0.56809
0.537761,47.777374,52.359878,0.499992,-23.118698,0.572132
0.652308,47.619316,52.359878,0.499992,-20.386662,0.576355
0.640752,47.454773,52.359878,0.499992,-17.398386,0.580785
0.651228,47.623421,52.359878,0.499992,-1.532659,0.585171
0.689844,48.035828,52.359878,0.499992,18.548487,0.589302
0.611451,48.605934,52.359878,0.499992,36.4114,0.592975
0.68842,48.98204,52.359878,0.499992,37.103039,0.596223
0.70318,49.036247,52.359878,0.499992,21.353521,0.59924
0.631943,49.108459,52.359878,0.499992,13.855938,0.602198
0.674529,48.949524,52.359878,0.499992,-0.730447,0.605204
0.60755,48.739433,52.359878,0.499992,-10.628372,0.608389
0.675845,48.626564,52.359878,0.499992,-11.654916,0.611715
0.665992,48.689587,52.359878,0.499992,-2.866976,0.615096
0.660978,48.612335,52.359878,0.499992,-3.651028,0.618519
0.697591,48.561718,52.359878,0.499992,-4.096467,0.621961
0.553656,48.690533,52.359878,0.499992,4.604761,0.625382
0.562714,48.956913,52.359878,0.499992,15.509268,0.628623
0.610177,49.544121,52.359878,0.499992,35.466415,0.63145
0.628703,50.242264,52.359878,0.499992,50.082829,0.633666
0.715751,50.781982,52.359878,0.499992,51.027008,0.635316
0.692766,50.92971,52.359878,0.499992,34.263077,0.636685
0.689075,50.934734,52.359878,0.499992,17.505547,0.637951
0.636415,50.84465,52.359878,0.499992,3.086704,0.639221
0.593048,50.723808,52.359878,0.499992,-5.315877,0.640611
0.659536,50.713669,52.359878,0.499992,-4.057246,0.642081
0.662197,50.647495,52.359878,0.499992,-6.127824,0.643582
0.663444,50.612061,52.359878,0.499992,-4.234656,0.645177
0.69303,50.499062,52.359878,0.499992,-6.841451,0.646843
0.687353,50.706085,52.359878,0.499992,6.818889,0.648469
0.716531,51.000568,52.359878,0.499992,18.205004,0.649871
0.662267,51.646832,52.359878,0.499992,39.726707,0.650812
0.612237,52.159698,52.359878,0.499992,45.180813,0.651228
0.664579,52.189236,52.359878,0.499992,24.725176,0.651368
0.632286,52.149303,52.359878,0.499992,11.151617,0.65153
0.65144,51.948116,52.359878,0.499992,-4.06283,0.651791
0.712694,51.639282,52.359878,0.499992,-17.97504,0.65226
0.690996,51.396748,52.359878,0.499992,-21.979527,0.652991
0.712297,51.235382,52.359878,0.499992,-19.810736,0.653924
0.621057,50.956242,52.359878,0.499992,-24.162556,0.655057
0.570077,50.812073,52.359878,0.499992,-19.137917,0.656413
0.684272,50.779446,52.359878,0.499992,-10.411616,0.657891
0.659477,51.075878,52.359878,0.499992,9.084136,0.659223
0.68374,51.581715,52.359878,0.499992,29.64312,0.660206
0.702335,52.019585,52.359878,0.499992,35.977959,0.660711
0.646251,52.196068,52.359878,0.499992,25.796227,0.660885
0.67021,52.07938,52.359878,0.499992,7.706116,0.661063
0.692788,51.933075,52.359878,0.499992,-3.287757,0.661363
0.574175,51.648796,52.359878,0.499992,-15.930418,0.66185
0.637877,51.428978,52.359878,0.499992,-18.608517,0.662598
0.577896,51.192776,52.359878,0.499992,-21.158428,0.663548
0.674416,50.980618,52.359878,0.499992,-22.713367,0.664659
0.739549,50.849468,52.359878,0.499992,-18.753309,0.665954
0.723353,50.788452,52.359878,0.499992,-11.941374,0.667387
0.755497,51.13731,52.359878,0.499992,10.671635,0.668686
0.719307,51.628902,52.359878,0.499992,28.772545,0.669587
0.691304,52.258232,52.359878,0.499992,43.948349,0.669944
0.652904,52.625187,52.359878,0.499992,39.209496,0.669826
0.698853,52.668907,52.359878,0.499992,22.58783,0.669548
0.5854,52.49614,52.359878,0.499992,3.476274,0.669328
0.653811,52.395218,52.359878,0.499992,-3.377706,0.669232
0.599009,52.198662,52.359878,0.499992,-11.236083,0.669282
0.685182,52.095379,52.359878,0.499992,-11.0208,0.66947
0.69063,52.002491,52.359878,0.499992,-10.021392,0.669761
0.671552,51.796032,52.359878,0.499992,-16.417246,0.670139
0.675553,51.891304,52.359878,0.499992,-4.295998,0.670612
0.704292,52.364079,52.359878,0.499992,20.731348,0.670857
0.699309,53.028549,52.359878,0.499992,43.257126,0.670595
0.705586,53.676758,52.359878,0.499992,52.839409,0.669679
0.679433,54.101776,52.359878,0.499992,46.840298,0.668245
0.619211,54.09811,52.359878,0.499992,24.518579,0.666646
0.662489,53.974995,52.359878,0.499992,7.071551,0.665104
0.552008,53.644413,52.359878,0.499992,-12.000242,0.663771
0.652598,53.461246,52.359878,0.499992,-14.786459,0.662687
0.712244,53.172077,52.359878,0.499992,-21.529394,0.661813
0.669458,52.917042,52.359878,0.499992,-23.737631,0.661177
0.719148,52.688442,52.359878,0.499992,-24.169527,0.660749
0.651369,52.714817,52.359878,0.499992,-11.033839,0.660459
0.658809,52.854694,52.359878,0.499992,1.547434,0.660106
0.661517,53.401386,52.359878,0.499992,25.973282,0.659402
0.592475,53.853439,52.359878,0.499992,33.319603,0.658202
0.645159,54.015022,52.359878,0.499992,23.955242,0.656722
0.656416,53.856483,52.359878,0.499992,5.823482,0.655298
0.640052,53.576214,52.359878,0.499992,-9.594723,0.654073
0.637064,53.145271,52.359878,0.499992,-21.124342,0.653164
0.677426,52.855156,52.359878,0.499992,-26.127815,0.652602
0.658949,52.55957,52.359878,0.499992,-27.492685,0.652295
0.642853,52.24757,52.359878,0.499992,-28.999054,0.652261
0.653897,51.943771,52.359878,0.499992,-29.815966,0.652497
0.612989,51.919727,52.359878,0.499992,-17.171713,0.652885
0.661873,52.164974,52.359878,0.499992,2.375972,0.65318
0.672526,52.676514,52.359878,0.499992,24.024351,0.653095
0.712127,53.214882,52.359878,0.499992,36.898529,0.652529
0.67587,53.287338,52.359878,0.499992,22.618666,0.6517
0.594303,53.130608,52.359878,0.499992,4.602125,0.65092
0.623977,52.947784,52.359878,0.499992,-7.198625,0.650265
0.654814,52.740406,52.359878,0.499992,-13.997848,0.649806
0.60757,52.45668,52.359878,0.499992,-21.108091,0.649579
0.648107,52.307751,52.359878,0.499992,-19.494198,0.64952
0.65867,52.180592,52.359878,0.499992,-16.504522,0.649619
0.646185,51.955547,52.359878,0.499992,-18.398104,0.649912
0.684127,52.153008,52.359878,0.499992,0.997138,0.650244
0.665245,52.506512,52.359878,0.499992,18.708172,0.650331
0.68198,53.077286,52.359878,0.499992,36.250965,0.64993
0.664524,53.692326,52.359878,0.499992,47.85582,0.64899
0.600518,53.784672,52.359878,0.499992,28.889387,0.647698
0.664784,53.79052,52.359878,0.499992,15.724031,0.646392
0.526805,53.631237,52.359878,0.499992,1.692452,0.645182
0.607726,53.470406,52.359878,0.499992,-6.017276,0.644114
0.685756,53.312565,52.359878,0.499992,-10.03993,0.643191
0.633068,53.138245,52.359878,0.499992,-13.647135,0.642398
0.603358,53.047283,52.359878,0.499992,-11.356023,0.641737
0.649397,52.850616,52.359878,0.499992,-15.737692,0.641188
0.617293,52.974777,52.359878,0.499992,-2.767046,0.640681
0.647085,53.419899,52.359878,0.499992,20.940107,0.639977
0.641207,53.902348,52.359878,0.499992,33.618183,0.638798
0.620314,54.273911,52.359878,0.499992,33.955799,0.637183
0.63594,54.276505,52.359878,0.499992,18.649515,0.635446
0.62047,54.049507,52.359878,0.499992,0.255149,0.633829
0.558563,53.675865,52.359878,0.499992,-17.059589,0.632465
0.537264,53.291595,52.359878,0.499992,-26.664051,0.631451
0.621503,53.027905,52.359878,0.499992,-26.012928,0.630738
0.687965,52.72995,52.359878,0.499992,-27.071869,0.630286
0.678741,52.337753,52.359878,0.499992,-32.951252,0.630124
0.708867,52.190853,52.359878,0.499992,-22.981844,0.630258
0.643723,52.258842,52.359878,0.499992,-7.800811,0.630426
0.571678,52.624023,52.359878,0.499992,14.244624,0.630402
0.618772,53.11216,52.359878,0.499992,30.276999,0.629942
0.626967,53.386829,52.359878,0.499992,28.448263,0.629115
0.615664,53.232883,52.359878,0.499992,8.596983,0.628266
0.644093,53.002056,52.359878,0.499992,-6.157979,0.627577
0.627356,52.703518,52.359878,0.499992,-17.23675,0.627124
0.64722,52.357769,52.359878,0.499992,-24.391291,0.626995
0.613201,52.014431,52.359878,0.499992,-29.081928,0.627154
0.635351,51.806717,52.359878,0.499992,-25.433277,0.627552
0.688724,51.464748,52.359878,0.499992,-29.549978,0.628212
0.693028,51.309914,52.359878,0.499992,-22.063002,0.629131
0.740725,51.538383,52.359878,0.499992,-1.143241,0.629986
0.642759,52.030231,52.359878,0.499992,22.802368,0.630529
0.559024,52.552238,52.359878,0.499992,36.473419,0.630594
0.624822,52.869247,52.359878,0.499992,32.661465,0.630226
0.599829,52.824604,52.359878,0.499992,14.193007,0.629741
0.61473,52.667336,52.359878,0.499992,0.32772,0.62939
0.641586,52.479881,52.359878,0.499992,-7.331184,0.629232
0.623861,52.113998,52.359878,0.499992,-20.583582,0.629302
0.675641,51.874611,52.359878,0.499992,-23.034319,0.629607
0.637187,51.785728,52.359878,0.499992,-16.267454,0.630091
0.642861,51.561432,52.359878,0.499992,-19.297049,0.630717
0.680636,51.508663,52.359878,0.499992,-11.95524,0.631492
0.674998,51.772797,52.359878,0.499992,6.190826,0.632158
0.70041,52.365696,52.359878,0.499992,30.568348,0.632417
0.627171,53.089329,52.359878,0.499992,49.148792,0.632055
0.58413,53.56916,52.359878,0.499992,48.29044,0.631161
0.629928,53.549248,52.359878,0.499992,24.310982,0.630051
0.531826,53.487965,52.359878,0.499992,9.838675,0.628982
0.619702,53.197044,52.359878,0.499992,-7.666606,0.628106
0.635138,52.968243,52.359878,0.499992,-13.397498,0.627489
0.605675,52.728794,52.359878,0.499992,-17.301012,0.627079
0.623296,52.540173,52.359878,0.499992,-17.372877,0.626848
0.695844,52.30545,52.359878,0.499992,-20.03134,0.626799
0.598705,52.266258,52.359878,0.499992,-12.493508,0.626866
0.649436,52.42585,52.359878,0.499992,0.923143,0.626886
0.635165,52.960274,52.359878,0.499992,25.911259,0.626602
0.670273,53.55669,52.359878,0.499992,41.82093,0.625791
0.629145,53.798496,52.359878,0.499992,33.375622,0.624583
0.570427,53.611645,52.359878,0.499992,9.007055,0.623353
0.613889,53.351208,52.359878,0.499992,-8.797917,0.622285
0.538292,52.996033,52.359878,0.499992,-22.406868,0.621506
0.620504,52.575592,52.359878,0.499992,-31.866049,0.621109
0.654855,52.316833,52.359878,0.499992,-28.706871,0.621042
0.611888,51.932682,52.359878,0.499992,-32.915619,0.621267
0.651628,51.637699,52.359878,0.499992,-31.059849,0.621797
0.643421,51.446697,52.359878,0.499992,-24.81739,0.622565
0.588408,51.611301,52.359878,0.499992,-6.268774,0.623303
0.684529,52.093506,52.359878,0.499992,19.193211,0.623768
0.680259,52.577999,52.359878,0.499992,33.273289,0.623805
0.685539,52.748959,52.359878,0.499992,24.026796,0.623475
0.617763,52.595787,52.359878,0.499992,3.805459,0.623127
0.563243,52.384686,52.359878,0.499992,-9.541273,0.622952
0.605518,52.115681,52.359878,0.499992,-18.583178,0.623021
0.592696,51.754642,52.359878,0.499992,-27.586266,0.623382
0.631835,51.527256,52.359878,0.499992,-24.78186,0.624052
0.659944,51.241684,52.359878,0.499992,-25.746788,0.624967
0.650821,50.970085,52.359878,0.499992,-26.511187,0.626105
0.684143,50.828789,52.359878,0.499992,-19.782003,0.627464
0.618041,50.981373,52.359878,0.499992,-2.012753,0.628836
0.589434,51.423122,52.359878,0.499992,20.166941,0.629915
0.695455,51.903442,52.359878,0.499992,32.215645,0.630522
0.690223,52.317848,52.359878,0.499992,35.876606,0.630724
0.698112,52.296345,52.359878,0.499992,18.46504,0.63078
0.636293,52.179195,52.359878,0.499992,4.322618,0.630887
0.580046,51.989845,52.359878,0.499992,-5.867004,0.631156
0.647138,51.83831,52.359878,0.499992,-9.133093,0.631595
0.567375,51.723492,52.359878,0.499992,-10.024754,0.632132
0.646926,51.604107,52.359878,0.499992,-11.86702,0.632737
0.651788,51.515472,52.359878,0.499992,-11.448612,0.633437
0.638483,51.544285,52.359878,0.499992,-4.502704,0.6342
0.650285,51.714958,52.359878,0.499992,5.631298,0.634869
0.714278,52.324421,52.359878,0.499992,32.43008,0.635211
0.59205,52.932049,52.359878,0.499992,45.944035,0.63498
0.653792,53.405537,52.359878,0.499992,46.105331,0.634224
0.612667,53.3988,52.359878,0.499992,24.141783,0.633266
0.684894,53.314854,52.359878,0.499992,7.992865,0.632324
0.640909,53.131477,52.359878,0.499992,-4.558235,0.631526
0.574227,52.872868,52.359878,0.499992,-13.89115,0.630958
0.623314,52.690277,52.359878,0.499992,-15.49948,0.630589
0.577998,52.451336,52.359878,0.499992,-19.545568,0.630394
0.635989,52.217022,52.359878,0.499992,-21.451139,0.630417
0.655527,52.161724,52.359878,0.499992,-12.608844,0.630616
0.621234,52.181282,52.359878,0.499992,-4.961813,0.630821
0.639045,52.586899,52.359878,0.499992,16.259163,0.630802
0.651066,53.1441,52.359878,0.499992,34.714657,0.630344
0.706799,53.395733,52.359878,0.499992,29.855547,0.629501
0.509027,53.300957,52.359878,0.499992,12.430767,0.628623
0.552254,53.019184,52.359878,0.499992,-6.425838,0.627896
0.592691,52.761948,52.359878,0.499992,-15.646435,0.627403
0.674586,52.352993,52.359878,0.499992,-27.192993,0.627228
0.603209,52.097153,52.359878,0.499992,-25.552156,0.627378
0.583316,51.772095,52.359878,0.499992,-28.966892,0.627763
0.600642,51.491989,52.359878,0.499992,-29.490231,0.628397
0.655774,51.283218,52.359878,0.499992,-25.771299,0.629276
0.668592,51.474258,52.359878,0.499992,-4.760903,0.630175
0.632714,51.908108,52.359878,0.499992,18.679945,0.63082
0.642854,52.345253,52.359878,0.499992,30.422522,0.631038
0.66904,52.653568,52.359878,0.499992,29.624743,0.630879
0.529596,52.627373,52.359878,0.499992,14.741383,0.630621
0.559852,52.389938,52.359878,0.499992,-2.66173,0.630499
0.565774,52.109745,52.359878,0.499992,-13.325063,0.630631
0.620672,51.813339,52.359878,0.499992,-19.474728,0.631038
0.698892,51.552273,52.359878,0.499992,-21.604601,0.631684
0.674519,51.287033,52.359878,0.499992,-23.857023,0.632542
0.647975,51.104153,52.359878,0.499992,-21.324476,0.633602
0.601022,50.993832,52.359878,0.499992,-14.550798,0.634863
0.622781,51.130135,52.359878,0.499992,-0.435546,0.63608
0.677545,51.629799,52.359878,0.499992,23.297403,0.636987
0.64727,52.320286,52.359878,0.499992,43.848068,0.637316
0.638604,52.7113,52.359878,0.499992,40.703491,0.637144
0.662519,52.743622,52.359878,0.499992,22.637968,0.636786
0.622925,52.703289,52.359878,0.499992,10.101705,0.636447
0.548055,52.447369,52.359878,0.499992,-6.8194,0.636239
0.569505,52.27195,52.359878,0.499992,-11.917665,0.636233
0.64259,52.196606,52.359878,0.499992,-9.12111,0.636369
0.712105,52.033768,52.359878,0.499992,-12.686131,0.636586
0.698457,51.99152,52.359878,0.499992,-9.153279,0.636889
0.720888,52.012238,52.359878,0.499992,-3.908635,0.637215
0.637711,52.170006,52.359878,0.499992,4.76499,0.637448
0.580235,52.769573,52.359878,0.499992,30.578215,0.637354
0.602397,53.437607,52.359878,0.499992,46.978539,0.636666
0.591734,53.881226,52.359878,0.499992,45.076149,0.635459
0.623421,53.813629,52.359878,0.499992,20.836931,0.634101
0.639035,53.678162,52.359878,0.499992,4.848375,0.632837
0.605367,53.369926,52.359878,0.499992,-10.77087,0.631806
0.635607,53.018509,52.359878,0.499992,-20.308876,0.631102
0.673965,52.666584,52.359878,0.499992,-26.713331,0.630682
0.603498,52.482456,52.359878,0.499992,-22.911871,0.630479
0.663289,52.18351,52.359878,0.499992,-25.430672,0.630526
0.651861,52.018368,52.359878,0.499992,-20.412806,0.63079
0.698286,52.114174,52.359878,0.499992,-6.803967,0.63105
0.657022,52.572216,52.359878,0.499992,17.750219,0.631069
0.605721,53.027851,52.359878,0.499992,30.201929,0.630657
0.628492,53.354866,52.359878,0.499992,30.3965,0.629867
0.544224,53.228951,52.359878,0.499992,11.104337,0.629038
0.636211,52.908371,52.359878,0.499992,-7.903591,0.628427
0.640488,52.589451,52.359878,0.499992,-18.141361,0.628103
0.617243,52.275867,52.359878,0.499992,-23.262852,0.628068
0.645162,51.977024,52.359878,0.499992,-24.760212,0.62833
0.676699,51.671051,52.359878,0.499992,-25.720119,0.628873
0.641849,51.317741,52.359878,0.499992,-30.092695,0.629668
0.68117,51.162811,52.359878,0.499992,-21.950632,0.630729
0.661691,51.295319,52.359878,0.499992,-4.252963,0.631801
0.67999,51.743996,52.359878,0.499992,19.550673,0.6326
0.676509,52.215038,52.359878,0.499992,31.239693,0.632914
0.681977,52.536869,52.359878,0.499992,29.694366,0.632836
0.607895,52.583954,52.359878,0.499992,17.504761,0.632631
0.592312,52.42849,52.359878,0.499992,2.073805,0.632496
0.649818,52.198895,52.359878,0.499992,-9.279049,0.632545
0.664779,51.919434,52.359878,0.499992,-17.948366,0.632821
0.631125,51.781918,52.359878,0.499992,-16.470451,0.633271
0.639684,51.655422,52.359878,0.499992,-14.087396,0.633871
0.669766,51.458252,52.359878,0.499992,-15.748837,0.634635
0.561748,51.401699,52.359878,0.499992,-8.778342,0.635551
0.556244,51.520344,52.359878,0.499992,1.64541,0.636399
0.566593,52.070107,52.359878,0.499992,26.395584,0.636912
0.63058,52.705917,52.359878,0.499992,42.291252,0.636844
0.695288,53.18288,52.359878,0.499992,42.373741,0.636234
0.660087,53.311565,52.359878,0.499992,27.129778,0.635374
0.64244,53.232552,52.359878,0.499992,9.703789,0.634507
0.507589,53.113083,52.359878,0.499992,-0.636351,0.633754
0.560902,52.864441,52.359878,0.499992,-11.532589,0.633194
0.628568,52.748322,52.359878,0.499992,-11.163162,0.632801
0.647509,52.536049,52.359878,0.499992,-15.602736,0.632553
0.624238,52.304356,52.359878,0.499992,-18.924583,0.632506
0.663974,52.143002,52.359878,0.499992,-17.737654,0.632629
0.655361,52.351822,52.359878,0.499992,1.05297,0.632755
0.641549,52.739105,52.359878,0.499992,20.561062,0.632652
0.595752,53.276585,52.359878,0.499992,36.689034,0.632084
0.573371,53.574986,52.359878,0.499992,32.654228,0.631084
0.67929,53.415203,52.359878,0.499992,9.046045,0.630016
0.670279,53.195229,52.359878,0.499992,-6.448436,0.629119
0.71763,52.91296,52.359878,0.499992,-17.266397,0.628463
0.630211,52.54509,52.359878,0.499992,-27.084702,0.628104
0.557995,52.225239,52.359878,0.499992,-29.905474,0.628065
0.616362,51.900616,52.359878,0.499992,-32.021587,0.628309
0.608543,51.563988,52.359878,0.499992,-34.471123,0.628829
0.63767,51.434509,52.359878,0.499992,-24.12751,0.629621
0.661883,51.53754,52.359878,0.499992,-6.944207,0.630458
0.66545,51.962658,52.359878,0.499992,16.293257,0.631025
0.678642,52.385563,52.359878,0.499992,27.326967,0.631162
0.595313,52.724457,52.359878,0.499992,29.519728,0.630953
0.582188,52.643192,52.359878,0.499992,12.062539,0.630657
0.679982,52.445244,52.359878,0.499992,-2.593001,0.63049
0.669482,52.090202,52.359878,0.499992,-18.068712,0.630569
0.695838,51.807285,52.359878,0.499992,-23.710304,0.630914
0.641754,51.573486,52.359878,0.499992,-24.038515,0.631509
0.600952,51.354053,52.359878,0.499992,-22.932772,0.632328
0.615366,51.112862,52.359878,0.499992,-23.889854,0.633346
0.584554,51.079784,52.359878,0.499992,-14.318056,0.634495
0.652589,51.209003,52.359878,0.499992,-0.644012,0.635637
0.671733,51.711582,52.359878,0.499992,24.075834,0.636498
0.630823,52.316051,52.359878,0.499992,41.732845,0.636836
0.648556,52.602924,52.359878,0.499992,35.221436,0.636733
0.68454,52.595108,52.359878,0.499992,17.796921,0.636489
0.608691,52.500359,52.359878,0.499992,5.489016,0.636326
0.678865,52.260715,52.359878,0.499992,-6.897309,0.636344
0.641443,51.951618,52.359878,0.499992,-17.30892,0.636599
0.671193,51.801136,52.359878,0.499992,-16.26222,0.637039
0.68256,51.615524,52.359878,0.499992,-18.487946,0.637597
0.615271,51.598797,52.359878,0.499992,-10.829818,0.638276
0.609889,51.534637,52.359878,0.499992,-7.375526,0.639043
0.589215,51.772057,52.359878,0.499992,7.118122,0.63969
0.64759,52.315121,52.359878,0.499992,29.122265,0.639984
0.664005,53.093204,52.359878,0.499992,51.430222,0.639661
0.617236,53.559868,52.359878,0.499992,48.44112,0.638757
0.62137,53.625366,52.359878,0.499992,29.211191,0.637636
0.646826,53.4842,52.359878,0.499992,10.149652,0.636582
0.561383,53.249699,52.359878,0.499992,-5.097765,0.635675
0.604125,52.941082,52.359878,0.499992,-17.175255,0.635001
0.551048,52.737892,52.359878,0.499992,-19.255693,0.634545
0.616974,52.589176,52.359878,0.499992,-18.500374,0.634224
0.713463,52.419659,52.359878,0.499992,-18.179644,0.634078
0.680927,52.307289,52.359878,0.499992,-14.407699,0.634093
0.701248,52.491653,52.359878,0.499992,0.828068,0.634059
0.606965,52.954082,52.359878,0.499992,21.676638,0.633724
0.538996,53.278065,52.359878,0.499992,25.566324,0.633003
0.631102,53.465164,52.359878,0.499992,21.17944,0.632042
0.605701,53.113277,52.359878,0.499992,-5.03877,0.631193
0.619633,52.599369,52.359878,0.499992,-27.004244,0.630729
0.653932,52.073841,52.359878,0.499992,-38.625034,0.630757
0.659357,51.466774,52.359878,0.499992,-48.766117,0.631298
0.685197,50.954491,52.359878,0.499992,-50.1894,0.632336
0.652345,50.538532,52.359878,0.499992,-46.292488,0.633801
0.629717,50.09483,52.359878,0.499992,-45.012783,0.635674
0.723079,49.587822,52.359878,0.499992,-46.99704,0.63799
0.726908,49.633503,52.359878,0.499992,-22.709028,0.6405
0.753535,49.857239,52.359878,0.499992,-0.453309,0.642924
0.684684,50.179054,52.359878,0.499992,14.817226,0.645061
0.647989,50.355602,52.359878,0.499992,15.604413,0.64695
0.675426,50.263878,52.359878,0.499992,3.345581,0.64879
0.642674,49.949375,52.359878,0.499992,-13.25763,0.650828
0.694398,49.55838,52.359878,0.499992,-26.250591,0.653168
0.71804,49.168789,52.359878,0.499992,-32.669052,0.65589
0.693835,48.87941,52.359878,0.499992,-30.251862,0.658946
0.709672,48.503574,52.359878,0.499992,-33.382854,0.662298
0.746407,48.230194,52.359878,0.499992,-30.370134,0.665937
0.744979,47.937008,52.359878,0.499992,-29.38839,0.669844
0.757876,47.696152,52.359878,0.499992,-26.0975,0.674007
0.697137,47.893677,52.359878,0.499992,-3.543025,0.678199
0.701239,48.224251,52.359878,0.499992,13.809587,0.682129
0.678493,48.686977,52.359878,0.499992,28.051449,0.685653
0.652043,49.056633,52.359878,0.499992,32.223106,0.688825
0.712935,49.092278,52.359878,0.499992,19.45162,0.691829
0.805286,48.977127,52.359878,0.499992,5.488159,0.694867
0.786764,48.816051,52.359878,0.499992,-4.59433,0.698015
0.776584,48.724148,52.359878,0.499992,-6.560594,0.701285
0.778395,48.521881,52.359878,0.499992,-12.833998,0.704689
0.788972,48.382416,52.359878,0.499992,-14.544452,0.70821
0.821384,48.350933,52.359878,0.499992,-10.297195,0.711809
0.795769,48.243916,52.359878,0.499992,-10.927776,0.715491
0.806487,48.235527,52.359878,0.499992,-6.066644,0.719249
0.851276,48.658619,52.359878,0.499992,16.658293,0.722817
0.789414,49.110985,52.359878,0.499992,34.91959,0.72599
0.79261,49.723473,52.359878,0.499992,43.143715,0.728631
0.811207,50.128014,52.359878,0.499992,41.342438,0.730827
0.761865,50.173859,52.359878,0.499992,24.372345,0.732837
0.780333,50.062874,52.359878,0.499992,7.899255,0.734878
0.813625,49.96542,52.359878,0.499992,-0.632603,0.737
0.789094,49.700424,52.359878,0.499992,-13.049533,0.739287
0.777231,49.526295,52.359878,0.499992,-15.188977,0.741783
0.878919,49.363739,52.359878,0.499992,-15.886395,0.74443
0.797561,49.068138,52.359878,0.499992,-23.067385,0.747267
0.822944,48.883915,52.359878,0.499992,-21.767145,0.750318
0.853822,48.914211,52.359878,0.499992,-10.590798,0.753461
0.807602,49.229733,52.359878,0.499992,8.924667,0.756451
0.820502,49.652252,52.359878,0.499992,23.684139,0.759089
0.847338,50.16423,52.359878,0.499992,35.569267,0.761291
0.79408,50.262642,52.359878,0.499992,22.053642,0.763196
0.832838,50.165409,52.359878,0.499992,5.908414,0.765104
0.863511,50.008602,52.359878,0.499992,-6.046031,0.767112
0.840649,49.81509,52.359878,0.499992,-13.136237,0.769307
0.842903,49.55901,52.359878,0.499992,-18.776466,0.771745
0.859076,49.356625,52.359878,0.499992,-20.253187,0.774363
0.818,49.163998,52.359878,0.499992,-21.029692,0.777155
0.861691,48.999393,52.359878,0.499992,-18.221592,0.780157
0.82156,48.782852,52.359878,0.499992,-19.444708,0.783329
0.883652,48.930351,52.359878,0.499992,-4.593501,0.786484
0.847247,49.366302,52.359878,0.499992,18.176794,0.789418
0.799463,49.867428,52.359878,0.499992,32.43824,0.791897
0.843874,50.339901,52.359878,0.499992,38.768616,0.793928
0.73076,50.417095,52.359878,0.499992,24.943979,0.795746
0.778022,50.307178,52.359878,0.499992,8.53182,0.797574
0.785729,50.211235,52.359878,0.499992,0.186989,0.799482
0.868792,49.95512,52.359878,0.499992,-11.589217,0.801562
0.849562,49.829201,52.359878,0.499992,-12.065123,0.803806
0.837033,49.749332,52.359878,0.499992,-9.866031,0.806155
0.869151,49.618618,52.359878,0.499992,-10.74417,0.80861
0.834383,49.511402,52.359878,0.499992,-11.078166,0.811143
0.842082,49.566631,52.359878,0.499992,-2.84996,0.813731
0.874154,49.97567,52.359878,0.499992,16.970806,0.816074
0.768482,50.696842,52.359878,0.499992,42.895916,0.817925
0.747032,51.221771,52.359878,0.499992,47.503658,0.819208
0.784246,51.630318,52.359878,0.499992,44.225559,0.820049
0.849252,51.618412,52.359878,0.499992,23.559223,0.820731
0.869956,51.528812,52.359878,0.499992,7.81557,0.821429
0.898488,51.486485,52.359878,0.499992,1.519183,0.822185
0.851898,51.376377,52.359878,0.499992,-4.88398,0.823011
0.864425,51.426861,52.359878,0.499992,-0.262851,0.823881
0.836254,51.363831,52.359878,0.499992,-3.683699,0.824741
0.877956,51.325577,52.359878,0.499992,-5.206443,0.825619
0.735875,51.411873,52.359878,0.499992,0.458269,0.826495
0.786885,51.780434,52.359878,0.499992,16.563293,0.827165
0.8212,52.433151,52.359878,0.499992,39.205139,0.827395
0.845112,53.049686,52.359878,0.499992,48.982697,0.827027
0.803347,53.48267,52.359878,0.499992,45.484676,0.82617
0.811069,53.350536,52.359878,0.499992,17.768633,0.825194
0.834268,53.263554,52.359878,0.499992,5.225828,0.824322
0.767453,53.01379,52.359878,0.499992,-8.635501,0.823619
0.775499,52.795101,52.359878,0.499992,-13.814488,0.823152
0.82574,52.545837,52.359878,0.499992,-18.871126,0.822878
0.835124,52.336018,52.359878,0.499992,-20.761391,0.822775
0.848108,52.067181,52.359878,0.499992,-23.773926,0.822915
0.913543,51.987251,52.359878,0.499992,-15.713971,0.82324
0.869741,52.134121,52.359878,0.499992,-0.9244,0.823536
0.89482,52.579777,52.359878,0.499992,20.349089,0.823547
0.809088,53.092213,52.359878,0.499992,34.450233,0.823104
0.850818,53.279953,52.359878,0.499992,25.925913,0.82231
0.724894,53.119141,52.359878,0.499992,5.962798,0.821528
0.760706,52.901264,52.359878,0.499992,-7.430779,0.820918
0.811087,52.61005,52.359878,0.499992,-17.966225,0.820543
0.853175,52.399178,52.359878,0.499992,-18.384762,0.820439
0.833498,52.124245,52.359878,0.499992,-21.191195,0.820575
0.826787,51.867512,52.359878,0.499992,-22.224094,0.820939
0.846368,51.64143,52.359878,0.499992,-20.86437,0.821539
0.837302,51.492065,52.359878,0.499992,-16.414303,0.822317
0.853175,51.677959,52.359878,0.499992,1.28937,0.82307
0.84087,52.124283,52.359878,0.499992,21.919054,0.823509
0.782928,52.668922,52.359878,0.499992,36.085461,0.823447
0.830582,52.955017,52.359878,0.499992,31.022621,0.822986
0.887938,52.913288,52.359878,0.499992,13.729789,0.822432
0.819247,52.852509,52.359878,0.499992,3.936345,0.821935
0.83986,52.61525,52.359878,0.499992,-8.803422,0.821598
0.886334,52.36795,52.359878,0.499992,-16.571171,0.821468
0.878229,52.231987,52.359878,0.499992,-16.228867,0.82149
0.853763,52.103764,52.359878,0.499992,-14.673806,0.821661
0.809229,51.903751,52.359878,0.499992,-16.932381,0.821994
0.873793,51.868668,52.359878,0.499992,-10.741503,0.822423
0.789017,52.152096,52.359878,0.499992,7.576928,0.822746
0.704811,52.763634,52.359878,0.499992,36.349548,0.822658
0.828375,53.471157,52.359878,0.499992,49.754597,0.821953
0.834411,53.894333,52.359878,0.499992,45.859844,0.820732
0.789587,53.904079,52.359878,0.499992,25.946404,0.819358
0.792399,53.694576,52.359878,0.499992,3.807374,0.81804
0.82509,53.578667,52.359878,0.499992,-3.847236,0.816861
0.719737,53.462463,52.359878,0.499992,-6.807691,0.815825
0.702346,53.263306,52.359878,0.499992,-11.971123,0.814943
0.746272,52.936218,52.359878,0.499992,-22.188469,0.814255
0.831217,52.660671,52.359878,0.499992,-26.644064,0.813794
0.8392,52.646996,52.359878,0.499992,-14.3634,0.813546
0.87732,52.867966,52.359878,0.499992,2.319568,0.81318
0.85093,53.45546,52.359878,0.499992,28.019688,0.812434
0.856008,53.868355,52.359878,0.499992,32.703148,0.811206
0.773089,54.066132,52.359878,0.499992,24.903671,0.80968
0.835717,53.799587,52.359878,0.499992,1.032717,0.80825
0.805586,53.462315,52.359878,0.499992,-16.317818,0.807055
0.806968,53.229904,52.359878,0.499992,-19.611601,0.806149
0.729233,52.836327,52.359878,0.499992,-28.160845,0.805557
0.747114,52.468819,52.359878,0.499992,-32.881184,0.805269
0.679849,52.131378,52.359878,0.499992,-34.345985,0.805289
0.83094,51.771832,52.359878,0.499992,-36.00687,0.805628
0.835333,51.767864,52.359878,0.499992,-18.518131,0.806197
0.791818,52.041275,52.359878,0.499992,4.144808,0.806655
0.806657,52.52607,52.359878,0.499992,25.946589,0.806765
0.821446,52.905434,52.359878,0.499992,31.425861,0.806442
0.793648,53.020206,52.359878,0.499992,21.110806,0.805857
0.809081,52.848953,52.359878,0.499992,3.975425,0.805352
0.806198,52.622467,52.359878,0.499992,-7.99232,0.805023
0.803877,52.310455,52.359878,0.499992,-19.10997,0.804918
0.793233,52.052891,52.359878,0.499992,-22.684368,0.805066
0.796908,51.85849,52.359878,0.499992,-22.241665,0.805403
0.805769,51.718067,52.359878,0.499992,-18.384562,0.805922
0.843381,51.407909,52.359878,0.499992,-23.993345,0.806656
0.87952,51.516857,52.359878,0.499992,-7.100157,0.807496
0.812153,51.779228,52.359878,0.499992,8.832162,0.808161
0.856154,52.307201,52.359878,0.499992,29.055765,0.808444
0.804878,52.849663,52.359878,0.499992,40.575432,0.808238
0.854479,52.962448,52.359878,0.499992,26.504963,0.807723
0.730192,52.820854,52.359878,0.499992,7.712337,0.80724
0.684379,52.735134,52.359878,0.499992,0.609533,0.806869
0.760531,52.498524,52.359878,0.499992,-9.380089,0.806675
0.805205,52.306164,52.359878,0.499992,-13.390689,0.806657
0.741687,52.279682,52.359878,0.499992,-8.637589,0.806709
0.820766,52.180401,52.359878,0.499992,-9.172473,0.806829
0.830162,52.109615,52.359878,0.499992,-8.459042,0.807017
0.79458,52.258888,52.359878,0.499992,2.176542,0.807172
0.804338,52.656597,52.359878,0.499992,19.401087,0.807076
0.826248,53.284573,52.359878,0.499992,38.906967,0.806502
0.756524,53.828716,52.359878,0.499992,44.6558,0.805368
0.763373,53.945309,52.359878,0.499992,27.783319,0.803927
0.782488,53.807079,52.359878,0.499992,7.527472,0.802518
0.814109,53.575657,52.359878,0.499992,-8.313956,0.801255
0.779175,53.363735,52.359878,0.499992,-14.981173,0.800222
0.83253,53.142246,52.359878,0.499992,-18.818108,0.799396
0.787103,53.024857,52.359878,0.499992,-16.142361,0.798715
0.83149,52.702812,52.359878,0.499992,-24.042274,0.798246
0.863679,52.446964,52.359878,0.499992,-25.896486,0.798014
0.797243,52.545395,52.359878,0.499992,-10.738495,0.797846
0.830162,52.907932,52.359878,0.499992,11.054165,0.797511
0.789516,53.402367,52.359878,0.499992,28.269367,0.796769
0.834881,53.802895,52.359878,0.499992,32.756535,0.795604
0.755984,53.743187,52.359878,0.499992,15.054976,0.794322
0.703788,53.393444,52.359878,0.499992,-8.315521,0.793213
0.676113,53.082966,52.359878,0.499992,-19.333336,0.792395
0.699273,52.745605,52.359878,0.499992,-25.166227,0.791915
0.686215,52.428635,52.359878,0.499992,-27.34894,0.791735
0.776816,52.161251,52.359878,0.499992,-26.655201,0.791805
0.832193,51.801624,52.359878,0.499992,-30.502254,0.792166
0.820784,51.613941,52.359878,0.499992,-24.57221,0.792773
0.810201,51.631332,52.359878,0.499992,-11.41547,0.793477
0.824413,51.942379,52.359878,0.499992,9.400892,0.794033
0.789209,52.479538,52.359878,0.499992,30.334984,0.794181
0.795121,52.842377,52.359878,0.499992,33.441841,0.793917
0.81095,52.716679,52.359878,0.499992,11.443838,0.793517
0.77296,52.561478,52.359878,0.499992,-1.756739,0.793239
0.805066,52.229156,52.359878,0.499992,-16.890419,0.793192
0.78007,51.988777,52.359878,0.499992,-20.052555,0.793424
0.723498,51.773037,52.359878,0.499992,-19.867569,0.793889
0.760308,51.457607,52.359878,0.499992,-25.344715,0.794568
0.773396,51.192421,52.359878,0.499992,-26.348845,0.795497
0.838355,51.044777,52.359878,0.499992,-20.642918,0.796636
0.858823,51.007793,52.359878,0.499992,-12.24168,0.797872
0.897432,51.408554,52.359878,0.499992,12.048042,0.798922
0.85143,52.086834,52.359878,0.499992,37.867886,0.79948
0.840195,52.573181,52.359878,0.499992,43.24696,0.79952
0.833323,52.644814,52.359878,0.499992,25.469357,0.799261
0.845453,52.68322,52.359878,0.499992,15.439716,0.798979
0.832015,52.534451,52.359878,0.499992,2.187098,0.798777
0.79446,52.376106,52.359878,0.499992,-5.46081,0.798711
0.801365,52.211895,52.359878,0.499992,-10.132465,0.798783
0.702024,52.102253,52.359878,0.499992,-10.511322,0.798967
0.76043,51.956081,52.359878,0.499992,-12.457153,0.799267
0.769883,51.883099,52.359878,0.499992,-9.933731,0.799669
0.854488,51.983513,52.359878,0.499992,-0.225598,0.800075
0.792869,52.498035,52.359878,0.499992,24.547966,0.800206
0.801019,53.086716,52.359878,0.499992,40.621384,0.799818
0.817972,53.640034,52.359878,0.499992,47.554096,0.798905
0.766756,53.716354,52.359878,0.499992,29.576658,0.797722
0.772386,53.481319,52.359878,0.499992,5.067447,0.7966
0.801012,53.303764,52.359878,0.499992,-5.332449,0.795662
0.764689,52.980827,52.359878,0.499992,-17.018734,0.794978
0.797832,52.725327,52.359878,0.499992,-20.120993,0.794557
0.795143,52.396938,52.359878,0.499992,-26.315081,0.794369
0.752505,52.129139,52.359878,0.499992,-27.086596,0.794439
0.758005,51.886139,52.359878,0.499992,-24.804766,0.79479
0.795824,51.941631,52.359878,0.499992,-8.867443,0.795259
0.817855,52.193775,52.359878,0.499992,7.881276,0.79556
0.844668,52.691944,52.359878,0.499992,26.700335,0.795464
0.875023,53.103928,52.359878,0.499992,32.6992,0.79495
0.826081,53.018559,52.359878,0.499992,12.989975,0.794293
0.838512,52.751465,52.359878,0.499992,-6.199103,0.793792
0.828149,52.493874,52.359878,0.499992,-16.51174,0.793512
0.856094,52.221066,52.359878,0.499992,-21.646513,0.793507
0.842898,51.86375,52.359878,0.499992,-28.146118,0.793798
0.79456,51.648708,52.359878,0.499992,-25.373657,0.794334
0.842131,51.320232,52.359878,0.499992,-28.348061,0.795147
0.707715,51.075329,52.359878,0.499992,-26.206503,0.796215
0.776412,51.13744,52.359878,0.499992,-10.4274,0.797379
0.737578,51.3978,52.359878,0.499992,7.297674,0.7984
0.805008,51.912525,52.359878,0.499992,27.524437,0.799031
0.708962,52.324909,52.359878,0.499992,33.333687,0.799232
0.807558,52.368523,52.359878,0.499992,19.85346,0.799239
0.831128,52.212502,52.359878,0.499992,3.894354,0.799318
0.782912,52.049732,52.359878,0.499992,-5.114071,0.799534
0.806363,51.783192,52.359878,0.499992,-14.369385,0.799963
0.827047,51.581074,52.359878,0.499992,-17.147682,0.80058
0.805902,51.541359,52.359878,0.499992,-10.742665,0.801313
0.819927,51.353512,52.359878,0.499992,-13.552962,0.802179
0.844988,51.262104,52.359878,0.499992,-11.356292,0.803143
0.74739,51.365395,52.359878,0.499992,-0.517525,0.804123
0.77177,51.697079,52.359878,0.499992,16.037682,0.804909
0.758749,52.284641,52.359878,0.499992,35.472797,0.805235
0.81767,52.839596,52.359878,0.499992,44.392624,0.805037
0.815977,52.956024,52.359878,0.499992,28.467516,0.804526
0.850591,52.939156,52.359878,0.499992,14.499621,0.803989
0.829478,52.817677,52.359878,0.499992,2.290644,0.803521
0.859875,52.669308,52.359878,0.499992,-5.526009,0.803176
0.7779,52.562542,52.359878,0.499992,-8.274882,0.802933
0.845375,52.526791,52.359878,0.499992,-6.801105,0.802741
0.820361,52.428146,52.359878,0.499992,-7.745842,0.802646
0.805479,52.310654,52.359878,0.499992,-8.85943,0.802657
0.705276,52.473515,52.359878,0.499992,4.429932,0.802679
0.710842,52.744343,52.359878,0.499992,16.102171,0.802492
0.700646,53.364765,52.359878,0.499992,36.883949,0.801841
0.827765,53.810944,52.359878,0.499992,40.022217,0.800708
0.800063,53.854664,52.359878,0.499992,23.29208,0.799358
0.77881,53.66246,52.359878,0.499992,4.893574,0.798124
0.78885,53.380867,52.359878,0.499992,-8.976257,0.797112
0.799223,53.070393,52.359878,0.499992,-17.919903,0.796365
0.792558,52.790989,52.359878,0.499992,-21.438303,0.795878
0.80747,52.486332,52.359878,0.499992,-25.315617,0.795636
0.805131,52.1861,52.359878,0.499992,-26.751102,0.795683
0.709202,51.865669,52.359878,0.499992,-29.606142,0.795979
0.720262,51.901199,52.359878,0.499992,-14.356648,0.796409
0.806382,52.250027,52.359878,0.499992,9.693627,0.796707
0.789721,52.737755,52.359878,0.499992,28.407597,0.796605
0.814481,53.014324,52.359878,0.499992,28.009209,0.796136
0.770257,52.917519,52.359878,0.499992,9.141787,0.795543
0.788193,52.7197,52.359878,0.499992,-5.296241,0.795091
0.827801,52.38002,52.359878,0.499992,-19.342096,0.794895
0.859075,52.049313,52.359878,0.499992,-26.885941,0.794992
0.806775,51.873871,52.359878,0.499992,-22.825558,0.795342
0.848035,51.606457,52.359878,0.499992,-24.456104,0.795913
0.795232,51.36644,52.359878,0.499992,-23.93046,0.796717
0.84493,51.148586,52.359878,0.499992,-22.510242,0.797733
0.83766,51.239159,52.359878,0.499992,-6.1871,0.798847
0.77657,51.565613,52.359878,0.499992,13.463653,0.799772
0.9043,52.058296,52.359878,0.499992,29.218945,0.800244
0.76597,52.517208,52.359878,0.499992,35.544521,0.800264
0.69885,52.670128,52.359878,0.499992,25.181597,0.800016
0.833715,52.450848,52.359878,0.499992,3.356866,0.799835
0.818683,52.273029,52.359878,0.499992,-6.561558,0.799827
0.803583,52.067719,52.359878,0.499992,-12.574416,0.800013
0.808646,51.853607,52.359878,0.499992,-15.72063,0.800407
0.828246,51.745594,52.359878,0.499992,-12.391425,0.800949
0.810306,51.548367,52.359878,0.499992,-14.455592,0.801641
0.814233,51.386948,52.359878,0.499992,-14.353956,0.802482
0.833529,51.535217,52.359878,0.499992,0.707673,0.803351
0.75434,51.999405,52.359878,0.499992,23.640038,0.803947
0.72365,52.638195,52.359878,0.499992,43.517429,0.804024
0.773166,53.173569,52.359878,0.499992,48.035839,0.803527
0.803958,53.393848,52.359878,0.499992,35.250954,0.802661
0.816675,53.291157,52.359878,0.499992,14.451745,0.801777
0.863608,53.110992,52.359878,0.499992,-1.616834,0.80098
0.814636,52.874302,52.359878,0.499992,-13.311749,0.800358
0.835766,52.733479,52.359878,0.499992,-13.79738,0.799947
0.85256,52.505112,52.359878,0.499992,-18.821178,0.799687
0.837087,52.310913,52.359878,0.499992,-20.581865,0.799596
0.823834,52.119846,52.359878,0.499992,-20.740749,0.799697
0.797435,52.3311,52.359878,0.499992,-1.072873,0.799825
0.839104,52.696766,52.359878,0.499992,17.828501,0.79973
0.73928,53.254765,52.359878,0.499992,35.704559,0.799177
0.74102,53.638496,52.359878,0.499992,35.458675,0.798143
0.682349,53.650085,52.359878,0.499992,17.735067,0.796912
0.833902,53.456093,52.359878,0.499992,0.429524,0.795819
0.743494,53.18626,52.359878,0.499992,-11.7479,0.794958
0.798395,52.750351,52.359878,0.499992,-26.493944,0.794407
0.822178,52.454826,52.359878,0.499992,-28.383266,0.794171
0.776104,52.192093,52.359878,0.499992,-28.367184,0.794173
0.800842,51.935505,52.359878,0.499992,-26.31201,0.794465
0.813294,51.586689,52.359878,0.499992,-29.871168,0.795028
0.812317,51.58543,52.359878,0.499992,-16.630426,0.795718
0.817548,51.909821,52.359878,0.499992,6.385168,0.796284
0.802994,52.379162,52.359878,0.499992,24.30628,0.796455
0.756283,52.76162,52.359878,0.499992,28.922447,0.796205
0.713197,52.816273,52.359878,0.499992,17.464121,0.795792
0.740359,52.551022,52.359878,0.499992,-2.793235,0.795506
0.822834,52.256958,52.359878,0.499992,-16.805527,0.795414
0.830912,51.94754,52.359878,0.499992,-24.994743,0.795597
0.887255,51.787247,52.359878,0.499992,-21.254499,0.79603
0.822836,51.516029,52.359878,0.499992,-24.185883,0.796669
0.859048,51.188194,52.359878,0.499992,-28.598249,0.797577
0.870182,50.941402,52.359878,0.499992,-28.052698,0.798717
0.853499,51.032768,52.359878,0.499992,-10.492046,0.799973
0.845536,51.341827,52.359878,0.499992,10.607733,0.8011
0.824827,51.876595,52.359878,0.499992,31.60705,0.801818
0.86443,52.282944,52.359878,0.499992,36.214741,0.802086
0.769303,52.274281,52.359878,0.499992,17.965019,0.802128
0.747008,52.224476,52.359878,0.499992,6.905928,0.802211
0.754619,52.026138,52.359878,0.499992,-6.183031,0.802402
0.842316,51.86594,52.359878,0.499992,-11.127366,0.802764
0.756602,51.804543,52.359878,0.499992,-7.90958,0.803268
0.823109,51.646503,52.359878,0.499992,-11.67335,0.803845
0.832,51.600204,52.359878,0.499992,-8.746189,0.804503
0.796624,51.511257,52.359878,0.499992,-8.11824,0.805254
0.811762,51.631798,52.359878,0.499992,3.046679,0.806031
0.843524,52.078827,52.359878,0.499992,23.994255,0.806543
0.777558,52.680851,52.359878,0.499992,40.582649,0.806522
0.782076,53.289673,52.359878,0.499992,49.465794,0.805935
0.796682,53.410164,52.359878,0.499992,30.891136,0.804997
0.807702,53.395836,52.359878,0.499992,15.559699,0.804034
0.763197,53.082226,52.359878,0.499992,-6.878747,0.803213
0.824853,52.733631,52.359878,0.499992,-20.976238,0.802677
0.811182,52.483387,52.359878,0.499992,-24.425385,0.802403
0.83436,52.249569,52.359878,0.499992,-25.262503,0.802354
0.872245,51.934643,52.359878,0.499992,-27.876854,0.802604
0.81734,51.44429,52.359878,0.499992,-37.897404,0.803208
0.854262,51.464569,52.359878,0.499992,-18.548136,0.804057
0.812678,51.58173,52.359878,0.499992,-4.225694,0.804832
0.871846,51.981621,52.359878,0.499992,14.790171,0.805309
0.740172,52.260712,52.359878,0.499992,19.636986,0.805485
0.744566,52.20911,52.359878,0.499992,7.27656,0.805567
0.721151,51.856461,52.359878,0.499992,-12.534057,0.805862
0.829052,51.60323,52.359878,0.499992,-18.070316,0.806442
0.755073,51.196899,52.359878,0.499992,-27.756548,0.807342
0.834844,50.778881,52.359878,0.499992,-34.322323,0.808591
0.860654,50.496384,52.359878,0.499992,-31.745979,0.810151
0.822924,50.120178,52.359878,0.499992,-35.074635,0.812002
0.841887,49.795395,52.359878,0.499992,-34.69183,0.814162
0.870825,49.772163,52.359878,0.499992,-18.213259,0.816552
0.787232,49.889622,52.359878,0.499992,-2.983732,0.818899
0.785621,50.279331,52.359878,0.499992,17.817781,0.821013
0.826244,50.575817,52.359878,0.499992,23.261393,0.822774
0.866933,50.718674,52.359878,0.499992,17.538702,0.824282
0.868785,50.596909,52.359878,0.499992,3.764771,0.825839
0.92154,50.384514,52.359878,0.499992,-8.531524,0.827521
0.869754,50.090855,52.359878,0.499992,-18.856455,0.82943
0.907408,49.726299,52.359878,0.499992,-27.495016,0.831647
0.861261,49.521698,52.359878,0.499992,-24.703218,0.83412
0.928154,49.27977,52.359878,0.499992,-25.477716,0.836781
0.808956,49.124214,52.359878,0.499992,-21.01298,0.839648
0.86105,49.012028,52.359878,0.499992,-15.248372,0.842679
0.923433,49.107376,52.359878,0.499992,-2.469118,0.845725
0.917788,49.483353,52.359878,0.499992,17.039825,0.848543
0.874967,50.102966,52.359878,0.499992,38.403313,0.850894
0.881008,50.551003,52.359878,0.499992,41.990677,0.852764
0.888387,50.70628,52.359878,0.499992,30.160986,0.854353
0.921956,50.629154,52.359878,0.499992,13.351418,0.855917
0.901152,50.472103,52.359878,0.499992,-0.007981,0.857567
0.962869,50.239773,52.359878,0.499992,-11.298223,0.859378
0.912065,50.111626,52.359878,0.499992,-12.988503,0.861335
0.938836,50.105312,52.359878,0.499992,-7.339266,0.863379
0.886746,49.965889,52.359878,0.499992,-11.241534,0.865471
0.985185,49.925613,52.359878,0.499992,-9.30875,0.867621
0.859504,50.060524,52.359878,0.499992,3.246255,0.869838
0.853042,50.499973,52.359878,0.499992,23.534735,0.871773
0.889374,51.068546,52.359878,0.499992,40.073261,0.873254
0.900986,51.66853,52.359878,0.499992,49.487991,0.874161
0.804205,51.944145,52.359878,0.499992,37.881554,0.87462
0.822979,51.952507,52.359878,0.499992,19.666574,0.87496
0.911326,51.853497,52.359878,0.499992,5.634004,0.875365
0.910547,51.671383,52.359878,0.499992,-4.866029,0.875926
0.942736,51.405624,52.359878,0.499992,-13.706397,0.876712
0.881846,51.219078,52.359878,0.499992,-14.978791,0.877698
0.965326,50.953857,52.359878,0.499992,-20.876925,0.878842
0.847895,50.771332,52.359878,0.499992,-20.1369,0.880188
0.890849,50.598969,52.359878,0.499992,-17.925837,0.881739
0.903682,50.831894,52.359878,0.499992,1.39756,0.883241
0.931575,51.208637,52.359878,0.499992,19.010059,0.884488
0.863201,51.743256,52.359878,0.499992,34.488281,0.885276
0.868277,51.957863,52.359878,0.499992,26.871389,0.885692
0.95282,51.868893,52.359878,0.499992,8.247124,0.886033
0.900917,51.767639,52.359878,0.499992,-0.672926,0.886509
0.946343,51.396889,52.359878,0.499992,-17.51465,0.887219
0.893082,51.10413,52.359878,0.499992,-23.841656,0.888201
0.839451,50.861927,52.359878,0.499992,-24.653843,0.889432
0.948647,50.706093,52.359878,0.499992,-20.264601,0.890869
0.894224,50.433125,52.359878,0.499992,-22.723467,0.892531
0.932179,50.19487,52.359878,0.499992,-23.231552,0.894394
0.938597,50.320358,52.359878,0.499992,-6.346097,0.896319
0.903712,50.646606,52.359878,0.499992,11.747604,0.89803
0.94755,51.180904,52.359878,0.499992,30.201767,0.899319
0.967781,51.597073,52.359878,0.499992,34.327545,0.900165
0.952474,51.675846,52.359878,0.499992,20.411051,0.90077
0.841095,51.588856,52.359878,0.499992,5.896414,0.901398
0.801686,51.521305,52.359878,0.499992,-0.42302,0.902111
0.933916,51.336063,52.359878,0.499992,-8.942506,0.902955
0.931794,51.249378,52.359878,0.499992,-8.278334,0.903941
0.809516,51.110641,52.359878,0.499992,-10.403982,0.905033
0.926543,50.865891,52.359878,0.499992,-17.60253,0.906263
0.959812,50.754185,52.359878,0.499992,-15.586791,0.907643
0.914817,50.80917,52.359878,0.499992,-5.56239,0.909088
0.967859,51.133209,52.359878,0.499992,12.617332,0.910369
0.916791,51.750328,52.359878,0.499992,35.77792,0.911217
0.941142,52.300514,52.359878,0.499992,44.629688,0.911517
0.934324,52.543217,52.359878,0.499992,35.016376,0.911453
0.91244,52.566605,52.359878,0.499992,20.784458,0.911303
0.862279,52.423294,52.359878,0.499992,4.245382,0.911176
0.916259,52.431038,52.359878,0.499992,2.571464,0.91111
0.917298,52.356213,52.359878,0.499992,-1.321461,0.911104
0.952265,52.255848,52.359878,0.499992,-5.526545,0.911151
0.899309,52.13356,52.359878,0.499992,-10.141267,0.911254
0.821458,52.075016,52.359878,0.499992,-9.149644,0.911452
0.951924,52.16301,52.359878,0.499992,0.307517,0.911706
0.894435,52.473927,52.359878,0.499992,15.127205,0.911762
0.921559,53.000607,52.359878,0.499992,31.922781,0.911401
0.938256,53.531433,52.359878,0.499992,40.689289,0.910543
0.909405,53.697964,52.359878,0.499992,28.000801,0.909352
0.934299,53.584229,52.359878,0.499992,9.421889,0.908175
0.889329,53.377178,52.359878,0.499992,-4.848,0.907144
0.949425,53.068123,52.359878,0.499992,-17.96628,0.906327
0.8042,52.907288,52.359878,0.499992,-16.835052,0.905759
0.909385,52.716331,52.359878,0.499992,-16.767284,0.905384
0.900937,52.434937,52.359878,0.499992,-20.687366,0.90523
0.93151,52.131622,52.359878,0.499992,-24.536209,0.905323
0.890453,52.1092,52.359878,0.499992,-13.362113,0.905569
0.931367,52.273937,52.359878,0.499992,0.779558,0.905735
0.981095,52.786243,52.359878,0.499992,24.141935,0.905578
0.924187,53.099339,52.359878,0.499992,26.441591,0.905017
0.923277,53.18314,52.359878,0.499992,16.995461,0.904267
0.851555,52.921406,52.359878,0.499992,-3.370907,0.903627
0.912815,52.751396,52.359878,0.499992,-9.442232,0.903195
0.92204,52.446377,52.359878,0.499992,-17.754612,0.903024
0.850601,52.19062,52.359878,0.499992,-20.137278,0.903102
0.888751,51.931496,52.359878,0.499992,-22.346298,0.903392
0.920377,51.682529,52.359878,0.499992,-23.278332,0.903905
0.924031,51.455959,52.359878,0.499992,-22.936356,0.904627
0.949558,51.474739,52.359878,0.499992,-10.370147,0.905475
0.903296,51.789742,52.359878,0.499992,10.326007,0.906177
0.871513,52.328461,52.359878,0.499992,31.107433,0.906468
0.930188,52.763309,52.359878,0.499992,37.807732,0.906328
0.877384,52.7575,52.359878,0.499992,19.285036,0.905943
0.920899,52.660526,52.359878,0.499992,6.291674,0.905635
0.926583,52.389942,52.359878,0.499992,-9.170237,0.905488
0.89989,52.190701,52.359878,0.499992,-14.61656,0.905536
0.94935,51.915485,52.359878,0.499992,-20.69603,0.905815
0.901655,51.779129,52.359878,0.499992,-17.961065,0.906265
0.968999,51.636375,52.359878,0.499992,-16.362123,0.906853
0.860925,51.49707,52.359878,0.499992,-15.523872,0.907567
0.923944,51.639343,52.359878,0.499992,-1.696483,0.908288
0.920754,52.033966,52.359878,0.499992,17.327541,0.908762
0.941746,52.708511,52.359878,0.499992,40.299137,0.908746
0.904593,53.281746,52.359878,0.499992,47.001133,0.908132
0.922799,53.513214,52.359878,0.499992,34.223343,0.907131
0.953768,53.421478,52.359878,0.499992,13.78566,0.906112
0.930047,53.210396,52.359878,0.499992,-3.007913,0.905222
0.802961,53.056553,52.359878,0.499992,-8.710712,0.904516
0.878875,52.914959,52.359878,0.499992,-10.764935,0.903962
0.902068,52.795174,52.359878,0.499992,-11.874992,0.903495
0.91184,52.652241,52.359878,0.499992,-13.270473,0.903154
0.836529,52.533016,52.359878,0.499992,-12.471653,0.902949
0.86877,52.569969,52.359878,0.499992,-3.968588,0.902808
0.944845,52.951141,52.359878,0.499992,16.876478,0.902487
0.914229,53.474876,52.359878,0.499992,32.763828,0.901695
0.915542,53.9487,52.359878,0.499992,38.850315,0.900439
0.855355,53.862835,52.359878,0.499992,15.677602,0.898996
0.810853,53.599911,52.359878,0.499992,-4.867166,0.897712
0.906099,53.309277,52.359878,0.499992,-16.718229,0.896693
0.868297,52.997715,52.359878,0.499992,-24.215189,0.895946
0.893017,52.695648,52.359878,0.499992,-27.378279,0.895491
0.893657,52.379482,52.359878,0.499992,-29.968279,0.895311
0.9283,52.12579,52.359878,0.499992,-27.542345,0.895415
0.942002,51.803822,52.359878,0.499992,-29.623142,0.895781
0.924858,51.889526,52.359878,0.499992,-11.960212,0.896248
0.956444,52.153019,52.359878,0.499992,5.752671,0.896556
0.810486,52.693901,52.359878,0.499992,28.10556,0.896492
0.776773,52.997684,52.359878,0.499992,28.922239,0.896043
0.898258,52.929684,52.359878,0.499992,11.685017,0.895469
0.902572,52.672253,52.359878,0.499992,-6.399928,0.895046
0.810868,52.423038,52.359878,0.499992,-15.971518,0.894843
0.834721,52.276962,52.359878,0.499992,-15.130895,0.894858
0.93642,52.063644,52.359878,0.499992,-17.872549,0.895039
0.911145,51.936394,52.359878,0.499992,-15.908294,0.895352
0.94622,51.791195,52.359878,0.499992,-15.510555,0.895796
0.901351,51.696762,52.359878,0.499992,-13.665703,0.896326
0.859381,51.938183,52.359878,0.499992,4.403832,0.896833
0.917033,52.335903,52.359878,0.499992,22.627113,0.897095
0.878875,52.988129,52.359878,0.499992,42.509773,0.896824
0.897823,53.547379,52.359878,0.499992,48.400967,0.895987
0.885871,53.660007,52.359878,0.499992,30.33839,0.894829
0.916274,53.617355,52.359878,0.499992,13.18146,0.893631
0.90466,53.547226,52.359878,0.499992,2.782432,0.892485
0.948471,53.517399,52.359878,0.499992,-0.530222,0.891391
0.92365,53.557331,52.359878,0.499992,1.808871,0.890324
0.779373,53.522884,52.359878,0.499992,0.219326,0.889274
0.776729,53.374546,52.359878,0.499992,-6.750513,0.888286
0.88571,53.39056,52.359878,0.499992,-1.691438,0.887388
0.886146,53.749043,52.359878,0.499992,17.211819,0.886335
0.841636,54.36375,52.359878,0.499992,38.6311,0.884823
0.744484,55.062893,52.359878,0.499992,52.323036,0.882656
0.790078,55.56039,52.359878,0.499992,49.438805,0.879916
0.854266,55.552006,52.359878,0.499992,24.508558,0.876955
0.894308,55.519588,52.359878,0.499992,11.261323,0.87405
0.822375,55.36356,52.359878,0.499992,-0.437218,0.871269
0.878916,55.210922,52.359878,0.499992,-6.325071,0.868634
0.786445,54.980167,52.359878,0.499992,-13.730792,0.866158
0.718418,54.721333,52.359878,0.499992,-19.837984,0.863876
0.839726,54.468834,52.359878,0.499992,-21.925684,0.86185
0.85577,54.433731,52.359878,0.499992,-11.374477,0.860014
0.83593,54.701241,52.359878,0.499992,7.316982,0.858039
0.79595,55.229202,52.359878,0.499992,28.680195,0.855678
0.798632,55.694283,52.359878,0.499992,36.531757,0.852843
0.820549,55.645557,52.359878,0.499992,15.748285,0.849782
0.829573,55.355648,52.359878,0.499992,-6.658708,0.846858
0.851797,55.099442,52.359878,0.499992,-16.227444,0.844221
0.859879,54.677303,52.359878,0.499992,-29.176653,0.841892
0.83819,54.405575,52.359878,0.499992,-28.815128,0.839887
0.745554,54.091454,52.359878,0.499992,-31.046209,0.838137
0.742351,53.792755,52.359878,0.499992,-30.830135,0.836684
0.845682,53.557484,52.359878,0.499992,-25.956993,0.835531
0.830835,53.594852,52.359878,0.499992,-11.054816,0.834462
0.826123,53.966576,52.359878,0.499992,12.375425,0.833205
0.832295,54.53598,52.359878,0.499992,34.180683,0.831517
0.809607,54.691902,52.359878,0.499992,25.324091,0.829461
0.816386,54.466473,52.359878,0.499992,2.348574,0.827417
0.802515,54.24408,52.359878,0.499992,-9.386785,0.82559
0.751612,53.887154,52.359878,0.499992,-22.166281,0.824023
0.804925,53.617283,52.359878,0.499992,-25.132488,0.822733
0.847302,53.455753,52.359878,0.499992,-20.908672,0.821664
0.822588,53.17173,52.359878,0.499992,-24.524696,0.820794
0.852297,52.85746,52.359878,0.499992,-28.982567,0.820161
0.844558,52.853252,52.359878,0.499992,-15.96005,0.819706
0.871013,53.153408,52.359878,0.499992,5.147914,0.81911
0.830438,53.649662,52.359878,0.499992,25.509346,0.818156
0.722072,54.15284,52.359878,0.499992,35.564636,0.816707
0.714298,54.36285,52.359878,0.499992,27.555073,0.814927
0.749394,54.166904,52.359878,0.499992,5.598439,0.813191
0.682412,54.079487,52.359878,0.499992,-0.344053,0.811604
0.795483,54.013855,52.359878,0.499992,-2.128411,0.810103
0.814006,53.996098,52.359878,0.499992,-1.000769,0.808637
0.764815,54.033302,52.359878,0.499992,1.399805,0.807139
0.780074,54.174992,52.359878,0.499992,8.060914,0.805573
0.799049,54.312824,52.359878,0.499992,11.999968,0.803901
0.760268,54.617039,52.359878,0.499992,21.605213,0.802022
0.776922,55.240326,52.359878,0.499992,41.906956,0.79973
0.76521,56.099335,52.359878,0.499992,63.30901,0.796749
0.686212,56.68,52.359878,0.499992,60.394897,0.793068
0.670803,56.721062,52.359878,0.499992,32.771469,0.789071
0.669414,56.692165,52.359878,0.499992,15.729376,0.785096
0.738066,56.473705,52.359878,0.499992,-1.1944,0.781271
0.732966,56.27887,52.359878,0.499992,-10.106334,0.777605
0.777841,56.21574,52.359878,0.499992,-9.439363,0.774034
0.722384,56.107616,52.359878,0.499992,-10.020651,0.770573
0.753103,55.827652,52.359878,0.499992,-17.86356,0.767306
0.782396,55.857559,52.359878,0.499992,-7.606143,0.764158
0.756623,56.142509,52.359878,0.499992,11.369753,0.76082
0.761172,56.816299,52.359878,0.499992,34.783463,0.757033
0.758799,57.292015,52.359878,0.499992,38.909893,0.752704
0.732782,57.276745,52.359878,0.499992,18.523113,0.748167
0.730344,57.021709,52.359878,0.499992,-1.612213,0.743815
0.734838,56.672546,52.359878,0.499992,-16.387705,0.739752
0.704427,56.266483,52.359878,0.499992,-27.865683,0.736007
0.724675,55.980663,52.359878,0.499992,-28.832258,0.732561
0.748937,55.67001,52.359878,0.499992,-30.643175,0.729384
0.734698,55.408283,52.359878,0.499992,-28.527229,0.726491
0.735115,55.221588,52.359878,0.499992,-23.09849,0.723832
0.743614,55.463692,52.359878,0.499992,-0.97853,0.721123
0.733874,55.994469,52.359878,0.499992,23.817078,0.718049
0.705256,56.443886,52.359878,0.499992,31.998959,0.714489
0.72902,56.589264,52.359878,0.499992,21.868586,0.710638
0.654673,56.346848,52.359878,0.499992,-0.569459,0.706867
0.680229,55.998314,52.359878,0.499992,-17.066307,0.703377
0.650009,55.634411,52.359878,0.499992,-25.987743,0.700234
0.673171,55.304245,52.359878,0.499992,-29.444284,0.6974
0.642788,55.054565,52.359878,0.499992,-27.216507,0.694839
0.623087,54.767036,52.359878,0.499992,-27.471378,0.692535
0.66505,54.563076,52.359878,0.499992,-23.158045,0.690473
0.591514,54.712227,52.359878,0.499992,-5.198925,0.688412
0.641974,55.272099,52.359878,0.499992,23.753599,0.686026
0.607679,55.948128,52.359878,0.499992,43.683544,0.683057
0.644918,56.329224,52.359878,0.499992,40.227394,0.679589
0.646428,56.237556,52.359878,0.499992,16.60915,0.675997
0.614672,56.014439,52.359878,0.499992,-2.837076,0.672526
0.624219,55.828239,52.359878,0.499992,-9.691809,0.669295
0.65033,55.587029,52.359878,0.499992,-14.447139,0.666311
0.65354,55.386326,52.359878,0.499992,-16.035793,0.663499
0.669081,55.077381,52.359878,0.499992,-22.681593,0.660895
0.632535,54.892895,52.359878,0.499992,-21.326233,0.658487
0.582425,55.025482,52.359878,0.499992,-5.032929,0.656128
0.658766,55.388329,52.359878,0.499992,15.357963,0.653577
0.597011,55.964336,52.359878,0.499992,34.187847,0.650536
0.590107,56.422367,52.359878,0.499992,37.563351,0.646981
0.634888,56.472473,52.359878,0.499992,20.711447,0.643205
0.571936,56.454208,52.359878,0.499992,9.792768,0.639452
0.546813,56.167519,52.359878,0.499992,-7.914084,0.635863
0.588905,55.893711,52.359878,0.499992,-17.783937,0.632499
0.56142,55.703228,52.359878,0.499992,-19.481386,0.629337
0.605428,55.545353,52.359878,0.499992,-18.572004,0.626341
0.593792,55.309803,52.359878,0.499992,-21.23563,0.623537
0.580817,55.339977,52.359878,0.499992,-8.399553,0.620891
0.605484,55.681526,52.359878,0.499992,12.979138,0.618063
0.48654,56.367531,52.359878,0.499992,39.295353,0.614744
0.500785,56.927662,52.359878,0.499992,46.816303,0.610833
0.485601,57.042706,52.359878,0.499992,29.909212,0.606603
0.531801,56.90324,52.359878,0.499992,9.655328,0.602405
0.589896,56.578823,52.359878,0.499992,-9.388927,0.598431
0.55918,56.192959,52.359878,0.499992,-22.846857,0.594771
0.561028,55.976395,52.359878,0.499992,-22.512413,0.591376
0.466136,55.669159,52.359878,0.499992,-27.1635,0.588202
0.55649,55.370617,52.359878,0.499992,-29.906647,0.585281
0.558112,55.315361,52.359878,0.499992,-18.451843,0.582574
0.555869,55.533203,52.359878,0.499992,-0.108266,0.579776
0.522632,56.139935,52.359878,0.499992,28.191347,0.576614
0.479767,56.773022,52.359878,0.499992,44.973724,0.5729
0.570433,56.871841,52.359878,0.499992,27.486256,0.568802
0.517002,56.707527,52.359878,0.499992,5.855525,0.564729
0.428488,56.438389,52.359878,0.499992,-10.210912,0.560867
0.496452,56.208401,52.359878,0.499992,-16.54752,0.557247
0.509081,56.061352,52.359878,0.499992,-15.099238,0.55383
0.500411,55.770222,52.359878,0.499992,-21.674915,0.550596
0.540961,55.674503,52.359878,0.499992,-15.785169,0.547525
0.480476,55.621738,52.359878,0.499992,-9.812074,0.544566
0.570463,55.797123,52.359878,0.499992,2.983552,0.541523
0.505504,56.453915,52.359878,0.499992,32.540009,0.538111
0.460733,57.130985,52.359878,0.499992,48.52689,0.53407
0.472442,57.567276,52.359878,0.499992,45.41032,0.529499
0.462257,57.538868,52.359878,0.499992,24.199722,0.524809
0.475127,57.257919,52.359878,0.499992,-0.096062,0.520224
0.428146,56.988544,52.359878,0.499992,-13.345271,0.515862
0.512934,56.744068,52.359878,0.499992,-19.376766,0.511732
0.411557,56.574738,52.359878,0.499992,-18.846838,0.507798
0.431205,56.389187,52.359878,0.499992,-18.070866,0.504068
0.46077,56.181557,52.359878,0.499992,-17.153875,0.500566
0.45253,56.250118,52.359878,0.499992,-5.084764,0.497089
0.457859,56.67387,52.359878,0.499992,17.174603,0.493367
0.40808,57.353722,52.359878,0.499992,40.298313,0.489114
0.454799,57.527447,52.359878,0.499992,27.594765,0.484426
0.424255,57.40041,52.359878,0.499992,7.547666,0.479737
0.436168,57.172974,52.359878,0.499992,-6.140162,0.475262
0.43214,56.718807,52.359878,0.499992,-23.269073,0.471124
0.362569,56.312855,52.359878,0.499992,-30.102568,0.467378
0.428138,55.933949,52.359878,0.499992,-32.833164,0.463962
0.393481,55.496548,52.359878,0.499992,-38.009239,0.460908
0.393191,55.194958,52.359878,0.499992,-34.040932,0.4582
0.421318,55.183578,52.359878,0.499992,-17.568033,0.455666
0.492192,55.713943,52.359878,0.499992,15.776831,0.452878
0.396549,56.526176,52.359878,0.499992,45.552441,0.449435
0.373969,57.008038,52.359878,0.499992,45.983723,0.445397
0.407754,57.069126,52.359878,0.499992,27.078014,0.441129
0.405877,57.059864,52.359878,0.499992,12.95039,0.43681
0.286005,56.888054,52.359878,0.499992,-1.639504,0.432589
0.418799,56.630238,52.359878,0.499992,-12.553408,0.428592
0.325992,56.36697,52.359878,0.499992,-19.678816,0.424806
0.401543,56.319798,52.359878,0.499992,-12.844216,0.421175
0.367287,56.205093,52.359878,0.499992,-10.811625,0.417668
0.318101,56.344582,52.359878,0.499992,2.725723,0.414171
0.37881,56.83593,52.359878,0.499992,25.154123,0.410354
0.333306,57.770237,52.359878,0.499992,56.870182,0.405855
0.338707,58.394337,52.359878,0.499992,58.969524,0.400633
0.367372,58.560287,52.359878,0.499992,39.919697,0.395082
0.285658,58.456261,52.359878,0.499992,16.396606,0.38948
0.314981,58.303761,52.359878,0.499992,1.267081,0.383986
0.310122,58.175514,52.359878,0.499992,-4.689523,0.378653
0.295767,57.908676,52.359878,0.499992,-14.89898,0.373459
0.249948,57.742313,52.359878,0.499992,-16.616089,0.368455
0.293848,57.75671,52.359878,0.499992,-8.720659,0.363533
0.287132,57.975563,52.359878,0.499992,5.307479,0.35852
0.278099,58.652946,52.359878,0.499992,34.883514,0.353122
0.235833,59.572865,52.359878,0.499992,61.151356,0.346969
0.265167,60.174725,52.359878,0.499992,59.405926,0.340087
0.229426,60.203297,52.359878,0.499992,32.29055,0.332936
0.218852,60.014843,52.359878,0.499992,7.389125,0.325844
0.227816,59.877125,52.359878,0.499992,-2.56152,0.318932
0.187544,59.67337,52.359878,0.499992,-10.803659,0.312186
0.20076,59.351837,52.359878,0.499992,-21.857252,0.305642
0.197929,58.963638,52.359878,0.499992,-30.665834,0.299425
0.175696,58.866714,52.359878,0.499992,-20.629416,0.293471
0.22054,59.174583,52.359878,0.499992,4.552729,0.28745
0.085975,59.72514,52.359878,0.499992,28.895945,0.281031
0.185565,60.342381,52.359878,0.499992,43.255009,0.274017
0.18649,60.449409,52.359878,0.499992,28.340012,0.266709
0.190132,60.241508,52.359878,0.499992,6.141003,0.25946
0.177688,59.801437,52.359878,0.499992,-17.65004,0.252473
0.139276,59.439449,52.359878,0.499992,-27.405247,0.245829
0.178662,59.046284,52.359878,0.499992,-32.518578,0.239543
0.189799,58.452415,52.359878,0.499992,-44.918037,0.233733
0.16651,57.982864,52.359878,0.499992,-46.270046,0.22839
0.102521,57.906532,52.359878,0.499992,-28.353096,0.223308
0.187163,58.020363,52.359878,0.499992,-9.660148,0.21822
0.164235,58.589485,52.359878,0.499992,21.419035,0.212815
0.175347,58.907589,52.359878,0.499992,26.741362,0.207016
0.110271,58.792072,52.359878,0.499992,9.290743,0.20112
0.123229,58.427513,52.359878,0.499992,-12.909089,0.195403
0.09599,58.012032,52.359878,0.499992,-25.848171,0.190078
-0.006534,57.556263,52.359878,0.499992,-34.699684,0.185153
0.134875,57.123268,52.359878,0.499992,-39.381481,0.180601
0.118672,56.592525,52.359878,0.499992,-46.609612,0.17648
0.068669,56.079338,52.359878,0.499992,-49.854847,0.172829
0.167589,56.062302,52.359878,0.499992,-25.803591,0.169506
0.113918,56.440079,52.359878,0.499992,5.91493,0.166036
0.125674,57.030762,52.359878,0.499992,31.095047,0.162077
0.097187,57.588272,52.359878,0.499992,40.983856,0.157522
0.085665,57.726513,52.359878,0.499992,27.325163,0.152666
0.084703,57.657944,52.359878,0.499992,11.277306,0.147804
0.072861,57.487717,52.359878,0.499992,-1.030867,0.143061
0.086167,57.24617,52.359878,0.499992,-11.916684,0.138527
0.054379,57.056324,52.359878,0.499992,-16.430214,0.134102
-0.208994,56.644352,52.359878,0.499992,-28.555307,0.129995
0.073782,56.255257,52.359878,0.499992,-32.796944,0.12629
0.081055,56.00021,52.359878,0.499992,-29.304007,0.122867
0.092877,56.188984,52.359878,0.499992,-6.790078,0.119476
0.050054,56.702633,52.359878,0.499992,19.877552,0.115747
0.033627,56.975166,52.359878,0.499992,22.035599,0.111631
0.029769,56.829685,52.359878,0.499992,5.220759,0.1075
-0.019019,56.490326,52.359878,0.499992,-12.846792,0.103588
0.072283,55.997406,52.359878,0.499992,-29.477713,0.100065
0.090808,55.618706,52.359878,0.499992,-33.845829,0.096911
0.059519,55.1166,52.359878,0.499992,-41.628365,0.094168
0.082471,54.422848,52.359878,0.499992,-53.636677,0.092003
0.093836,53.738167,52.359878,0.499992,-59.929714,0.090456
0.096897,53.387302,52.359878,0.499992,-47.481255,0.089394
0.124988,53.382477,52.359878,0.499992,-24.158846,0.088509
0.087687,53.626923,52.359878,0.499992,-0.09343,0.087517
0.106175,53.832138,52.359878,0.499992,9.779783,0.086283
0.07434,53.791637,52.359878,0.499992,2.725807,0.084943
0.075113,53.675571,52.359878,0.499992,-3.838799,0.083692
0.092325,53.441151,52.359878,0.499992,-11.603411,0.082643
0.059708,53.042068,52.359878,0.499992,-24.148569,0.081856
0.060384,52.641796,52.359878,0.499992,-32.013309,0.081402
0.05469,52.19286,52.359878,0.499992,-38.24234,0.081342
-0.021757,51.788799,52.359878,0.499992,-39.439083,0.081671
0.113414,51.437622,52.359878,0.499992,-36.671391,0.082376
0.087571,51.312145,52.359878,0.499992,-25.939375,0.083262
0.092111,51.538483,52.359878,0.499992,-3.271688,0.084116
0.14311,51.894634,52.359878,0.499992,14.817558,0.084705
0.109511,52.356876,52.359878,0.499992,27.813416,0.08487
0.061753,52.617332,52.359878,0.499992,26.954729,0.084747
0.108806,52.647999,52.359878,0.499992,16.858463,0.084531
0.082426,52.51022,52.359878,0.499992,2.811634,0.084337
0.19615,52.211849,52.359878,0.499992,-13.016314,0.084313
0.121906,51.94202,52.359878,0.499992,-18.631571,0.084596
0.065014,51.613766,52.359878,0.499992,-25.383131,0.085123
0.127491,51.402416,52.359878,0.499992,-24.132643,0.085876
0.120124,51.190018,52.359878,0.499992,-23.311762,0.086824
0.106187,51.285431,52.359878,0.499992,-7.296675,0.08787
0.103989,51.44521,52.359878,0.499992,4.757769,0.088818
0.121321,52.036823,52.359878,0.499992,29.377371,0.089362
0.125344,52.646626,52.359878,0.499992,43.731853,0.089371
0.217982,52.979816,52.359878,0.499992,38.461483,0.088943
0.078189,53.0411,52.359878,0.499992,22.428066,0.08832
0.086681,53.005878,52.359878,0.499992,10.049656,0.087699
0.081139,52.8633,52.359878,0.499992,0.045016,0.087215
0.10803,52.650593,52.359878,0.499992,-8.535517,0.086896
0.098163,52.496399,52.359878,0.499992,-12.156261,0.08669
0.076699,52.394711,52.359878,0.499992,-11.778337,0.086593
0.083867,52.027267,52.359878,0.499992,-23.907682,0.086711
0.111205,51.98748,52.359878,0.499992,-15.219899,0.087016
0.050996,52.240131,52.359878,0.499992,3.74124,0.087245
0.110967,52.865158,52.359878,0.499992,31.931429,0.087098
0.077556,53.338505,52.359878,0.499992,38.685661,0.086413
0.067226,53.464252,52.359878,0.499992,24.764902,0.085408
0.100756,53.332428,52.359878,0.499992,6.242285,0.084432
0.084695,53.143215,52.359878,0.499992,-5.44227,0.083629
0.047194,52.814007,52.359878,0.499992,-17.688992,0.083083
-0.067897,52.618847,52.359878,0.499992,-17.934717,0.082776
0.012988,52.344128,52.359878,0.499992,-21.301004,0.082698
-0.053081,51.859692,52.359878,0.499992,-32.759354,0.08297
0.089439,51.405758,52.359878,0.499992,-37.349281,0.083672
0.10176,51.387703,52.359878,0.499992,-19.671028,0.084588
0.116298,51.544132,52.359878,0.499992,-2.15082,0.085439
0.082523,52.029709,52.359878,0.499992,20.265572,0.08593
0.101134,52.523247,52.359878,0.499992,32.85437,0.085975
-0.026547,52.589985,52.359878,0.499992,20.307137,0.085784
0.089855,52.584919,52.359878,0.499992,9.596732,0.085542
0.11462,52.494995,52.359878,0.499992,1.212516,0.085383
0.093418,52.29715,52.359878,0.499992,-8.201094,0.08536
0.09416,52.005459,52.359878,0.499992,-17.776493,0.085555
0.12254,51.683857,52.359878,0.499992,-24.684063,0.086015
0.127642,51.385689,52.359878,0.499992,-26.701946,0.086778
0.07835,51.100075,52.359878,0.499992,-26.828897,0.087817
0.13318,51.099365,52.359878,0.499992,-13.09581,0.089008
0.098008,51.359386,52.359878,0.499992,7.039842,0.0901
0.054836,51.726566,52.359878,0.499992,20.55859,0.09084
0.137999,52.268463,52.359878,0.499992,35.022724,0.091133
0.047477,52.635681,52.359878,0.499992,34.881176,0.091016
0.11377,52.832439,52.359878,0.499992,28.796623,0.090704
0.100748,52.783562,52.359878,0.499992,12.861503,0.090288
0.092535,52.69215,52.359878,0.499992,1.728253,0.089913
0.087776,52.462711,52.359878,0.499992,-9.375916,0.089724
0.10852,52.289356,52.359878,0.499992,-12.772722,0.089719
0.1514,52.052021,52.359878,0.499992,-17.42794,0.089906
0.107599,51.893242,52.359878,0.499992,-17.071154,0.090247
0.10601,51.852833,52.359878,0.499992,-10.971699,0.090694
0.057936,52.054722,52.359878,0.499992,4.723005,0.091101
0.118212,52.562374,52.359878,0.499992,26.187946,0.091156
0.079337,53.194714,52.359878,0.499992,42.563515,0.090656
0.10263,53.573204,52.359878,0.499992,39.302902,0.089689
0.077868,53.672821,52.359878,0.499992,25.148277,0.088522
0.07597,53.578182,52.359878,0.499992,8.841162,0.087358
0.10429,53.270561,52.359878,0.499992,-9.279099,0.086399
0.029734,53.013092,52.359878,0.499992,-16.74613,0.08569
0.110747,52.713612,52.359878,0.499992,-22.772192,0.085237
0.106074,52.381485,52.359878,0.499992,-28.235489,0.085046
0.086474,51.952354,52.359878,0.499992,-36.043377,0.085191
0.099173,51.732738,52.359878,0.499992,-29.843855,0.085653
0.126378,51.958038,52.359878,0.499992,-4.651298,0.086148
0.112964,52.360832,52.359878,0.499992,16.422731,0.086342
0.276526,52.892506,52.359878,0.499992,32.127926,0.086057
0.048366,53.079021,52.359878,0.499992,24.835115,0.085452
0.098551,52.947884,52.359878,0.499992,6.494051,0.084834
0.075224,52.822571,52.359878,0.499992,-1.971227,0.084363
0.093825,52.475338,52.359878,0.499992,-16.709049,0.084113
0.094198,52.224052,52.359878,0.499992,-20.573153,0.084124
0.075917,51.910419,52.359878,0.499992,-26.077446,0.084375
0.05955,51.546642,52.359878,0.499992,-30.849669,0.084948
0.076814,51.08865,52.359878,0.499992,-36.581707,0.085934
0.091093,51.086189,52.359878,0.499992,-18.703924,0.087124
0.135974,51.220726,52.359878,0.499992,-2.474179,0.088269
0.094906,51.805687,52.359878,0.499992,25.292822,0.089022
0.090772,52.374722,52.359878,0.499992,39.870773,0.089264
0.121347,52.555962,52.359878,0.499992,29.440739,0.089155
0.088415,52.599304,52.359878,0.499992,17.518398,0.088948
0.045253,52.565296,52.359878,0.499992,8.290497,0.088757
0.048292,52.363972,52.359878,0.499992,-5.0335,0.08866
0.019874,52.260849,52.359878,0.499992,-7.316787,0.088705
-0.013603,52.015533,52.359878,0.499992,-14.417975,0.088934
0.086778,51.71833,52.359878,0.499992,-20.65905,0.089412
0.082874,51.41103,52.359878,0.499992,-24.852739,0.090148
0.121187,51.465393,52.359878,0.499992,-9.780781,0.091021
0.093216,51.730202,52.359878,0.499992,8.407975,0.091759
0.103919,52.245861,52.359878,0.499992,28.671223,0.092105
0.0556,52.704582,52.359878,0.499992,35.97398,0.091982
0.096498,53.01083,52.359878,0.499992,31.478437,0.091463
0.105641,53.19046,52.359878,0.499992,25.935888,0.090806
0.073048,53.12648,52.359878,0.499992,11.3385,0.090093
0.080074,53.039837,52.359878,0.499992,2.120521,0.089435
0.119201,52.789066,52.359878,0.499992,-10.003483,0.088945
0.089306,52.667988,52.359878,0.499992,-10.633524,0.08862
0.054461,52.456512,52.359878,0.499992,-15.30294,0.088444
0.015002,52.336117,52.359878,0.499992,-14.770631,0.088382
0.010694,52.361576,52.359878,0.499992,-7.285739,0.088376
0.137995,52.586334,52.359878,0.499992,7.462479,0.088299
0.08161,53.012222,52.359878,0.499992,24.906219,0.087938
0.073244,53.511578,52.359878,0.499992,36.953667,0.087129
0.094274,53.697994,52.359878,0.499992,29.360424,0.086024
0.105289,53.665062,52.359878,0.499992,14.556489,0.084833
0.067502,53.531612,52.359878,0.499992,1.960119,0.083713
0.005222,53.172577,52.359878,0.499992,-14.025121,0.082859
0.077097,52.818382,52.359878,0.499992,-23.554026,0.082295
0.125727,52.550434,52.359878,0.499992,-24.811314,0.082008
0.090482,52.239464,52.359878,0.499992,-27.790628,0.081975
0.098329,51.866909,52.359878,0.499992,-32.89072,0.082233
0.085965,51.640339,52.359878,0.499992,-28.923975,0.082761
0.123963,51.793571,52.359878,0.499992,-8.378945,0.083348
0.087717,52.239887,52.359878,0.499992,16.423931,0.083668
0.09476,52.71603,52.359878,0.499992,30.753502,0.083557
0.077372,52.805145,52.359878,0.499992,19.887297,0.083169
0.024402,52.706364,52.359878,0.499992,5.478453,0.082788
0.084808,52.461723,52.359878,0.499992,-8.228257,0.082589
0.034778,52.23103,52.359878,0.499992,-14.656141,0.082614
0.106938,51.938553,52.359878,0.499992,-21.004354,0.08288
0.106013,51.715084,52.359878,0.499992,-22.436724,0.083339
0.082681,51.362217,52.359878,0.499992,-29.188726,0.084063
0.181874,51.013103,52.359878,0.499992,-31.839703,0.085128
0.124187,50.927544,52.359878,0.499992,-20.898533,0.0864
0.082028,51.248043,52.359878,0.499992,5.294374,0.087607
0.004239,51.789581,52.359878,0.499992,28.760345,0.088401
0.018763,52.367298,52.359878,0.499992,41.954372,0.088649
0.115998,52.558586,52.359878,0.499992,31.251774,0.088548
0.075974,52.577621,52.359878,0.499992,18.763159,0.088395
0.086628,52.492413,52.359878,0.499992,6.252838,0.088238
0.109561,52.271122,52.359878,0.499992,-7.612947,0.088199
0.06036,52.092934,52.359878,0.499992,-13.144539,0.088333
0.0921,51.893261,52.359878,0.499992,-16.250061,0.088666
0.056602,51.588566,52.359878,0.499992,-21.178747,0.089281
0.038169,51.188473,52.359878,0.499992,-29.250439,0.09019
0.126064,51.299854,52.359878,0.499992,-9.1939,0.091247
0.087123,51.551716,52.359878,0.499992,7.273155,0.092118
0.095869,52.247303,52.359878,0.499992,35.733738,0.092522
0.12282,52.851879,52.359878,0.499992,47.602818,0.09236
0.107038,53.147774,52.359878,0.499992,38.719131,0.091763
0.052273,53.346645,52.359878,0.499992,29.984699,0.090953
0.08862,53.315922,52.359878,0.499992,14.024825,0.090049
0.05817,53.261242,52.359878,0.499992,4.972811,0.0892
0.118701,53.019321,52.359878,0.499992,-8.147102,0.088502
0.07381,52.77504,52.359878,0.499992,-15.606465,0.088017
0.073385,52.453388,52.359878,0.499992,-24.077024,0.087762
0.106264,52.360363,52.359878,0.499992,-17.146759,0.087719
0.069276,52.359337,52.359878,0.499992,-7.809206,0.087766
0.09299,52.520901,52.359878,0.499992,3.929338,0.087715
0.075703,53.042618,52.359878,0.499992,26.978718,0.087351
0.081629,53.423168,52.359878,0.499992,31.105846,0.086528
0.102554,53.620319,52.359878,0.499992,24.634838,0.085431
0.078634,53.5975,52.359878,0.499992,10.62254,0.084247
0.082504,53.404442,52.359878,0.499992,-4.878142,0.083156
0.055415,53.01775,52.359878,0.499992,-21.311699,0.082354
0.084277,52.666454,52.359878,0.499992,-27.042128,0.081935
0.055979,52.270947,52.359878,0.499992,-31.847458,0.081866
0.106,51.878059,52.359878,0.499992,-35.196102,0.082132
0.091633,51.527664,52.359878,0.499992,-33.894905,0.082765
0.046741,51.373383,52.359878,0.499992,-24.17131,0.083631
0.140332,51.470589,52.359878,0.499992,-6.973197,0.084534
0.054102,51.934143,52.359878,0.499992,17.628151,0.085129
0.119216,52.375462,52.359878,0.499992,28.675489,0.085279
0.11049,52.571003,52.359878,0.499992,22.41625,0.08511
0.081078,52.56535,52.359878,0.499992,10.094943,0.084867
0.120098,52.335361,52.359878,0.499992,-6.285376,0.08475
0.112808,52.129467,52.359878,0.499992,-12.88415,0.084864
0.081851,51.785408,52.359878,0.499992,-22.757584,0.085237
0.133404,51.616314,52.359878,0.499992,-20.953676,0.085806
0.062811,51.277466,52.359878,0.499992,-27.825272,0.086611
0.117899,50.985283,52.359878,0.499992,-28.742674,0.087718
0.112825,50.946217,52.359878,0.499992,-16.112988,0.089024
0.137534,51.118046,52.359878,0.499992,0.392128,0.090267
0.122927,51.678242,52.359878,0.499992,26.230677,0.091145
0.090518,52.396633,52.359878,0.499992,24.698313,0.091399
0.067605,51.594971,52.359878,0.499992,-23.837465,0.091732
0.068987,50.685555,52.359878,0.499992,-54.312653,0.092863
0.146782,49.940872,52.359878,0.499992,-63.36734,0.094735
0.132293,49.090721,52.359878,0.499992,-73.69352,0.097317
0.14808,48.275089,52.359878,0.499992,-78.221069,0.100639
0.217897,47.555229,52.359878,0.499992,-75.618843,0.104672
0.20013,47.038971,52.359878,0.499992,-64.444649,0.109281
0.180419,46.549446,52.359878,0.499992,-55.299137,0.114409
0.316889,46.306587,52.359878,0.499992,-39.396679,0.119858
0.171522,46.320507,52.359878,0.499992,-18.704218,0.125418
0.220755,46.386463,52.359878,0.499992,-7.429062,0.130874
0.214298,46.562798,52.359878,0.499992,3.057847,0.136194
0.200153,46.461952,52.359878,0.499992,-4.871732,0.141458
0.258938,46.261494,52.359878,0.499992,-13.494787,0.146865
0.144455,45.943222,52.359878,0.499992,-22.376724,0.152545
0.255866,45.392414,52.359878,0.499992,-37.776604,0.15863
0.251422,44.893707,52.359878,0.499992,-43.963459,0.165181
0.235594,44.457973,52.359878,0.499992,-45.034462,0.172134
0.310735,44.056255,52.359878,0.499992,-43.962189,0.179469
0.240128,43.563301,52.359878,0.499992,-46.802635,0.187239
0.312805,43.152031,52.359878,0.499992,-43.768646,0.195443
0.34076,42.870144,52.359878,0.499992,-34.74847,0.204008
0.37285,42.750069,52.359878,0.499992,-22.847939,0.212784
0.391178,42.753277,52.359878,0.499992,-11.318113,0.221554
0.355811,42.784473,52.359878,0.499992,-5.017689,0.230272
0.312904,42.853466,52.359878,0.499992,0.329998,0.238946
0.372137,42.743896,52.359878,0.499992,-5.327611,0.247634
0.401742,42.464561,52.359878,0.499992,-16.625713,0.256487
0.350255,42.049168,52.359878,0.499992,-28.410921,0.26567
0.343516,41.423977,52.359878,0.499992,-43.948254,0.275347
0.429293,40.786572,52.359878,0.499992,-53.305256,0.285586
0.441584,40.342667,52.359878,0.499992,-49.079102,0.296322
0.499687,39.804905,52.359878,0.499992,-51.727478,0.307491
0.487591,39.362949,52.359878,0.499992,-49.242664,0.319085
0.538337,38.991901,52.359878,0.499992,-43.391937,0.331088
0.507253,38.6539,52.359878,0.499992,-39.18959,0.343401
0.502089,38.379787,52.359878,0.499992,-33.359745,0.356012
0.546507,38.361057,52.359878,0.499992,-17.906254,0.368768
0.50488,38.315292,52.359878,0.499992,-10.283343,0.381577
0.56874,38.525215,52.359878,0.499992,4.880404,0.394282
0.597215,38.597691,52.359878,0.499992,5.1859,0.406818
0.597605,38.740002,52.359878,0.499992,8.97625,0.419261
0.644923,38.686665,52.359878,0.499992,3.190674,0.431706
0.652283,38.550629,52.359878,0.499992,-5.098333,0.444259
0.636315,38.420937,52.359878,0.499992,-9.292129,0.456864
0.571575,38.038311,52.359878,0.499992,-23.002089,0.469716
0.667927,37.779469,52.359878,0.499992,-24.187307,0.482872
0.709913,37.619698,52.359878,0.499992,-19.46612,0.496241
0.640835,37.444954,52.359878,0.499992,-18.266451,0.509743
0.758505,37.280052,52.359878,0.499992,-17.292313,0.523395
0.754517,37.188934,52.359878,0.499992,-13.156661,0.537171
0.736045,37.15134,52.359878,0.499992,-9.124336,0.550986
0.768099,37.098495,52.359878,0.499992,-7.854577,0.564835
0.7673,37.234707,52.359878,0.499992,3.480261,0.578703
0.809966,37.498306,52.359878,0.499992,14.935608,0.592376
0.756078,37.9744,52.359878,0.499992,30.790329,0.605702
0.823156,38.30579,52.359878,0.499992,31.683582,0.618638
0.838566,38.778858,52.359878,0.499992,37.832302,0.631176
0.876428,39.171284,52.359878,0.499992,36.672218,0.643297
0.857421,39.314095,52.359878,0.499992,24.264742,0.655169
0.869879,39.518223,52.359878,0.499992,22.441824,0.666942
0.777233,39.568031,52.359878,0.499992,14.209177,0.678603
0.760556,39.578331,52.359878,0.499992,8.084867,0.690237
0.758953,39.496033,52.359878,0.499992,1.850166,0.701946
0.894404,39.486111,52.359878,0.499992,0.896171,0.713732
0.846423,39.688164,52.359878,0.499992,10.04914,0.72536
0.854094,39.735592,52.359878,0.499992,7.711129,0.736877
0.8916,39.929173,52.359878,0.499992,13.364335,0.748285
0.821542,40.076885,52.359878,0.499992,14.65741,0.759549
0.842592,40.394573,52.359878,0.499992,23.595238,0.770617
0.977452,40.976101,52.359878,0.499992,39.231903,0.781231
0.906421,41.786125,52.359878,0.499992,58.724087,0.791222
0.924405,42.457325,52.359878,0.499992,62.68079,0.800543
0.922859,43.146122,52.359878,0.499992,65.330452,0.809233
0.938068,43.578041,52.359878,0.499992,53.749325,0.81738
0.973647,43.916374,52.359878,0.499992,43.253693,0.825175
0.987268,44.202412,52.359878,0.499992,36.210114,0.832718
0.913384,44.26305,52.359878,0.499992,21.783838,0.840099
0.966134,44.348167,52.359878,0.499992,15.668031,0.847427
0.938206,44.430126,52.359878,0.499992,12.164325,0.85468
1.187804,44.688175,52.359878,0.499992,18.468105,0.861774
0.935995,44.823509,52.359878,0.499992,16.649035,0.868709
0.965299,45.023567,52.359878,0.499992,18.213358,0.875476
0.967179,45.267872,52.359878,0.499992,22.025087,0.882069
1.02089,45.733795,52.359878,0.499992,33.371078,0.888312
0.889989,46.444736,52.359878,0.499992,50.839455,0.894016
1.007523,47.125401,52.359878,0.499992,57.514812,0.899079
0.97349,47.758972,52.359878,0.499992,58.991844,0.903512
0.942264,48.033672,52.359878,0.499992,43.484024,0.907545
1.001436,48.093891,52.359878,0.499992,25.155399,0.911424
0.930372,48.144463,52.359878,0.499992,14.066428,0.915225
0.994122,48.19714,52.359878,0.499992,9.86242,0.919027
0.995497,48.05645,52.359878,0.499992,-0.478503,0.922905
0.945468,47.999783,52.359878,0.499992,-3.06226,0.926843
0.924197,47.975094,52.359878,0.499992,-3.389149,0.930804
1.034496,47.977341,52.359878,0.499992,-2.032844,0.934784
0.950278,47.998722,52.359878,0.499992,0.316879,0.938774
1.03356,48.235153,52.359878,0.499992,11.072542,0.942637
0.956044,48.834362,52.359878,0.499992,33.782848,0.946116
1.015731,49.526127,52.359878,0.499992,50.591999,0.949018
0.995002,50.051083,52.359878,0.499992,51.931763,0.951372
0.923539,50.28236,52.359878,0.499992,38.754078,0.953372
1.023771,50.209721,52.359878,0.499992,17.379005,0.955298
1.029894,50.149109,52.359878,0.499992,4.960762,0.957232
0.992836,50.101864,52.359878,0.499992,0.021106,0.959247
0.834443,49.933586,52.359878,0.499992,-7.464581,0.961389
1.006684,49.881863,52.359878,0.499992,-6.590049,0.963615
0.992902,49.869881,52.359878,0.499992,-4.239949,0.96587
0.985054,49.803284,52.359878,0.499992,-5.731776,0.968168
1.060719,49.93885,52.359878,0.499992,4.01609,0.970457
0.996463,50.271969,52.359878,0.499992,18.247099,0.972531
0.9793,50.890339,52.359878,0.499992,38.979439,0.974165
0.984134,51.480526,52.359878,0.499992,47.437576,0.975208
1.000284,51.982765,52.359878,0.499992,48.275078,0.97576
0.988617,51.992352,52.359878,0.499992,26.331003,0.9761
1.025676,51.990368,52.359878,0.499992,13.926888,0.976432
1.03678,51.928955,52.359878,0.499992,4.476188,0.976794
1.008686,51.908901,52.359878,0.499992,1.202994,0.977184
0.917937,51.989765,52.359878,0.499992,5.05204,0.977576
0.967467,51.948158,52.359878,0.499992,1.365322,0.977951
0.993535,51.938385,52.359878,0.499992,0.850975,0.978349
0.955389,52.027256,52.359878,0.499992,5.590752,0.978725
0.939545,52.384552,52.359878,0.499992,20.188646,0.978886
1.02594,53.009933,52.359878,0.499992,40.337158,0.978596
0.902025,53.752895,52.359878,0.499992,56.509075,0.977676
0.961412,54.140373,52.359878,0.499992,47.734951,0.976215
0.982178,54.229782,52.359878,0.499992,29.406477,0.97454
0.980535,54.20779,52.359878,0.499992,15.011025,0.972856
0.945215,54.131756,52.359878,0.499992,5.42615,0.971229
0.919462,53.935886,52.359878,0.499992,-6.248178,0.969707
0.866322,53.857594,52.359878,0.499992,-8.195601,0.968269
0.981053,53.722069,52.359878,0.499992,-11.739536,0.966932
0.940521,53.524097,52.359878,0.499992,-16.935297,0.965736
0.984212,53.587124,52.359878,0.499992,-4.96351,0.964686
1.029469,53.827366,52.359878,0.499992,8.871135,0.963476
0.918365,54.398216,52.359878,0.499992,30.602568,0.961861
0.978243,54.815186,52.359878,0.499992,34.488716,0.959778
0.867449,54.95982,52.359878,0.499992,23.831366,0.957427
0.927034,54.761547,52.359878,0.499992,4.874088,0.955189
0.940787,54.390556,52.359878,0.499992,-14.354468,0.953183
0.959133,54.17202,52.359878,0.499992,-17.934347,0.95143
0.949724,53.814125,52.359878,0.499992,-26.672827,0.949935
0.969328,53.572533,52.359878,0.499992,-27.264442,0.948666
0.981866,53.298233,52.359878,0.499992,-28.149715,0.947659
0.879096,52.981144,52.359878,0.499992,-29.667494,0.946952
0.935403,53.060894,52.359878,0.499992,-12.554278,0.946341
0.945098,53.473549,52.359878,0.499992,13.277184,0.945541
0.985592,53.93821,52.359878,0.499992,29.66959,0.94435
0.932823,54.163044,52.359878,0.499992,24.95451,0.942772
0.947103,54.106266,52.359878,0.499992,8.867351,0.941088
0.908026,53.908478,52.359878,0.499992,-5.146631,0.939564
0.893933,53.61964,52.359878,0.499992,-16.914371,0.93826
0.939553,53.39325,52.359878,0.499992,-19.489653,0.937217
0.897197,53.253559,52.359878,0.499992,-15.687479,0.936378
0.867552,52.965588,52.359878,0.499992,-21.165928,0.935718
1.000506,52.686153,52.359878,0.499992,-24.921728,0.93528
0.92615,52.617493,52.359878,0.499992,-15.707964,0.935038
0.94563,52.821144,52.359878,0.499992,1.618724,0.934732
0.919507,53.353691,52.359878,0.499992,26.188204,0.93409
0.890623,53.868889,52.359878,0.499992,37.441399,0.932935
0.936066,54.144176,52.359878,0.499992,31.550985,0.931394
0.898628,54.036793,52.359878,0.499992,11.116374,0.929792
0.834885,53.829811,52.359878,0.499992,-4.547606,0.928333
0.918564,53.688683,52.359878,0.499992,-8.750819,0.927064
0.903844,53.427422,52.359878,0.499992,-16.214483,0.925995
0.93988,53.282223,52.359878,0.499992,-15.739897,0.925082
0.832572,53.172733,52.359878,0.499992,-14.382939,0.924265
0.90018,53.034916,52.359878,0.499992,-15.501989,0.923543
0.932172,53.18845,52.359878,0.499992,0.63714,0.922914
0.914823,53.58242,52.359878,0.499992,20.093065,0.922029
0.805199,54.124226,52.359878,0.499992,35.994579,0.920679
0.913032,54.710503,52.359878,0.499992,44.613098,0.918741
0.904915,54.857082,52.359878,0.499992,28.516651,0.916464
0.929254,54.687901,52.359878,0.499992,6.837366,0.914246
0.852762,54.485691,52.359878,0.499992,-5.614559,0.912218
0.862873,54.134792,52.359878,0.499992,-19.37178,0.910442
0.906104,53.939445,52.359878,0.499992,-19.266438,0.90892
0.874492,53.778263,52.359878,0.499992,-17.493313,0.907566
0.878701,53.418621,52.359878,0.499992,-26.594292,0.906426
0.876611,53.167213,52.359878,0.499992,-26.709078,0.905551
0.925737,53.219429,52.359878,0.499992,-12.49212,0.904778
0.927267,53.620064,52.359878,0.499992,12.38156,0.903827
0.890279,54.137386,52.359878,0.499992,31.079277,0.902459
0.917609,54.395401,52.359878,0.499992,27.568954,0.90069
0.86393,54.279884,52.359878,0.499992,8.885724,0.898868
0.874117,53.907425,52.359878,0.499992,-12.543468,0.897291
0.869609,53.577965,52.359878,0.499992,-22.003077,0.896029
0.900068,53.142353,52.359878,0.499992,-32.027199,0.895121
0.908732,52.850536,52.359878,0.499992,-31.102312,0.894531
0.925852,52.531109,52.359878,0.499992,-32.278496,0.894206
0.954703,52.224228,52.359878,0.499992,-31.9918,0.894177
0.895037,51.937992,52.359878,0.499992,-29.762882,0.894449
0.926454,52.055428,52.359878,0.499992,-10.019588,0.894795
0.860069,52.471825,52.359878,0.499992,15.412129,0.894927
0.911263,52.913067,52.359878,0.499992,29.464716,0.894649
0.90574,53.15612,52.359878,0.499992,26.383211,0.894014
0.893763,53.097107,52.359878,0.499992,11.133781,0.893304
0.838213,52.794411,52.359878,0.499992,-7.960022,0.892778
0.868847,52.540421,52.359878,0.499992,-15.938971,0.8925
0.902055,52.255646,52.359878,0.499992,-21.100628,0.892486
0.940545,51.929623,52.359878,0.499992,-26.584888,0.892728
0.895796,51.706837,52.359878,0.499992,-25.604521,0.893188
0.94576,51.419926,52.359878,0.499992,-27.859827,0.893888
0.82954,51.324005,52.359878,0.499992,-19.617188,0.894776
0.880518,51.510273,52.359878,0.499992,-0.66618,0.895672
0.912709,51.853874,52.359878,0.499992,16.602343,0.896324
0.920816,52.460808,52.359878,0.499992,37.530243,0.896522
0.869324,52.833878,52.359878,0.499992,37.543304,0.896266
0.884976,52.837719,52.359878,0.499992,19.746859,0.895815
0.96621,52.771339,52.359878,0.499992,6.714797,0.895387
0.84781,52.632351,52.359878,0.499992,-3.648602,0.895049
0.929061,52.509922,52.359878,0.499992,-7.225561,0.894866
0.830403,52.367374,52.359878,0.499992,-9.957582,0.894811
0.848881,52.285381,52.359878,0.499992,-9.647242,0.894824
0.929602,52.199131,52.359878,0.499992,-8.409275,0.894952
0.883345,52.036346,52.359878,0.499992,-10.641404,0.895218
0.894007,52.264179,52.359878,0.499992,5.451487,0.895429
0.89957,52.763756,52.359878,0.499992,27.538406,0.895335
0.904303,53.332581,52.359878,0.499992,41.389519,0.894719
0.924062,53.656509,52.359878,0.499992,35.745785,0.893641
0.862037,53.654346,52.359878,0.499992,17.218266,0.8924
0.923505,53.505962,52.359878,0.499992,1.80695,0.89127
0.796294,53.174805,52.359878,0.499992,-14.755175,0.890365
0.793589,53.004345,52.359878,0.499992,-15.109945,0.889719
0.893925,52.745186,52.359878,0.499992,-18.713223,0.889294
0.900549,52.420162,52.359878,0.499992,-24.666719,0.889109
0.819051,52.16264,52.359878,0.499992,-24.687046,0.889186
0.851203,51.818615,52.359878,0.499992,-28.880772,0.889537
0.943825,52.022152,52.359878,0.499992,-5.764418,0.889945
0.893669,52.400482,52.359878,0.499992,15.709476,0.890121
0.90441,52.827667,52.359878,0.499992,28.663795,0.889903
0.862146,53.005997,52.359878,0.499992,22.617926,0.889365
0.820862,52.849964,52.359878,0.499992,3.476158,0.888801
0.909433,52.667809,52.359878,0.499992,-6.651258,0.888432
0.864277,52.329048,52.359878,0.499992,-19.252728,0.888308
0.885668,52.04961,52.359878,0.499992,-23.141596,0.888464
0.890211,51.792202,52.359878,0.499992,-23.297853,0.888899
0.918489,51.519089,52.359878,0.499992,-25.355936,0.889536
0.924021,51.276596,52.359878,0.499992,-24.909208,0.89041
0.965086,51.012493,52.359878,0.499992,-25.026285,0.891535
0.925085,51.22673,52.359878,0.499992,-3.357152,0.892666
0.922048,51.620888,52.359878,0.499992,18.104254,0.893568
0.840064,52.113014,52.359878,0.499992,33.286297,0.894041
0.927279,52.36388,52.359878,0.499992,28.662783,0.894126
0.911928,52.379105,52.359878,0.499992,16.19976,0.894113
0.896463,52.178982,52.359878,0.499992,0.795441,0.894232
0.812198,51.866695,52.359878,0.499992,-13.603456,0.894556
0.936859,51.665726,52.359878,0.499992,-16.41818,0.895102
0.920413,51.517998,52.359878,0.499992,-14.757161,0.89583
0.946794,51.345829,52.359878,0.499992,-15.665532,0.896683
0.892881,51.247833,52.359878,0.499992,-12.582328,0.897661
0.947276,51.050396,52.359878,0.499992,-15.863498,0.898763
0.854337,51.350956,52.359878,0.499992,5.302032,0.899813
0.91468,51.862194,52.359878,0.499992,27.04175,0.900513
0.902927,52.437664,52.359878,0.499992,40.660183,0.900688
0.919471,52.860558,52.359878,0.499992,40.486614,0.900396
0.913215,52.925636,52.359878,0.499992,23.497213,0.899871
0.920171,52.876427,52.359878,0.499992,10.524659,0.899383
0.950488,52.761871,52.359878,0.499992,1.174497,0.898991
0.922852,52.602131,52.359878,0.499992,-6.408634,0.89871
0.9077,52.434937,52.359878,0.499992,-11.226283,0.898566
0.855506,52.448711,52.359878,0.499992,-5.563619,0.898481
0.91455,52.288631,52.359878,0.499992,-10.067055,0.898485
0.915396,52.21677,52.359878,0.499992,-8.040888,0.898601
0.866991,52.416157,52.359878,0.499992,5.108453,0.898649
0.844509,52.840786,52.359878,0.499992,23.227463,0.898429
0.912073,53.330608,52.359878,0.499992,34.678059,0.897756
0.902358,53.64991,52.359878,0.499992,31.738646,0.896675
0.929041,53.541534,52.359878,0.499992,10.51636,0.895501
0.865859,53.290684,52.359878,0.499992,-6.854114,0.894511
0.829582,52.995281,52.359878,0.499992,-18.050098,0.893775
0.937221,52.69175,52.359878,0.499992,-24.222811,0.893318
0.873942,52.533108,52.359878,0.499992,-19.608759,0.893109
0.891583,52.245018,52.359878,0.499992,-23.635214,0.893093
0.898988,51.983551,52.359878,0.499992,-25.045691,0.89331
0.925094,51.762466,52.359878,0.499992,-23.834549,0.893749
0.935919,51.88361,52.359878,0.499992,-6.352764,0.894265
0.96288,52.264328,52.359878,0.499992,16.145477,0.894586
0.924397,52.661461,52.359878,0.499992,26.941906,0.89449
0.895687,52.824001,52.359878,0.499992,20.115938,0.894082
0.845905,52.746174,52.359878,0.499992,5.741007,0.893645
0.911622,52.537285,52.359878,0.499992,-6.130647,0.8934
0.907209,52.1894,52.359878,0.499992,-19.016357,0.893412
0.878382,51.888248,52.359878,0.499992,-25.191904,0.893673
0.78237,51.653637,52.359878,0.499992,-24.815651,0.894195
0.949425,51.433331,52.359878,0.499992,-23.411144,0.894942
0.935117,51.127975,52.359878,0.499992,-27.14535,0.895915
0.95567,50.933044,52.359878,0.499992,-24.677822,0.89709
0.904097,51.133953,52.359878,0.499992,-4.356901,0.898282
0.951394,51.566936,52.359878,0.499992,18.162762,0.899213
0.919465,52.078011,52.359878,0.499992,33.355904,0.899698
0.902296,52.47517,52.359878,0.499992,35.42672,0.899745
0.887936,52.503914,52.359878,0.499992,19.471666,0.899599
0.90517,52.414745,52.359878,0.499992,6.470737,0.899511
0.910929,52.171329,52.359878,0.499992,-6.999757,0.899599
0.957577,51.854935,52.359878,0.499992,-18.342001,0.89992
0.964449,51.63736,52.359878,0.499992,-20.748972,0.900455
0.938287,51.558353,52.359878,0.499992,-15.905416,0.901113
0.84859,51.393822,52.359878,0.499992,-16.696157,0.9019
0.888522,51.386105,52.359878,0.499992,-9.277501,0.90278
0.937242,51.517059,52.359878,0.499992,1.931489,0.903636
0.927141,52.035595,52.359878,0.499992,26.119705,0.904199
0.849729,52.763546,52.359878,0.499992,48.864067,0.904197
0.877421,53.193565,52.359878,0.499992,45.708027,0.903624
0.933933,53.32439,52.359878,0.499992,29.343588,0.902765
0.904572,53.172832,52.359878,0.499992,7.431247,0.901918
0.921101,53.099728,52.359878,0.499992,0.376226,0.901198
0.859264,52.855904,52.359878,0.499992,-10.941614,0.900642
0.813513,52.747143,52.359878,0.499992,-10.340167,0.900254
0.917356,52.718998,52.359878,0.499992,-4.19454,0.899996
0.863519,53.360687,52.359878,0.499992,29.164936,0.899432
0.88767,53.932198,52.359878,0.499992,42.998859,0.898288
0.85494,54.92881,52.359878,0.499992,69.249527,0.896406
0.868331,56.500397,52.359878,0.499992,110.420479,0.893365
0.853977,58.157505,52.359878,0.499992,135.035904,0.888813
0.853211,59.599285,52.359878,0.499992,137.560349,0.882819
0.840473,60.314636,52.359878,0.499992,106.09803,0.875876
0.693666,60.826622,52.359878,0.499992,79.31356,0.868358
0.644297,61.337456,52.359878,0.499992,66.036156,0.86041
0.748644,61.846191,52.359878,0.499992,59.829208,0.852032
0.72701,62.325504,52.359878,0.499992,54.865089,0.843156
0.699366,62.681515,52.359878,0.499992,46.775864,0.833954
0.705559,63.142036,52.359878,0.499992,47.808918,0.824398
0.658554,64.138268,52.359878,0.499992,72.538918,0.814154
0.599201,65.566185,52.359878,0.499992,105.233879,0.80279
0.542043,66.790451,52.359878,0.499992,110.699234,0.790137
0.538559,67.304405,52.359878,0.499992,80.66832,0.776688
0.584896,67.45414,52.359878,0.499992,49.026035,0.762977
0.572649,67.461266,52.359878,0.499992,26.543131,0.749236
0.583304,67.687515,52.359878,0.499992,23.92515,0.735366
0.534168,67.866707,52.359878,0.499992,20.683033,0.721319
0.512668,67.948639,52.359878,0.499992,15.190044,0.70718
0.474443,68.50499,52.359878,0.499992,34.565517,0.692761
0.508619,69.668549,52.359878,0.499992,73.101624,0.677562
0.346801,71.031021,52.359878,0.499992,101.046272,0.661149
0.37929,71.567085,52.359878,0.499992,77.25193,0.643857
0.346506,71.568138,52.359878,0.499992,39.828362,0.626323
0.363331,71.497131,52.359878,0.499992,18.288185,0.608881
0.345979,71.610725,52.359878,0.499992,15.454219,0.591428
0.32414,71.689674,52.359878,0.499992,12.170376,0.573879
0.324279,71.666222,52.359878,0.499992,7.383015,0.556359
0.231657,72.139465,52.359878,0.499992,27.800222,0.538545
0.242711,73.220215,52.359878,0.499992,65.436867,0.520071
0.239087,74.472832,52.359878,0.499992,90.671967,0.500434
0.169307,74.743584,52.359878,0.499992,60.471104,0.480163
0.17843,74.409111,52.359878,0.499992,17.375938,0.459959
0.161157,74.073692,52.359878,0.499992,-4.179177,0.440111
0.060022,73.914986,52.359878,0.499992,-8.353823,0.420462
0.1482,73.391365,52.359878,0.499992,-29.162624,0.401073
0.098334,73.053581,52.359878,0.499992,-31.668449,0.382081
0.111904,73.335083,52.359878,0.499992,-2.203326,0.363177
0.097101,73.984894,52.359878,0.499992,29.706854,0.343822
0.060029,74.024231,52.359878,0.499992,14.773783,0.324029
0.074004,73.357727,52.359878,0.499992,-26.181669,0.304515
0.001416,72.446144,52.359878,0.499992,-56.015991,0.285826
0.008272,71.49884,52.359878,0.499992,-72.099899,0.268041
0.037309,70.475349,52.359878,0.499992,-87.213692,0.251058
0.032229,69.401848,52.359878,0.499992,-95.886925,0.23508
-0.024713,68.466232,52.359878,0.499992,-94.321251,0.220018
0.018621,67.990501,52.359878,0.499992,-72.878494,0.205573
0.016483,67.81842,52.359878,0.499992,-47.393623,0.191418
-0.059078,66.961761,52.359878,0.499992,-65.70266,0.177652
-0.042506,65.862267,52.359878,0.499992,-87.203011,0.164832
-0.00835,64.444489,52.359878,0.499992,-111.832726,0.153213
0.03406,62.980804,52.359878,0.499992,-126.768471,0.142919
0.02959,61.644314,52.359878,0.499992,-130.120956,0.13386
0.040094,60.338573,52.359878,0.499992,-129.407883,0.126037
0.000029,59.271103,52.359878,0.499992,-116.946587,0.119327
0.052979,58.478348,52.359878,0.499992,-98.072502,0.113445
0.089889,57.944939,52.359878,0.499992,-75.615189,0.108179
0.065477,57.726509,52.359878,0.499992,-50.369381,0.10321
0.009803,57.340698,52.359878,0.499992,-45.68819,0.098478
0.073268,56.827446,52.359878,0.499992,-49.160419,0.094155
0.024366,56.15213,52.359878,0.499992,-58.875835,0.090358
-0.038596,55.337872,52.359878,0.499992,-70.247833,0.087249
0.076863,54.647861,52.359878,0.499992,-69.097633,0.084872
0.054989,54.00481,52.359878,0.499992,-66.320381,0.0831
0.100149,53.459984,52.359878,0.499992,-59.386597,0.081899
0.097736,52.90041,52.359878,0.499992,-57.670982,0.081159
0.089847,52.625481,52.359878,0.499992,-43.570999,0.080795
0.116011,52.535519,52.359878,0.499992,-26.344664,0.080635
0.094333,52.846359,52.359878,0.499992,0.29024,0.080334
0.043671,53.017212,52.359878,0.499992,7.2402,0.07979
0.189829,52.99992,52.359878,0.499992,1.095938,0.079134
0.001479,52.917412,52.359878,0.499992,-4.361126,0.078551
0.0038,52.477543,52.359878,0.499992,-23.81398,0.078211
0.072756,52.168148,52.359878,0.499992,-26.794359,0.078251
0.087416,51.824638,52.359878,0.499992,-28.967897,0.078624
0.117846,51.47036,52.359878,0.499992,-32.018082,0.079275
0.124264,51.195805,52.359878,0.499992,-30.235058,0.080198
0.113418,50.755314,52.359878,0.499992,-35.882275,0.081484
0.099766,50.767147,52.359878,0.499992,-17.636929,0.082969
0.134892,51.040966,52.359878,0.499992,5.170401,0.084357
0.124424,51.485958,52.359878,0.499992,23.680454,0.085367
0.191651,52.028027,52.359878,0.499992,36.600571,0.085876
0.048799,52.216728,52.359878,0.499992,27.344032,0.086059
0.105589,52.210873,52.359878,0.499992,13.889902,0.086174
0.085889,52.0341,52.359878,0.499992,-1.069399,0.08638
0.101932,51.798733,52.359878,0.499992,-12.224878,0.086759
0.106959,51.634941,52.359878,0.499992,-14.534543,0.087333
0.087815,51.472652,52.359878,0.499992,-15.809868,0.08805
0.077933,51.117664,52.359878,0.499992,-26.048407,0.088986
0.103008,50.886913,52.359878,0.499992,-25.011341,0.090209
0.064051,50.927238,52.359878,0.499992,-10.207043,0.091572
0.132874,51.126904,52.359878,0.499992,5.221256,0.092835
0.10209,51.77977,52.359878,0.499992,32.969975,0.093661
0.09403,52.358788,52.359878,0.499992,43.980438,0.093909
0.140876,52.597073,52.359878,0.499992,33.679218,0.093771
0.103852,52.793293,52.359878,0.499992,27.032564,0.093459
0.052194,52.716259,52.359878,0.499992,10.699793,0.093094
-0.005282,52.677975,52.359878,0.499992,3.072863,0.092757
0.012495,52.578354,52.359878,0.499992,-2.743713,0.092518
0.026582,52.364304,52.359878,0.499992,-11.521685,0.092412
0.089121,52.159229,52.359878,0.499992,-14.854547,0.092527
0.105669,51.859524,52.359878,0.499992,-22.228477,0.092838
0.119225,51.955391,52.359878,0.499992,-7.826109,0.09324
0.093165,52.2882,52.359878,0.499992,11.156184,0.093455
0.072486,52.894585,52.359878,0.499992,33.465397,0.093223
0.053571,53.474777,52.359878,0.499992,44.865658,0.092472
-0.016307,53.695789,52.359878,0.499992,33.109715,0.09132
0.08885,53.820881,52.359878,0.499992,23.020935,0.090029
0.064794,53.755562,52.359878,0.499992,9.821548,0.088743
0.058849,53.492542,52.359878,0.499992,-6.672848,0.087601
0.097735,53.125694,52.359878,0.499992,-20.428314,0.086742
0.085764,52.782024,52.359878,0.499992,-27.40728,0.086186
0.071521,52.393066,52.359878,0.499992,-32.701027,0.085978
-0.118404,52.170242,52.359878,0.499992,-27.5427,0.086057
0.031891,52.06535,52.359878,0.499992,-18.504751,0.086315
0.137488,52.171467,52.359878,0.499992,-3.536893,0.086582
0.08557,52.521889,52.359878,0.499992,14.228996,0.086595
0.080973,52.903027,52.359878,0.499992,23.007994,0.086201
0.095751,53.141239,52.359878,0.499992,22.382051,0.085562
0.079863,53.119423,52.359878,0.499992,11.640986,0.08488
0.084369,52.789597,52.359878,0.499992,-9.299176,0.084333
0.060674,52.405922,52.359878,0.499992,-23.138252,0.084106
0.071747,52.153316,52.359878,0.499992,-23.798929,0.084186
0.113143,51.789364,52.359878,0.499992,-29.606852,0.084545
0.063364,51.506306,52.359878,0.499992,-29.537239,0.085175
0.101204,51.126114,52.359878,0.499992,-32.787277,0.086146
0.147157,50.951904,52.359878,0.499992,-25.504389,0.087355
0.120864,51.238266,52.359878,0.499992,0.589663,0.088537
0.069128,51.801445,52.359878,0.499992,27.887136,0.089346
0.12769,52.334362,52.359878,0.499992,40.317696,0.089633
0.094596,52.553688,52.359878,0.499992,31.669453,0.089553
0.074647,52.526573,52.359878,0.499992,15.042816,0.089366
0.131353,52.412117,52.359878,0.499992,2.618668,0.08926
0.058555,52.25832,52.359878,0.499992,-5.349733,0.089293
0.112653,52.060291,52.359878,0.499992,-11.855731,0.089484
0.116399,51.91404,52.359878,0.499992,-14.380075,0.089784
0.096233,51.718269,52.359878,0.499992,-17.260015,0.090263
0.092863,51.343868,52.359878,0.499992,-26.477928,0.091023
0.116095,51.415783,52.359878,0.499992,-11.030933,0.091908
0.162071,51.71962,52.359878,0.499992,9.56714,0.092674
0.12817,52.292992,52.359878,0.499992,31.481131,0.09299
0.116842,52.889248,52.359878,0.499992,43.631092,0.092751
0.085647,53.085728,52.359878,0.499992,31.742334,0.092154
0.078865,53.142658,52.359878,0.499992,19.294567,0.091456
0.083515,53.102142,52.359878,0.499992,8.499268,0.09076
0.101756,52.963154,52.359878,0.499992,-2.328519,0.090136
0.081257,52.937759,52.359878,0.499992,-2.495034,0.089593
-0.000059,52.763683,52.359878,0.499992,-9.001139,0.089159
0.117388,52.556854,52.359878,0.499992,-13.531283,0.088915
0.102397,52.255264,52.359878,0.499992,-21.534021,0.088865
0.114515,52.417278,52.359878,0.499992,-4.014138,0.088886
0.115156,52.721516,52.359878,0.499992,12.807343,0.088723
0.090658,53.259773,52.359878,0.499992,32.073181,0.088156
0.086155,53.604225,52.359878,0.499992,32.612556,0.087165
0.095047,53.707253,52.359878,0.499992,20.500006,0.085928
0.08573,53.686081,52.359878,0.499992,9.843455,0.084698
0.127107,53.544487,52.359878,0.499992,-0.709575,0.083572
0.072882,53.270813,52.359878,0.499992,-12.4885,0.082637
0.094485,52.906139,52.359878,0.499992,-22.940536,0.081994
0.078682,52.502525,52.359878,0.499992,-31.108988,0.081681
0.098389,52.17168,52.359878,0.499992,-31.860538,0.081706
0.101989,51.891281,52.359878,0.499992,-29.302498,0.08203
0.11074,51.801003,52.359878,0.499992,-19.491098,0.082513
0.052101,51.959743,52.359878,0.499992,-2.760585,0.08296
0.091638,52.292507,52.359878,0.499992,13.950727,0.083175
0.007058,52.700787,52.359878,0.499992,25.37294,0.083016
0.097845,52.739113,52.359878,0.499992,14.514779,0.082662
0.057768,52.749447,52.359878,0.499992,7.603836,0.082288
0.077393,52.524593,52.359878,0.499992,-6.496419,0.082031
0.111671,52.183777,52.359878,0.499992,-18.82723,0.082049
0.09632,51.85955,52.359878,0.499992,-24.977848,0.082364
0.040177,51.598351,52.359878,0.499992,-25.433229,0.082939
0.046018,51.290485,52.359878,0.499992,-28.194378,0.083766
0.029838,51.063034,52.359878,0.499992,-25.451195,0.084847
0.078207,50.95047,52.359878,0.499992,-18.24715,0.0861
0.106045,51.260571,52.359878,0.499992,6.454893,0.0873
0.096671,51.710991,52.359878,0.499992,24.959126,0.088123
0.116092,52.277073,52.359878,0.499992,38.938419,0.088434
0.119529,52.52602,52.359878,0.499992,31.810583,0.088375
0.100594,52.514343,52.359878,0.499992,15.581001,0.088199
0.081596,52.365547,52.359878,0.499992,2.039723,0.08814
0.118399,52.089775,52.359878,0.499992,-11.26565,0.088276
0.150474,51.88707,52.359878,0.499992,-15.715307,0.088607
0.102894,51.744377,52.359878,0.499992,-16.626019,0.089053
0.111498,51.536793,52.359878,0.499992,-19.833933,0.089666
0.113526,51.303688,52.359878,0.499992,-21.125042,0.090527
0.094417,51.334793,52.359878,0.499992,-8.316347,0.091526
0.086816,51.639446,52.359878,0.499992,11.003222,0.092364
0.132807,52.357018,52.359878,0.499992,39.769592,0.092712
0.093199,53.052994,52.359878,0.499992,53.718548,0.092402
0.059544,53.299549,52.359878,0.499992,39.189445,0.091626
0.12231,53.445309,52.359878,0.499992,27.93956,0.090706
0.036334,53.285198,52.359878,0.499992,7.179346,0.089781
0.103532,53.26852,52.359878,0.499992,3.611525,0.088959
0.099181,53.101349,52.359878,0.499992,-4.730937,0.088244
0.078625,52.851868,52.359878,0.499992,-14.080329,0.087683
0.075315,52.511677,52.359878,0.499992,-22.556255,0.087416
0.096496,52.266529,52.359878,0.499992,-22.902878,0.087406
0.151669,52.245266,52.359878,0.499992,-12.283207,0.087534
0.098632,52.544289,52.359878,0.499992,7.474362,0.08751
0.112568,53.156906,52.359878,0.499992,32.632519,0.087068
0.117914,53.456074,52.359878,0.499992,30.68438,0.086187
0.07174,53.563118,52.359878,0.499992,20.053455,0.085097
0.091057,53.472549,52.359878,0.499992,5.490844,0.084007
0.080064,53.288067,52.359878,0.499992,-5.987926,0.083065
0.0618,52.933815,52.359878,0.499992,-20.41869,0.082358
0.068074,52.620651,52.359878,0.499992,-25.736887,0.081967
0.131199,52.150677,52.359878,0.499992,-35.065258,0.081963
0.050801,51.788002,52.359878,0.499992,-35.481457,0.082322
0.113815,51.46537,52.359878,0.499992,-32.209843,0.083047
0.086602,51.457439,52.359878,0.499992,-17.381516,0.083875
0.086308,51.726452,52.359878,0.499992,4.520108,0.084616
0.140994,52.089111,52.359878,0.499992,20.403658,0.085067
0.104455,52.540333,52.359878,0.499992,31.00893,0.085081
0.048559,52.72633,52.359878,0.499992,25.397278,0.084833
-0.011329,52.718716,52.359878,0.499992,13.7444,0.084518
0.101585,52.542587,52.359878,0.499992,0.009532,0.084296
0.043671,52.174358,52.359878,0.499992,-17.212688,0.084294
0.077075,51.910797,52.359878,0.499992,-21.482821,0.084581
0.070009,51.576141,52.359878,0.499992,-27.584227,0.085127
0.125309,51.359413,52.359878,0.499992,-24.512665,0.085949
0.085584,51.086147,52.359878,0.499992,-25.440872,0.086996
0.107363,51.070751,52.359878,0.499992,-13.896184,0.088177
0.113881,51.206852,52.359878,0.499992,-0.14975,0.089322
0.106864,51.737782,52.359878,0.499992,23.839886,0.090108
0.124159,52.28912,52.359878,0.499992,37.938324,0.090409
0.092155,52.52261,52.359878,0.499992,30.238688,0.090338
0.098906,52.636524,52.359878,0.499992,20.673792,0.09011
0.153536,52.505226,52.359878,0.499992,5.128205,0.089921
0.113841,52.362946,52.359878,0.499992,-3.428686,0.089866
0.039135,52.214211,52.359878,0.499992,-8.109747,0.08995
0.117147,52.112446,52.359878,0.499992,-8.724504,0.090139
0.070381,51.920559,52.359878,0.499992,-12.75283,0.090478
0.050986,51.584316,52.359878,0.499992,-21.833672,0.091049
0.098012,51.598431,52.359878,0.499992,-11.112484,0.09175
0.082799,51.89566,52.359878,0.499992,7.468769,0.092297
0.116497,52.578541,52.359878,0.499992,35.621277,0.092406
0.112339,53.126717,52.359878,0.499992,43.193401,0.091918
0.092717,53.492317,52.359878,0.499992,38.977528,0.091013
0.068927,53.500515,52.359878,0.499992,21.7955,0.089994
0.081532,53.385212,52.359878,0.499992,5.601275,0.088982
0.135032,53.343487,52.359878,0.499992,1.281258,0.088071
0.067133,53.230385,52.359878,0.499992,-3.818288,0.087251
0.074744,52.985722,52.359878,0.499992,-14.035578,0.086552
0.109623,52.636604,52.359878,0.499992,-23.908419,0.086134
0.105737,52.286488,52.359878,0.499992,-28.837318,0.086049
0.058903,52.232403,52.359878,0.499992,-18.327688,0.086129
0.11579,52.480381,52.359878,0.499992,1.871432,0.08614
0.084321,53.027287,52.359878,0.499992,26.816772,0.085794
0.237888,53.287907,52.359878,0.499992,25.120785,0.085028
0.117127,53.341721,52.359878,0.499992,14.581181,0.084114
0.035857,53.234169,52.359878,0.499992,1.525078,0.083227
0.100643,53.065014,52.359878,0.499992,-6.906052,0.08251
0.096499,52.782158,52.359878,0.499992,-16.823376,0.081997
0.080689,52.460068,52.359878,0.499992,-24.539619,0.081742
0.101895,52.020046,52.359878,0.499992,-34.199627,0.081831
0.107328,51.613651,52.359878,0.499992,-37.964123,0.082302
0.093863,51.327358,52.359878,0.499992,-33.150669,0.083125
0.084212,51.298645,52.359878,0.499992,-19.113941,0.084081
0.066898,51.61026,52.359878,0.499992,4.822965,0.084924
0.126354,51.955368,52.359878,0.499992,17.999798,0.085434
0.089867,52.454567,52.359878,0.499992,32.239784,0.085554
0.083648,52.553143,52.359878,0.499992,21.413536,0.08541
0.099497,52.593151,52.359878,0.499992,12.878431,0.0852
0.067297,52.499439,52.359878,0.499992,2.848166,0.085038
0.082859,52.23938,52.359878,0.499992,-10.099567,0.085042
0.047979,51.883659,52.359878,0.499992,-21.305159,0.085334
0.019802,51.576866,52.359878,0.499992,-26.667395,0.085877
0.114713,51.435074,52.359878,0.499992,-19.937098,0.08668
0.089944,51.125393,52.359878,0.499992,-23.91485,0.087702
0.095254,51.177132,52.359878,0.499992,-10.939381,0.088787
0.139448,51.468113,52.359878,0.499992,8.543134,0.089758
0.124879,52.019714,52.359878,0.499992,30.973816,0.090345
0.051179,52.484188,52.359878,0.499992,37.986019,0.09044
0.108833,52.723213,52.359878,0.499992,29.535469,0.090159
0.039917,52.860546,52.359878,0.499992,21.331631,0.089733
0.038336,52.681187,52.359878,0.499992,3.391035,0.089366
0.078181,52.480511,52.359878,0.499992,-6.394554,0.089198
0.065057,52.237076,52.359878,0.499992,-14.286087,0.089214
0.107573,52.186172,52.359878,0.499992,-9.332855,0.089368
0.08552,51.997967,52.359878,0.499992,-12.973064,0.089638
0.096159,51.791046,52.359878,0.499992,-15.657189,0.090087
0.009169,51.857365,52.359878,0.499992,-3.483342,0.090635
0.072165,52.178284,52.359878,0.499992,14.137259,0.090985
0.123338,52.830898,52.359878,0.499992,37.978107,0.090857
0.085195,53.416424,52.359878,0.499992,45.797844,0.09011
0.081693,53.72205,52.359878,0.499992,36.889656,0.088948
0.093026,53.644333,52.359878,0.499992,15.628315,0.087725
0.095047,53.439571,52.359878,0.499992,-1.894067,0.086625
0.045724,53.219139,52.359878,0.499992,-11.609897,0.085728
0.104693,52.989334,52.359878,0.499992,-17.316,0.085039
0.050309,52.74667,52.359878,0.499992,-21.182209,0.084555
0.111606,52.393253,52.359878,0.499992,-28.241821,0.084349
0.087259,52.179028,52.359878,0.499992,-24.43944,0.084434
0.083414,52.062969,52.359878,0.499992,-17.507729,0.084684
0.120672,52.352283,52.359878,0.499992,5.396004,0.084868
0.109787,52.878002,52.359878,0.499992,27.694139,0.084649
0.079748,53.2649,52.359878,0.499992,31.901718,0.083974
0.076425,53.316727,52.359878,0.499992,19.731203,0.08313
0.091043,53.162956,52.359878,0.499992,4.172739,0.082352
0.092364,52.890366,52.359878,0.499992,-9.440982,0.081776
0.005431,52.562672,52.359878,0.499992,-20.168482,0.081445
0.087158,52.23848,52.359878,0.499992,-26.02375,0.081403
0.114186,51.851284,52.359878,0.499992,-31.602402,0.081697
0.09654,51.506718,52.359878,0.499992,-31.761818,0.082355
0.122114,51.201077,52.359878,0.499992,-30.017241,0.083307
0.120604,51.154522,52.359878,0.499992,-18.069225,0.084394
0.090576,51.523376,52.359878,0.499992,8.316073,0.085349
0.074748,51.874546,52.359878,0.499992,20.093443,0.085935
0.067815,52.342079,52.359878,0.499992,30.555607,0.086104
0.021914,52.592304,52.359878,0.499992,27.140335,0.085974
0.106084,52.570911,52.359878,0.499992,14.147629,0.085792
0.068463,52.401363,52.359878,0.499992,-1.278044,0.085646
0.078895,52.154011,52.359878,0.499992,-14.096494,0.085659
0.118208,51.869915,52.359878,0.499992,-22.095142,0.085932
0.111484,51.624886,52.359878,0.499992,-24.565975,0.086447
0.06594,51.351246,52.359878,0.499992,-26.274805,0.087227
0.196,51.107826,52.359878,0.499992,-26.388536,0.088225
0.024559,51.108196,52.359878,0.499992,-14.781783,0.089345
0.089442,51.37648,52.359878,0.499992,4.850285,0.090371
0.096206,51.851585,52.359878,0.499992,24.396584,0.091045
0.050474,52.489792,52.359878,0.499992,42.044434,0.091194
0.112663,52.696857,52.359878,0.499992,31.420902,0.090961
0.118916,52.867386,52.359878,0.499992,24.306843,0.090559
0.087117,52.866169,52.359878,0.499992,13.284351,0.090106
0.046359,52.683533,52.359878,0.499992,-0.244907,0.08976
0.069082,52.462574,52.359878,0.499992,-10.078541,0.089578
0.116939,52.338196,52.359878,0.499992,-11.313972,0.089536
0.066461,52.18195,52.359878,0.499992,-13.739086,0.089615
0.091281,51.922329,52.359878,0.499992,-19.791609,0.089882
0.142493,51.905827,52.359878,0.499992,-11.769852,0.090275
0.116506,52.218494,52.359878,0.499992,8.150758,0.090547
0.050077,52.829025,52.359878,0.499992,32.447445,0.09039
0.107387,53.424454,52.359878,0.499992,43.651855,0.08965
0.041282,53.68103,52.359878,0.499992,34.105907,0.088524
0.017854,53.632252,52.359878,0.499992,15.337828,0.087321
0.074057,53.441319,52.359878,0.499992,-1.227569,0.086231
0.066471,53.143555,52.359878,0.499992,-15.446088,0.085351
0.097861,52.984528,52.359878,0.499992,-15.534948,0.084712
0.098673,52.714859,52.359878,0.499992,-20.378082,0.084281
0.096216,52.286396,52.359878,0.499992,-30.505749,0.084164
0.102832,51.805969,52.359878,0.499992,-37.469238,0.084487
0.101531,51.699245,52.359878,0.499992,-25.396736,0.08503
0.169737,51.95113,52.359878,0.499992,-1.092518,0.085544
0.117519,52.459343,52.359878,0.499992,22.437895,0.085671
0.102421,52.988529,52.359878,0.499992,35.81052,0.085312
0.092145,52.993256,52.359878,0.499992,19.699242,0.084743
0.080745,52.886646,52.359878,0.499992,5.506471,0.084214
0.092703,52.726505,52.359878,0.499992,-5.008615,0.08379
0.099913,52.525303,52.359878,0.499992,-11.884632,0.08355
0.08079,52.163074,52.359878,0.499992,-23.66618,0.083552
-0.0766,51.800262,52.359878,0.499992,-31.27389,0.08384
0.111325,51.453167,52.359878,0.499992,-33.227383,0.084496
0.05916,51.119698,52.359878,0.499992,-32.397503,0.0855
0.133235,51.136051,52.359878,0.499992,-16.365812,0.086631
0.110368,51.523674,52.359878,0.499992,10.271009,0.0876
0.089138,52.049801,52.359878,0.499992,31.36858,0.088169
0.131858,52.459087,52.359878,0.499992,36.78273,0.088296
0.098216,52.567451,52.359878,0.499992,24.017479,0.088135
0.047316,52.65538,52.359878,0.499992,16.481724,0.087889
0.113055,52.5616,52.359878,0.499992,4.244879,0.087654
0.012236,52.358994,52.359878,0.499992,-7.271067,0.087557
-0.049904,52.068726,52.359878,0.499992,-17.618786,0.087682
0.084686,51.888103,52.359878,0.499992,-17.797907,0.088029
0.113509,51.668064,52.359878,0.499992,-19.66465,0.088562
0.122169,51.586624,52.359878,0.499992,-13.721801,0.089245
0.087367,51.639458,52.359878,0.499992,-3.391344,0.089974
0.077906,51.87936,52.359878,0.499992,10.208167,0.090551
0.072031,52.394245,52.359878,0.499992,30.017155,0.090778
0.057962,52.93248,52.359878,0.499992,40.931633,0.090497
0.102429,53.10733,52.359878,0.499992,29.632996,0.089884
0.073018,53.20422,52.359878,0.499992,19.947933,0.089143
0.067803,53.129253,52.359878,0.499992,7.715161,0.088422
0.109037,52.805664,52.359878,0.499992,-10.550951,0.08788
0.090367,52.679317,52.359878,0.499992,-10.851629,0.087552
0.049991,52.456631,52.359878,0.499992,-16.097832,0.087368
0.065577,52.370739,52.359878,0.499992,-13.767307,0.087282
0.005187,52.276749,52.359878,0.499992,-11.792119,0.08731
0.05587,52.173378,52.359878,0.499992,-11.417637,0.087427
0.08401,52.528141,52.359878,0.499992,10.60846,0.087443
0.083596,53.013874,52.359878,0.499992,27.663496,0.087053
0.095879,53.517284,52.359878,0.499992,36.518959,0.086176
0.089851,53.626915,52.359878,0.499992,22.89435,0.085016
0.074068,53.621792,52.359878,0.499992,11.548149,0.083844
-0.006175,53.305035,52.359878,0.499992,-7.290986,0.082879
0.066786,52.955544,52.359878,0.499992,-20.232218,0.082175
0.099611,52.778336,52.359878,0.499992,-18.20682,0.081738
0.05843,52.503754,52.359878,0.499992,-21.407448,0.081517
0.079693,52.130234,52.359878,0.499992,-28.026545,0.081583
0.116188,51.69532,52.359878,0.499992,-33.803314,0.082034
0.110075,51.697647,52.359878,0.499992,-17.49135,0.082656
0.108297,52.285477,52.359878,0.499992,16.602533,0.083387
0.100412,51.769955,52.359878,0.499992,-16.652681,0.083637
0.049937,51.018574,52.359878,0.499992,-44.028339,0.084503
0.14637,50.15712,52.359878,0.499992,-62.576054,0.086148
0.080862,49.149837,52.359878,0.499992,-80.134476,0.088617
0.166065,48.189648,52.359878,0.499992,-87.48407,0.091978
0.17088,47.496468,52.359878,0.499992,-78.638847,0.096103
0.161946,46.83987,52.359878,0.499992,-72.779381,0.100825
0.231179,46.140701,52.359878,0.499992,-71.701927,0.10616
0.21257,45.624729,52.359878,0.499992,-62.133614,0.112062
0.258783,45.192909,52.359878,0.499992,-51.543503,0.118447
0.2453,45.002491,52.359878,0.499992,-35.916328,0.125076
0.251716,45.000195,52.359878,0.499992,-19.603518,0.131769
0.245274,45.099072,52.359878,0.499992,-6.86148,0.138391
0.267324,45.182674,52.359878,0.499992,-0.773984,0.144931
0.195709,45.072773,52.359878,0.499992,-6.65556,0.151475
0.266311,44.766876,52.359878,0.499992,-17.996035,0.158236
0.224605,44.197765,52.359878,0.499992,-36.934647,0.16538
0.178111,43.59222,52.359878,0.499992,-48.632927,0.173093
0.320654,42.97905,52.359878,0.499992,-54.608372,0.181348
0.302306,42.397667,52.359878,0.499992,-57.043919,0.190127
0.347932,41.878857,52.359878,0.499992,-56.185696,0.199379
0.335761,41.379631,52.359878,0.499992,-53.191452,0.209146
0.316188,40.861042,52.359878,0.499992,-51.810112,0.219399
0.39912,40.484608,52.359878,0.499992,-44.141617,0.23007
0.425664,40.290432,52.359878,0.499992,-32.194553,0.240985
0.452816,40.20472,52.359878,0.499992,-22.241135,0.251977
0.384268,40.389877,52.359878,0.499992,-3.389056,0.26295
0.430051,40.527561,52.359878,0.499992,5.676977,0.273817
0.38871,40.642651,52.359878,0.499992,8.130236,0.284525
0.419659,40.594982,52.359878,0.499992,1.487231,0.295187
0.454946,40.38179,52.359878,0.499992,-8.178019,0.306017
0.44525,40.025055,52.359878,0.499992,-20.295591,0.317101
0.431734,39.665165,52.359878,0.499992,-28.298872,0.328469
0.526179,39.313061,52.359878,0.499992,-33.249783,0.340128
0.436426,39.027519,52.359878,0.499992,-31.321033,0.352121
0.587136,38.733704,52.359878,0.499992,-30.244675,0.364394
0.470458,38.587864,52.359878,0.499992,-23.506384,0.376844
0.587312,38.424152,52.359878,0.499992,-21.092857,0.389424
0.479439,38.239635,52.359878,0.499992,-20.604315,0.402228
0.662579,38.120651,52.359878,0.499992,-15.403522,0.415167
0.566597,38.310001,52.359878,0.499992,1.556632,0.428073
0.653238,38.572655,52.359878,0.499992,13.110129,0.440745
0.622811,38.934498,52.359878,0.499992,23.979424,0.453131
0.56478,39.21249,52.359878,0.499992,26.413565,0.465242
0.68971,39.567768,52.359878,0.499992,30.912546,0.477052
0.622801,39.668201,52.359878,0.499992,19.900183,0.488607
0.58446,39.704628,52.359878,0.499992,11.753199,0.500116
0.678336,39.585587,52.359878,0.499992,2.104457,0.511728
0.718313,39.430607,52.359878,0.499992,-5.008718,0.523457
0.660418,39.260677,52.359878,0.499992,-9.943164,0.535318
0.785154,38.993843,52.359878,0.499992,-16.566633,0.547396
0.772139,38.848671,52.359878,0.499992,-15.44073,0.559632
0.686251,38.773308,52.359878,0.499992,-13.176576,0.571919
0.619752,38.632164,52.359878,0.499992,-15.070952,0.584302
0.767058,38.569248,52.359878,0.499992,-11.335706,0.596812
0.800309,38.617519,52.359878,0.499992,-2.917714,0.609369
0.806456,38.904819,52.359878,0.499992,12.706115,0.621773
0.779767,39.15292,52.359878,0.499992,19.23827,0.633934
0.764146,39.628258,52.359878,0.499992,33.099895,0.645759
0.748239,40.120289,52.359878,0.499992,40.923454,0.65719
0.881766,40.436928,52.359878,0.499992,36.691509,0.668185
0.863267,40.685322,52.359878,0.499992,31.144991,0.678918
0.834539,40.812893,52.359878,0.499992,22.923246,0.689492
0.85448,40.839046,52.359878,0.499992,13.701396,0.699993
0.918498,40.716652,52.359878,0.499992,1.571875,0.710531
0.933795,40.679173,52.359878,0.499992,-1.298098,0.721129
0.905065,40.616581,52.359878,0.499992,-3.841743,0.731781
0.921011,40.679478,52.359878,0.499992,1.328095,0.742451
0.983309,40.685802,52.359878,0.499992,1.029878,0.753081
0.933667,40.745312,52.359878,0.499992,3.393001,0.763678
0.969686,40.752529,52.359878,0.499992,2.855072,0.774266
0.979605,41.039761,52.359878,0.499992,16.184484,0.78474
0.923491,41.440224,52.359878,0.499992,27.443977,0.794866
0.98063,41.951927,52.359878,0.499992,38.540504,0.804572
0.920751,42.536297,52.359878,0.499992,47.19659,0.813759
0.965741,43.074844,52.359878,0.499992,49.033463,0.822412
0.96233,43.505566,52.359878,0.499992,45.306557,0.830631
0.853279,43.732212,52.359878,0.499992,34.04158,0.83856
0.874373,43.904846,52.359878,0.499992,25.576435,0.846308
1.000779,43.980091,52.359878,0.499992,17.878649,0.853986
0.961435,44.019657,52.359878,0.499992,12.867005,0.861638
0.973226,44.105053,52.359878,0.499992,12.835514,0.869251
1.008863,44.223804,52.359878,0.499992,12.947773,0.87677
0.91618,44.391323,52.359878,0.499992,14.310392,0.884085
1.008364,44.557785,52.359878,0.499992,15.205969,0.891256
1.076259,44.754761,52.359878,0.499992,16.607529,0.898246
1.062519,45.302334,52.359878,0.499992,33.971275,0.904905
1.044626,45.862965,52.359878,0.499992,44.20866,0.911073
0.968539,46.576599,52.359878,0.499992,56.124672,0.916636
0.941341,47.227291,52.359878,0.499992,59.686226,0.921581
1.010269,47.673531,52.359878,0.499992,51.943684,0.926022
0.960996,47.90147,52.359878,0.499992,37.859909,0.930165
0.934442,48.093071,52.359878,0.499992,29.359245,0.934138
1.035094,48.158779,52.359878,0.499992,19.717659,0.938021
0.957851,48.2183,52.359878,0.499992,13.682277,0.941827
1.03604,48.416241,52.359878,0.499992,16.958469,0.945519
1.043678,48.623287,52.359878,0.499992,18.376654,0.949003
1.020324,48.863598,52.359878,0.499992,21.166773,0.952297
1.040213,48.989998,52.359878,0.499992,17.461594,0.955429
0.962031,49.561291,52.359878,0.499992,36.19421,0.958244
1.031631,50.196644,52.359878,0.499992,49.871876,0.960535
1.035715,50.971542,52.359878,0.499992,62.686451,0.962163
0.986691,51.560623,52.359878,0.499992,60.175388,0.963134
0.893137,51.789791,52.359878,0.499992,41.261051,0.963704
0.955233,51.854717,52.359878,0.499992,24.021038,0.964155
0.968413,51.885513,52.359878,0.499992,13.830757,0.964583
0.983753,51.776096,52.359878,0.499992,1.866134,0.965052
0.928263,51.742447,52.359878,0.499992,-1.315644,0.965576
0.999825,51.723965,52.359878,0.499992,-2.723825,0.96611
0.941278,51.730251,52.359878,0.499992,-1.815097,0.966663
0.991808,51.716331,52.359878,0.499992,-1.268948,0.967252
0.99497,51.862179,52.359878,0.499992,8.02144,0.967833
0.975503,52.233776,52.359878,0.499992,22.414738,0.968147
1.021031,52.848709,52.359878,0.499992,40.885075,0.967993
1.020791,53.264534,52.359878,0.499992,40.493866,0.967339
0.977891,53.397129,52.359878,0.499992,26.556423,0.96641
0.885633,53.222378,52.359878,0.499992,6.20782,0.965546
0.94413,53.056938,52.359878,0.499992,-4.423924,0.964832
0.963763,52.845387,52.359878,0.499992,-12.019518,0.964298
0.9864,52.630638,52.359878,0.499992,-15.716759,0.963977
0.926102,52.420769,52.359878,0.499992,-19.055532,0.963803
0.988596,52.327343,52.359878,0.499992,-14.622701,0.963784
0.924661,52.092266,52.359878,0.499992,-18.603649,0.963926
0.95212,52.28735,52.359878,0.499992,0.177418,0.964114
0.979178,52.633926,52.359878,0.499992,17.851942,0.964076
0.992237,53.179893,52.359878,0.499992,35.073597,0.963587
0.992003,53.618801,52.359878,0.499992,37.513981,0.962591
0.998291,53.712009,52.359878,0.499992,22.804237,0.961348
0.963976,53.542408,52.359878,0.499992,4.651904,0.960202
0.839718,53.333771,52.359878,0.499992,-6.439625,0.959242
0.960529,53.092464,52.359878,0.499992,-14.42593,0.958473
0.954038,52.913605,52.359878,0.499992,-15.881112,0.957893
0.980387,52.767818,52.359878,0.499992,-14.513162,0.957478
0.943534,52.482742,52.359878,0.499992,-20.736984,0.95725
0.962458,52.342922,52.359878,0.499992,-18.553337,0.957173
0.931616,52.57893,52.359878,0.499992,1.754805,0.957103
0.935465,53.076694,52.359878,0.499992,25.462255,0.956722
0.979811,53.720589,52.359878,0.499992,44.358269,0.955803
0.937152,54.213081,52.359878,0.499992,46.79504,0.954345
0.958257,54.243752,52.359878,0.499992,25.935659,0.952628
0.943701,54.186661,52.359878,0.499992,10.596779,0.950919
0.906323,54.041119,52.359878,0.499992,-2.110363,0.94929
0.968787,53.894962,52.359878,0.499992,-8.554238,0.947804
0.866497,53.826168,52.359878,0.499992,-7.545258,0.946443
0.931359,53.745285,52.359878,0.499992,-7.76547,0.945147
0.953102,53.649708,52.359878,0.499992,-8.238129,0.943934
0.914314,53.622738,52.359878,0.499992,-5.151649,0.942789
0.920483,53.821281,52.359878,0.499992,6.329906,0.94155
0.981921,54.391209,52.359878,0.499992,28.924103,0.939934
0.949254,55.057884,52.359878,0.499992,45.349583,0.937744
0.815222,55.337177,52.359878,0.499992,36.479496,0.935133
0.891434,55.190453,52.359878,0.499992,13.22442,0.932503
0.887698,54.836796,52.359878,0.499992,-9.582828,0.930081
0.901532,54.589947,52.359878,0.499992,-16.183855,0.92795
0.92028,54.230511,52.359878,0.499992,-25.133678,0.926096
0.952949,54.015045,52.359878,0.499992,-23.563324,0.924488
0.902589,53.684868,52.359878,0.499992,-27.222443,0.923155
0.961477,53.390652,52.359878,0.499992,-27.561771,0.922105
0.837747,53.341953,52.359878,0.499992,-14.775702,0.921261
0.905439,53.626141,52.359878,0.499992,7.121611,0.920297
0.911796,54.10759,52.359878,0.499992,27.67951,0.918975
0.916103,54.431217,52.359878,0.499992,30.292557,0.917254
0.869398,54.328835,52.359878,0.499992,9.991162,0.915369
0.923007,54.082367,52.359878,0.499992,-6.751722,0.913668
0.971729,53.792755,52.359878,0.499992,-17.355469,0.912221
0.933511,53.462978,52.359878,0.499992,-24.701305,0.911055
0.808433,53.126369,52.359878,0.499992,-28.400064,0.910218
0.772038,52.860802,52.359878,0.499992,-27.377317,0.909647
0.901823,52.547024,52.359878,0.499992,-29.508533,0.909326
0.923821,52.258812,52.359878,0.499992,-29.193392,0.909286
0.878279,52.386879,52.359878,0.499992,-8.674526,0.909354
0.894393,52.672287,52.359878,0.499992,10.074964,0.909249
0.98841,53.115765,52.359878,0.499992,25.69232,0.908757
0.860984,53.496487,52.359878,0.499992,30.446854,0.907863
0.94023,53.392456,52.359878,0.499992,10.197529,0.906835
0.84884,53.261921,52.359878,0.499992,-1.197018,0.905932
0.937692,53.013336,52.359878,0.499992,-11.965285,0.905229
0.922891,52.765755,52.359878,0.499992,-18.090149,0.904742
0.903224,52.639538,52.359878,0.499992,-16.121567,0.904413
0.807136,52.547596,52.359878,0.499992,-13.545102,0.90418
0.9003,52.435341,52.359878,0.499992,-11.975172,0.904076
0.929442,52.318092,52.359878,0.499992,-11.037854,0.904087
0.956625,52.470966,52.359878,0.499992,2.580041,0.904102
0.893181,52.912518,52.359878,0.499992,22.526577,0.903823
0.912614,53.58831,52.359878,0.499992,43.067993,0.902998
0.921539,53.987865,52.359878,0.499992,41.331463,0.901689
0.865242,54.023724,52.359878,0.499992,23.915552,0.900189
0.879452,53.879601,52.359878,0.499992,7.251016,0.898776
0.896032,53.688427,52.359878,0.499992,-4.363311,0.897495
0.905178,53.517921,52.359878,0.499992,-10.776437,0.896348
0.932773,53.349072,52.359878,0.499992,-14.443223,0.895345
0.955388,53.197842,52.359878,0.499992,-15.21074,0.894498
0.929038,52.927639,52.359878,0.499992,-20.961367,0.893852
0.789003,52.83987,52.359878,0.499992,-15.018678,0.893381
0.854825,53.05434,52.359878,0.499992,2.584423,0.892869
0.89479,53.476265,52.359878,0.499992,21.910913,0.892076
0.895588,53.925976,52.359878,0.499992,33.234245,0.890874
0.844359,54.072075,52.359878,0.499992,24.599081,0.889383
0.782021,53.872585,52.359878,0.499992,4.401125,0.88793
0.919561,53.496014,52.359878,0.499992,-15.816357,0.886707
0.89703,53.138218,52.359878,0.499992,-26.776613,0.885783
0.940896,52.842316,52.359878,0.499992,-28.636997,0.885189
0.877939,52.543736,52.359878,0.499992,-29.423555,0.88488
0.928753,52.24054,52.359878,0.499992,-29.690338,0.884853
0.91344,51.979862,52.359878,0.499992,-26.704939,0.88512
0.915136,51.783398,52.359878,0.499992,-22.086384,0.885599
0.889309,51.906467,52.359878,0.499992,-5.368372,0.886092
0.918678,52.28513,52.359878,0.499992,14.791189,0.88634
0.883501,52.681358,52.359878,0.499992,25.231928,0.886195
0.907631,52.774887,52.359878,0.499992,16.248446,0.88581
0.971309,52.639702,52.359878,0.499992,1.92814,0.885474
0.863543,52.383888,52.359878,0.499992,-10.745249,0.885339
0.914383,52.098534,52.359878,0.499992,-18.287783,0.885467
0.881333,51.807655,52.359878,0.499992,-22.0175,0.885878
0.817666,51.622581,52.359878,0.499992,-19.012562,0.886508
0.923821,51.394249,52.359878,0.499992,-19.589243,0.887321
0.879257,51.223972,52.359878,0.499992,-17.089357,0.888318
0.913725,51.081181,52.359878,0.499992,-14.485343,0.88946
0.934001,51.321487,52.359878,0.499992,4.057604,0.890538
0.919662,51.850132,52.359878,0.499992,26.867502,0.891251
0.956081,52.313465,52.359878,0.499992,35.381485,0.891488
0.960803,52.50494,52.359878,0.499992,26.045183,0.891387
0.909903,52.450867,52.359878,0.499992,10.804052,0.891253
0.852831,52.297421,52.359878,0.499992,-0.565342,0.891262
0.851869,52.065182,52.359878,0.499992,-10.994761,0.891429
0.904242,51.896862,52.359878,0.499992,-13.235489,0.891785
0.913262,51.678146,52.359878,0.499992,-16.939327,0.892318
0.905256,51.599438,52.359878,0.499992,-13.420846,0.892953
0.788065,51.557056,52.359878,0.499992,-8.501875,0.893685
0.953073,51.561077,52.359878,0.499992,-3.250493,0.894454
0.90974,51.91518,52.359878,0.499992,15.359109,0.895042
0.934373,52.502983,52.359878,0.499992,36.951927,0.895226
0.887589,53.082878,52.359878,0.499992,46.685337,0.894832
0.799043,53.498646,52.359878,0.499992,43.77721,0.893963
0.876704,53.446167,52.359878,0.499992,21.845201,0.892973
0.891721,53.251892,52.359878,0.499992,3.405074,0.892095
0.878878,53.031872,52.359878,0.499992,-7.372673,0.891413
0.905118,52.750935,52.359878,0.499992,-15.654552,0.890973
0.91117,52.597332,52.359878,0.499992,-15.32747,0.890696
0.926466,52.40704,52.359878,0.499992,-18.12462,0.890536
0.974,52.309902,52.359878,0.499992,-14.91818,0.890514
0.882597,52.157921,52.359878,0.499992,-14.715792,0.890644
0.922854,52.445812,52.359878,0.499992,5.146983,0.890683
0.872099,52.954445,52.359878,0.499992,26.555922,0.890382
0.91613,53.490273,52.359878,0.499992,39.283497,0.889599
0.899592,53.592979,52.359878,0.499992,25.236744,0.888505
0.862887,53.363178,52.359878,0.499992,2.002727,0.887459
0.880265,53.095726,52.359878,0.499992,-11.1566,0.886671
0.857835,52.669735,52.359878,0.499992,-25.780106,0.886199
0.902779,52.369507,52.359878,0.499992,-28.492697,0.886031
0.928317,52.106335,52.359878,0.499992,-27.902086,0.886128
0.886075,51.816036,52.359878,0.499992,-29.199978,0.886467
0.9466,51.585632,52.359878,0.499992,-26.345808,0.887065
0.814765,51.479797,52.359878,0.499992,-17.16728,0.887874
0.784549,51.650597,52.359878,0.499992,-0.802748,0.888616
0.912523,52.174362,52.359878,0.499992,24.466957,0.889039
0.916449,52.526321,52.359878,0.499992,29.526983,0.889054
0.828433,52.677559,52.359878,0.499992,21.219282,0.888781
0.820838,52.492832,52.359878,0.499992,2.120698,0.888553
0.926071,52.263897,52.359878,0.499992,-10.420336,0.888508
0.915284,51.971367,52.359878,0.499992,-19.980381,0.888703
0.956465,51.690212,52.359878,0.499992,-23.426331,0.889192
0.893455,51.378475,52.359878,0.499992,-27.045603,0.889945
0.74664,51.162575,52.359878,0.499992,-25.298786,0.89091
0.905724,50.962032,52.359878,0.499992,-22.541365,0.8921
0.913998,50.817574,52.359878,0.499992,-18.197714,0.893456
0.918082,50.944702,52.359878,0.499992,-3.6639,0.89481
0.916106,51.486263,52.359878,0.499992,24.398243,0.895889
0.86522,51.952667,52.359878,0.499992,35.024147,0.896486
0.936806,52.254723,52.359878,0.499992,31.517525,0.896679
0.957374,52.208454,52.359878,0.499992,13.83095,0.896765
0.916819,52.122982,52.359878,0.499992,2.694968,0.896918
0.826213,52.034992,52.359878,0.499992,-2.057959,0.897188
0.839015,51.905144,52.359878,0.499992,-6.185464,0.897572
0.932827,51.80106,52.359878,0.499992,-7.777979,0.898045
0.91922,51.698223,52.359878,0.499992,-9.267214,0.898591
0.895034,51.612789,52.359878,0.499992,-9.312556,0.89922
0.791435,51.597332,52.359878,0.499992,-4.242226,0.899951
0.873869,51.871143,52.359878,0.499992,11.329123,0.900553
0.916979,52.471153,52.359878,0.499992,34.552097,0.900745
0.940317,53.08868,52.359878,0.499992,47.68689,0.900378
0.885791,53.447178,52.359878,0.499992,41.822735,0.89954
0.847299,53.470112,52.359878,0.499992,23.411335,0.898532
0.939474,53.297161,52.359878,0.499992,4.412079,0.897597
0.873061,53.1255,52.359878,0.499992,-6.012811,0.896807
0.874678,52.857216,52.359878,0.499992,-15.616712,0.896234
0.90046,52.613907,52.359878,0.499992,-19.72683,0.895893
0.914216,52.43486,52.359878,0.499992,-18.945757,0.89574
0.936051,52.189243,52.359878,0.499992,-20.242889,0.895826
0.964616,51.947937,52.359878,0.499992,-21.664953,0.896107
0.938691,52.083595,52.359878,0.499992,-6.135117,0.896395
0.849204,52.484131,52.359878,0.499992,14.645866,0.896444
0.863401,52.984692,52.359878,0.499992,29.904165,0.896065
0.902426,53.196224,52.359878,0.499992,23.843016,0.895335
0.901813,53.056877,52.359878,0.499992,5.055857,0.894592
0.836489,52.815311,52.359878,0.499992,-9.466311,0.894038
0.797569,52.465649,52.359878,0.499992,-21.94631,0.893763
1.008253,52.15918,52.359878,0.499992,-25.996948,0.893805
0.910228,51.919708,52.359878,0.499992,-24.668655,0.89411
0.94805,51.602978,52.359878,0.499992,-28.293139,0.894645
0.894964,51.348045,52.359878,0.499992,-27.305901,0.89544
0.878042,51.121571,52.359878,0.499992,-25.605091,0.896449
0.956207,51.328548,52.359878,0.499992,-3.343933,0.897503
0.905242,51.787388,52.359878,0.499992,21.892172,0.898309
0.898014,52.227665,52.359878,0.499992,33.474155,0.898673
0.899204,52.396141,52.359878,0.499992,25.065899,0.898699
0.90575,52.287491,52.359878,0.499992,6.921295,0.898669
0.943155,52.168751,52.359878,0.499992,-2.173867,0.898774
0.963661,51.918465,52.359878,0.499992,-12.541312,0.89907
0.930636,51.654037,52.359878,0.499992,-19.646633,0.899572
0.895729,51.547436,52.359878,0.499992,-15.550332,0.900258
0.884895,51.410248,52.359878,0.499992,-14.535034,0.901065
0.931115,51.275719,52.359878,0.499992,-13.148157,0.902016
0.934858,51.123932,52.359878,0.499992,-13.934196,0.90308
0.870797,51.360474,52.359878,0.499992,3.025013,0.904084
0.937259,51.847488,52.359878,0.499992,24.681091,0.90479
0.927056,52.402245,52.359878,0.499992,39.512852,0.905021
0.910389,52.747597,52.359878,0.499992,36.87587,0.904816
0.949046,52.832851,52.359878,0.499992,23.860075,0.904425
0.898623,52.757389,52.359878,0.499992,10.350409,0.904061
0.827551,52.545635,52.359878,0.499992,-3.703961,0.903814
0.920206,52.439449,52.359878,0.499992,-6.166805,0.903714
0.875972,52.435387,52.359878,0.499992,-2.104053,0.903687
0.914634,52.345943,52.359878,0.499992,-5.023056,0.90367
0.9223,52.319977,52.359878,0.499992,-3.75256,0.903699
0.928975,52.254559,52.359878,0.499992,-5.701422,0.903748
0.948354,52.521839,52.359878,0.499992,8.677646,0.903701
0.880551,53.024414,52.359878,0.499992,27.893299,0.903323
0.946148,53.582359,52.359878,0.499992,39.226166,0.902414
0.824575,53.961689,52.359878,0.499992,37.572735,0.90109
0.878639,53.823994,52.359878,0.499992,13.336507,0.89968
0.878623,53.615913,52.359878,0.499992,-2.651475,0.898435
0.897207,53.358105,52.359878,0.499992,-12.394396,0.89744
0.909388,53.05352,52.359878,0.499992,-19.962217,0.896698
0.888293,52.860107,52.359878,0.499992,-18.961565,0.896178
0.968492,52.591133,52.359878,0.499992,-22.745323,0.895842
0.857753,52.293682,52.359878,0.499992,-26.634235,0.895747
0.936582,52.147774,52.359878,0.499992,-20.730686,0.895881
0.834196,52.275414,52.359878,0.499992,-5.119953,0.89602
0.900136,52.73695,52.359878,0.499992,19.09796,0.895899
0.915337,53.154484,52.359878,0.499992,30.374273,0.895389
0.894777,53.209114,52.359878,0.499992,17.998884,0.894618
0.860018,53.025719,52.359878,0.499992,-0.011749,0.893891
0.842268,52.843273,52.359878,0.499992,-8.045401,0.893378
0.900978,52.423893,52.359878,0.499992,-24.084948,0.893125
0.939492,52.128609,52.359878,0.499992,-27.38003,0.893175
0.892778,51.893677,52.359878,0.499992,-25.899561,0.893483
0.96189,51.638332,52.359878,0.499992,-26.7939,0.89399
0.821245,51.39447,52.359878,0.499992,-26.865995,0.894721
0.867933,51.283833,52.359878,0.499992,-18.847265,0.89567
0.908476,51.48848,52.359878,0.499992,0.142938,0.89658
0.9245,51.909279,52.359878,0.499992,20.579611,0.897215
0.855279,52.381737,52.359878,0.499992,32.160469,0.897387
0.855538,52.66098,52.359878,0.499992,29.166157,0.897206
0.960223,52.55283,52.359878,0.499992,9.994034,0.896962
0.85494,52.33326,52.359878,0.499992,-5.886297,0.896852
0.926144,52.023994,52.359878,0.499992,-18.409134,0.896988
0.898171,51.798401,52.359878,0.499992,-20.949205,0.897374
0.888445,51.648323,52.359878,0.499992,-18.008738,0.897957
0.932878,51.51516,52.359878,0.499992,-14.821321,0.898696
0.899715,51.296967,52.359878,0.499992,-17.449102,0.899587
0.900546,51.175945,52.359878,0.499992,-15.266491,0.900601
0.930279,51.429901,52.359878,0.499992,2.965375,0.901546
0.925395,52.041584,52.359878,0.499992,29.642916,0.902104
0.929597,52.636169,52.359878,0.499992,41.963425,0.902078
0.889194,53.119991,52.359878,0.499992,43.074406,0.901544
0.940351,53.124897,52.359878,0.499992,22.105799,0.900808
0.852162,53.088383,52.359878,0.499992,9.843004,0.900115
0.909692,52.898922,52.359878,0.499992,-3.892831,0.899527
0.895481,52.743694,52.359878,0.499992,-9.192884,0.899106
0.906175,52.549126,52.359878,0.499992,-13.215099,0.898871
0.894558,52.427841,52.359878,0.499992,-12.521369,0.898761
0.923916,52.305222,52.359878,0.499992,-11.243016,0.898792
0.959732,52.184792,52.359878,0.499992,-10.219754,0.898944
0.885609,52.452469,52.359878,0.499992,6.5439,0.898969
0.932641,52.953716,52.359878,0.499992,26.914726,0.898662
0.833722,53.542618,52.359878,0.499992,41.5769,0.897846
0.911102,53.772388,52.359878,0.499992,31.837481,0.896629
0.897316,53.728905,52.359878,0.499992,15.07801,0.895359
0.882122,53.398705,52.359878,0.499992,-7.132014,0.894264
0.784531,53.111412,52.359878,0.499992,-16.687519,0.893463
0.881766,52.67572,52.359878,0.499992,-29.122309,0.892983
0.907472,52.500843,52.359878,0.499992,-24.067873,0.892762
0.92694,52.182674,52.359878,0.499992,-27.14258,0.892796
0.886911,51.847187,52.359878,0.499992,-30.42408,0.893103
0.955631,51.730473,52.359878,0.499992,-21.800968,0.893617
0.823277,51.888279,52.359878,0.499992,-3.815408,0.894135
0.918147,52.359074,52.359878,0.499992,20.663185,0.894378
0.896505,52.824783,52.359878,0.499992,33.386257,0.894188
0.907,52.953663,52.359878,0.499992,23.109276,0.893685
0.898546,52.778919,52.359878,0.499992,2.861986,0.893178
0.946273,52.523708,52.359878,0.499992,-10.692811,0.8929
0.974354,52.229137,52.359878,0.499992,-19.642511,0.892879
0.860364,51.984505,52.359878,0.499992,-21.825621,0.893109
0.910847,51.684013,52.359878,0.499992,-25.814882,0.893584
0.821041,51.481083,52.359878,0.499992,-23.768154,0.894272
0.888073,51.23468,52.359878,0.499992,-23.143202,0.895215
0.939442,51.097412,52.359878,0.499992,-16.865847,0.896359
0.912938,51.200146,52.359878,0.499992,-3.801076,0.897481
0.898339,51.633476,52.359878,0.499992,18.079039,0.898341
0.925845,52.05991,52.359878,0.499992,28.68714,0.89879
0.910032,52.407673,52.359878,0.499992,30.594576,0.898872
0.941854,52.336964,52.359878,0.499992,13.424451,0.89887
0.892289,52.195381,52.359878,0.499992,0.729401,0.898959
0.95967,52.042282,52.359878,0.499992,-6.49127,0.899183
0.822257,51.833294,52.359878,0.499992,-12.701862,0.899581
0.919925,51.7117,52.359878,0.499992,-12.57192,0.900113
0.908496,51.605129,52.359878,0.499992,-12.436945,0.900727
0.939681,51.546322,52.359878,0.499992,-9.166005,0.901448
0.864608,51.506748,52.359878,0.499992,-5.91402,0.902233
0.93476,51.727058,52.359878,0.499992,7.909371,0.902939
0.971533,52.261204,52.359878,0.499992,29.814528,0.903299
0.9067,52.907829,52.359878,0.499992,46.041828,0.903096
0.920438,53.346069,52.359878,0.499992,44.705128,0.902385
0.828424,53.399757,52.359878,0.499992,26.836935,0.901471
0.921748,53.226078,52.359878,0.499992,6.418039,0.900608
0.89537,53.136593,52.359878,0.499992,-0.059378,0.899877
0.876037,52.941223,52.359878,0.499992,-8.354589,0.899284
0.790837,52.746113,52.359878,0.499992,-13.927933,0.898835
0.868451,52.640667,52.359878,0.499992,-12.656523,0.898521
0.910128,52.428799,52.359878,0.499992,-16.395077,0.898369
0.924548,52.224117,52.359878,0.499992,-18.663284,0.898389
0.881963,52.4603,52.359878,0.499992,0.582802,0.898392
0.848796,52.906136,52.359878,0.499992,21.612013,0.898116
0.939676,53.362816,52.359878,0.499992,33.073296,0.89742
0.878334,53.564816,52.359878,0.499992,26.563921,0.896397
0.872989,53.370483,52.359878,0.499992,4.835017,0.895376
0.876765,53.140495,52.359878,0.499992,-8.653341,0.894544
0.891885,52.841038,52.359878,0.499992,-19.264538,0.893948
0.942297,52.549908,52.359878,0.499992,-23.745415,0.893643
0.965182,52.24707,52.359878,0.499992,-26.577047,0.893616
0.91486,51.988171,52.359878,0.499992,-26.254911,0.893835
0.924587,51.676899,52.359878,0.499992,-29.014473,0.894303
0.853257,51.562683,52.359878,0.499992,-21.198391,0.894962
0.925629,51.74464,52.359878,0.499992,-1.714218,0.895641
0.924194,52.103966,52.359878,0.499992,17.300653,0.89609
0.869708,52.488544,52.359878,0.499992,26.381109,0.896127
0.806373,52.737206,52.359878,0.499992,24.359507,0.895853
0.849554,52.581654,52.359878,0.499992,5.641078,0.895575
0.917518,52.343361,52.359878,0.499992,-9.05508,0.895451
0.941339,52.039581,52.359878,0.499992,-20.145405,0.895567
0.886638,51.77993,52.359878,0.499992,-23.555157,0.895952
0.964623,51.576447,52.359878,0.499992,-22.137478,0.896569
0.935024,51.346779,52.359878,0.499992,-22.703024,0.897381
0.902967,51.265278,52.359878,0.499992,-14.884089,0.898371
0.916438,51.090248,52.359878,0.499992,-14.838618,0.899489
0.898381,51.336689,52.359878,0.499992,4.713355,0.900571
0.948041,51.745384,52.359878,0.499992,22.094511,0.901341
0.940205,52.407959,52.359878,0.499992,41.948624,0.901578
0.962998,52.771362,52.359878,0.499992,37.581856,0.901315
0.934724,52.848419,52.359878,0.499992,21.991007,0.900846
0.79002,52.841396,52.359878,0.499992,11.004329,0.900388
0.915655,52.773331,52.359878,0.499992,2.015443,0.899958
0.90299,52.687935,52.359878,0.499992,-3.877672,0.899587
0.906937,52.703987,52.359878,0.499992,-1.007757,0.899289
0.827137,52.64431,52.359878,0.499992,-3.238785,0.899008
0.805885,52.704315,52.359878,0.499992,1.670683,0.898741
0.934974,52.792862,52.359878,0.499992,5.242616,0.898398
0.912223,53.272995,52.359878,0.499992,25.252539,0.89779
0.931583,53.949322,52.359878,0.499992,45.73399,0.896679
0.856868,54.658337,52.359878,0.499992,56.363708,0.894877
0.745242,55.178455,52.359878,0.499992,53.370995,0.89251
0.884329,55.154072,52.359878,0.499992,27.901329,0.889968
0.830758,55.010067,52.359878,0.499992,8.030621,0.887482
0.862728,54.817123,52.359878,0.499992,-5.272522,0.885127
0.866043,54.696663,52.359878,0.499992,-8.448987,0.882945
0.861279,54.603867,52.359878,0.499992,-9.163922,0.880853
0.873955,54.525414,52.359878,0.499992,-8.63182,0.878843
0.917394,54.413456,52.359878,0.499992,-10.082379,0.876918
0.870524,54.479527,52.359878,0.499992,-2.617284,0.875012
0.873809,54.856846,52.359878,0.499992,15.78348,0.872901
0.762117,55.553654,52.359878,0.499992,40.636703,0.870303
0.747993,55.935326,52.359878,0.499992,38.549938,0.867195
0.841884,55.964085,52.359878,0.499992,21.440866,0.863904
0.795432,55.625694,52.359878,0.499992,-4.260693,0.860778
0.822176,55.309307,52.359878,0.499992,-16.740583,0.857954
0.821382,54.966469,52.359878,0.499992,-23.545135,0.855468
0.758171,54.708122,52.359878,0.499992,-23.285444,0.853258
0.789888,54.367573,52.359878,0.499992,-28.472046,0.851275
0.887738,54.096043,52.359878,0.499992,-28.399609,0.849555
0.861883,53.882523,52.359878,0.499992,-25.543987,0.848059
0.874699,54.073864,52.359878,0.499992,-4.319351,0.8466
0.820173,54.480785,52.359878,0.499992,16.781267,0.844867
0.856052,55.008411,52.359878,0.499992,32.049377,0.84265
0.732387,55.16457,52.359878,0.499992,23.241154,0.840117
0.697814,54.95145,52.359878,0.499992,2.390983,0.837653
0.827817,54.597393,52.359878,0.499992,-15.435311,0.835445
0.834544,54.274715,52.359878,0.499992,-23.543331,0.833546
0.796775,54.051514,52.359878,0.499992,-22.033621,0.831933
0.809166,53.684448,52.359878,0.499992,-28.611717,0.830574
0.828632,53.411758,52.359878,0.499992,-27.819265,0.829497
0.78854,53.059635,52.359878,0.499992,-31.547388,0.828693
0.76438,53.041672,52.359878,0.499992,-17.20751,0.828085
0.75606,53.340466,52.359878,0.499992,5.136388,0.827346
0.82611,53.939957,52.359878,0.499992,30.531313,0.82618
0.853389,54.385757,52.359878,0.499992,37.289703,0.824547
0.864805,54.475296,52.359878,0.499992,24.029909,0.822658
0.817721,54.33065,52.359878,0.499992,6.733038,0.820815
0.837889,54.024422,52.359878,0.499992,-11.261032,0.819142
0.776844,53.906551,52.359878,0.499992,-11.510488,0.817675
0.813388,53.648254,52.359878,0.499992,-17.961061,0.816394
0.710441,53.563164,52.359878,0.499992,-14.237484,0.815237
0.721961,53.454048,52.359878,0.499992,-12.163267,0.814205
0.82512,53.345943,52.359878,0.499992,-10.535741,0.813289
0.818153,53.48296,52.359878,0.499992,1.680827,0.812363
0.790878,54.060997,52.359878,0.499992,28.757408,0.81111
0.78536,54.651119,52.359878,0.499992,42.764725,0.809294
0.79529,55.026428,52.359878,0.499992,39.086716,0.80699
0.762352,55.038227,52.359878,0.499992,21.230366,0.804545
0.77707,54.756924,52.359878,0.499992,-1.368588,0.802246
0.771628,54.440266,52.359878,0.499992,-15.513169,0.800209
0.74762,54.191391,52.359878,0.499992,-19.653698,0.798434
0.720911,53.916985,52.359878,0.499992,-22.223389,0.796927
0.721621,53.512203,52.359878,0.499992,-31.167305,0.795683
0.793901,53.174099,52.359878,0.499992,-33.772736,0.794746
0.794931,53.02779,52.359878,0.499992,-23.510181,0.794117
0.882979,53.224361,52.359878,0.499992,-2.660537,0.793448
0.819252,53.670033,52.359878,0.499992,19.113148,0.792458
0.81437,54.037998,52.359878,0.499992,25.889563,0.791054
0.829972,54.160263,52.359878,0.499992,17.469591,0.789403
0.811164,53.935223,52.359878,0.499992,-1.186887,0.787859
0.797641,53.507645,52.359878,0.499992,-21.18832,0.786599
0.778691,53.156853,52.359878,0.499992,-28.649155,0.78568
0.832718,52.791363,52.359878,0.499992,-32.711746,0.785108
0.691206,52.552322,52.359878,0.499992,-28.012829,0.784841
0.741899,52.221733,52.359878,0.499992,-28.783968,0.784866
0.577759,51.920002,52.359878,0.499992,-27.944752,0.785176
0.718798,51.768093,52.359878,0.499992,-20.068428,0.78571
0.856281,51.949261,52.359878,0.499992,-2.192416,0.786174
0.770387,52.470093,52.359878,0.499992,23.029594,0.786309
0.832606,52.834579,52.359878,0.499992,29.36278,0.786047
0.766384,52.955208,52.359878,0.499992,20.713249,0.785538
0.794442,52.703949,52.359878,0.499992,-0.238961,0.785119
0.810578,52.461929,52.359878,0.499992,-11.115891,0.784921
0.768471,52.1544,52.359878,0.499992,-20.461683,0.784962
0.788952,51.89296,52.359878,0.499992,-23.666031,0.785251
0.811877,51.86816,52.359878,0.499992,-13.027835,0.78571
0.786129,51.695034,52.359878,0.499992,-13.911461,0.786277
0.802862,51.778339,52.359878,0.499992,-2.94606,0.786863
0.815,51.859966,52.359878,0.499992,3.412718,0.787398
0.720791,52.321934,52.359878,0.499992,22.932669,0.787635
0.767935,53.086674,52.359878,0.499992,47.09602,0.787302
0.764698,53.876957,52.359878,0.499992,61.722488,0.786273
0.719408,54.243607,52.359878,0.499992,50.144184,0.784725
0.711271,54.295486,52.359878,0.499992,30.431767,0.783023
0.701516,54.287781,52.359878,0.499992,16.378073,0.781279
0.765633,54.203007,52.359878,0.499992,4.361854,0.77955
0.789074,54.205189,52.359878,0.499992,1.545718,0.777837
0.851686,54.278866,52.359878,0.499992,2.790595,0.776079
0.754126,54.298328,52.359878,0.499992,1.083291,0.774282
0.763907,54.35181,52.359878,0.499992,2.627792,0.772477
0.800421,54.644226,52.359878,0.499992,14.44984,0.770519
0.796355,55.264454,52.359878,0.499992,36.425606,0.768153
0.778862,55.926945,52.359878,0.499992,49.105328,0.765174
0.773317,56.461109,52.359878,0.499992,48.556839,0.761603
0.755207,56.478672,52.359878,0.499992,25.107885,0.757804
0.755467,56.327793,52.359878,0.499992,5.722302,0.754098
0.67802,56.053097,52.359878,0.499992,-10.40953,0.750589
0.773541,55.827972,52.359878,0.499992,-15.901588,0.747331
0.7435,55.611729,52.359878,0.499992,-17.967707,0.744293
0.684868,55.346317,52.359878,0.499992,-22.636923,0.741434
0.767944,55.210014,52.359878,0.499992,-18.516354,0.738774
0.721121,55.050201,52.359878,0.499992,-16.691904,0.736277
0.683024,55.35157,52.359878,0.499992,4.792771,0.733682
0.777236,55.912159,52.359878,0.499992,28.505375,0.730702
0.726794,56.418045,52.359878,0.499992,39.282394,0.727253
0.648845,56.381817,52.359878,0.499992,18.810171,0.723558
0.731164,56.146378,52.359878,0.499992,-0.702129,0.720006
0.722645,55.743046,52.359878,0.499992,-21.793898,0.716747
0.723555,55.354141,52.359878,0.499992,-28.166973,0.713839
0.716637,55.104744,52.359878,0.499992,-27.371811,0.711206
0.725004,54.872959,52.359878,0.499992,-25.793385,0.7088
0.748338,54.590023,52.359878,0.499992,-26.959566,0.706644
0.700368,54.44471,52.359878,0.499992,-20.648165,0.704695
0.710711,54.595367,52.359878,0.499992,-2.580226,0.702779
0.753262,55.117325,52.359878,0.499992,24.288448,0.700556
0.66678,55.687893,52.359878,0.499992,39.769272,0.697797
0.62624,55.82785,52.359878,0.499992,26.248169,0.694658
0.615211,55.693027,52.359878,0.499992,7.00139,0.691535
0.614348,55.347099,52.359878,0.499992,-13.639341,0.688619
0.55603,55.02779,52.359878,0.499992,-23.30448,0.686007
0.631647,54.766186,52.359878,0.499992,-23.84767,0.683722
0.575884,54.593231,52.359878,0.499992,-19.800966,0.681645
0.660078,54.306774,52.359878,0.499992,-23.116163,0.679771
0.672828,54.047623,52.359878,0.499992,-25.028023,0.6781
0.642057,54.218327,52.359878,0.499992,-5.664306,0.676483
0.65241,54.722878,52.359878,0.499992,21.753263,0.674606
0.663735,55.446125,52.359878,0.499992,46.600094,0.672171
0.655809,55.941597,52.359878,0.499992,48.153503,0.669143
0.658876,55.984932,52.359878,0.499992,27.917908,0.665863
0.680863,55.828121,52.359878,0.499992,8.325616,0.662653
0.598072,55.511559,52.359878,0.499992,-9.787565,0.659639
0.542757,55.176159,52.359878,0.499992,-20.061249,0.656944
0.594341,54.994625,52.359878,0.499992,-17.916883,0.654503
0.612061,54.74139,52.359878,0.499992,-21.293512,0.652225
0.674109,54.503979,52.359878,0.499992,-23.238016,0.650139
0.648449,54.478279,52.359878,0.499992,-12.477573,0.648239
0.764355,54.743355,52.359878,0.499992,5.488388,0.646189
0.62641,55.351337,52.359878,0.499992,31.107733,0.643743
0.512312,55.830853,52.359878,0.499992,38.003662,0.640775
0.583356,55.979309,52.359878,0.499992,25.749973,0.637499
0.575292,55.753471,52.359878,0.499992,3.455983,0.634311
0.583196,55.265743,52.359878,0.499992,-21.103149,0.631436
0.60498,54.855949,52.359878,0.499992,-30.402729,0.628974
0.607572,54.489349,52.359878,0.499992,-32.305351,0.6269
0.637558,54.089245,52.359878,0.499992,-35.437805,0.62516
0.608273,53.764355,52.359878,0.499992,-33.222622,0.623759
0.56703,53.349274,52.359878,0.499992,-36.367218,0.622694
0.664658,53.383419,52.359878,0.499992,-18.307209,0.621766
0.659893,53.724079,52.359878,0.499992,6.681134,0.6207
0.70198,54.210655,52.359878,0.499992,26.173674,0.619238
0.602649,54.432701,52.359878,0.499992,22.700382,0.617397
0.507346,54.329529,52.359878,0.499992,5.996269,0.615511
0.575798,54.075336,52.359878,0.499992,-9.542998,0.613804
0.59389,53.667053,52.359878,0.499992,-24.493334,0.612415
0.595498,53.249367,52.359878,0.499992,-31.427683,0.611448
0.627373,52.93322,52.359878,0.499992,-29.730263,0.61084
0.590384,52.57613,52.359878,0.499992,-32.346634,0.610489
0.585904,52.241077,52.359878,0.499992,-33.035328,0.610439
0.529276,52.060383,52.359878,0.499992,-24.124805,0.610691
0.614993,52.131248,52.359878,0.499992,-9.708116,0.610933
0.659398,52.501678,52.359878,0.499992,11.617567,0.61096
0.645594,53.074547,52.359878,0.499992,32.468624,0.610561
0.565851,53.528645,52.359878,0.499992,36.715031,0.609649
0.556836,53.59576,52.359878,0.499992,22.065081,0.608529
0.599922,53.507866,52.359878,0.499992,7.642409,0.607442
0.609149,53.517437,52.359878,0.499992,5.598195,0.606424
0.583287,53.394619,52.359878,0.499992,-1.906445,0.605454
0.599882,53.409756,52.359878,0.499992,-0.080507,0.604512
0.601147,53.331425,52.359878,0.499992,-4.297302,0.603574
0.58959,53.293758,52.359878,0.499992,-6.278746,0.602638
0.654607,53.495163,52.359878,0.499992,5.75088,0.601686
0.666682,53.883888,52.359878,0.499992,20.885178,0.600465
0.556893,54.738724,52.359878,0.499992,51.116783,0.598696
0.58214,55.460926,52.359878,0.499992,60.394814,0.596189
0.552044,55.909065,52.359878,0.499992,52.147957,0.593128
0.573498,55.908199,52.359878,0.499992,27.509832,0.589887
0.522257,55.836868,52.359878,0.499992,10.791991,0.586667
0.544624,55.675953,52.359878,0.499992,-0.93885,0.583598
0.586626,55.447655,52.359878,0.499992,-10.843171,0.580694
0.503867,55.369286,52.359878,0.499992,-10.056751,0.577898
0.601337,55.183174,52.359878,0.499992,-14.160816,0.575239
0.561839,55.072395,52.359878,0.499992,-12.001055,0.57274
0.526365,55.258137,52.359878,0.499992,2.696725,0.570205
0.509559,55.73621,52.359878,0.499992,24.492046,0.56738
0.529639,56.374016,52.359878,0.499992,42.946079,0.564025
0.527729,56.714237,52.359878,0.499992,37.291157,0.560172
0.518863,56.666847,52.359878,0.499992,16.38475,0.556183
0.524022,56.375957,52.359878,0.499992,-5.197239,0.552378
0.438694,56.040359,52.359878,0.499992,-17.593267,0.548896
0.542254,55.647285,52.359878,0.499992,-27.610081,0.545731
0.495276,55.391617,52.359878,0.499992,-28.203176,0.542808
0.414759,55.130062,52.359878,0.499992,-27.263918,0.540166
0.535392,54.857231,52.359878,0.499992,-27.523506,0.537767
0.493884,54.840721,52.359878,0.499992,-15.155765,0.535515
0.523392,55.202457,52.359878,0.499992,10.272378,0.533131
0.477714,55.786533,52.359878,0.499992,33.598995,0.53031
0.452408,56.177853,52.359878,0.499992,35.519104,0.526994
0.477003,56.113968,52.359878,0.499992,14.353352,0.523493
0.395013,55.933113,52.359878,0.499992,-1.771734,0.520123
0.494755,55.596043,52.359878,0.499992,-17.483347,0.516999
0.457028,55.290192,52.359878,0.499992,-23.805542,0.514183
0.506952,54.942486,52.359878,0.499992,-28.314075,0.511693
0.404499,54.663887,52.359878,0.499992,-28.148277,0.509468
0.553629,54.508305,52.359878,0.499992,-22.34943,0.507441
0.493094,54.475872,52.359878,0.499992,-12.332034,0.505536
0.470756,54.63834,52.359878,0.499992,1.366518,0.503556
0.491811,55.325848,52.359878,0.499992,32.505505,0.501166
0.497606,55.899944,52.359878,0.499992,43.727421,0.498195
0.4,56.06345,52.359878,0.499992,29.783875,0.494858
0.461711,55.998512,52.359878,0.499992,12.51981,0.4915
0.447386,55.754055,52.359878,0.499992,-4.594252,0.488299
0.366067,55.40139,52.359878,0.499992,-18.639631,0.485377
0.440926,55.156815,52.359878,0.499992,-20.473057,0.482748
0.472147,54.991161,52.359878,0.499992,-17.393921,0.480318
0.418834,54.766956,52.359878,0.499992,-19.833336,0.478013
0.522776,54.637005,52.359878,0.499992,-17.32629,0.47586
0.380758,54.955112,52.359878,0.499992,5.254158,0.473634
0.465246,55.535458,52.359878,0.499992,30.105448,0.471025
0.408551,56.30196,52.359878,0.499992,50.996346,0.467764
0.469179,56.722527,52.359878,0.499992,46.42638,0.463968
0.38028,56.647659,52.359878,0.499992,21.459557,0.46003
0.410399,56.443531,52.359878,0.499992,1.934283,0.456215
0.324507,56.12455,52.359878,0.499992,-12.77938,0.452675
0.401377,55.757816,52.359878,0.499992,-22.633085,0.449457
0.433318,55.473648,52.359878,0.499992,-24.72341,0.446513
0.376035,55.091053,52.359878,0.499992,-30.986769,0.443856
0.428662,54.804783,52.359878,0.499992,-31.676256,0.441447
0.3893,54.875622,52.359878,0.499992,-13.799875,0.439187
0.431688,55.241615,52.359878,0.499992,11.104095,0.436781
0.341305,55.760681,52.359878,0.499992,29.646214,0.433914
0.419389,56.135151,52.359878,0.499992,31.311905,0.430585
0.365673,56.100838,52.359878,0.499992,13.414432,0.427106
0.366252,55.872066,52.359878,0.499992,-4.429787,0.423774
0.3709,55.486897,52.359878,0.499992,-20.05653,0.420758
0.341352,54.980976,52.359878,0.499992,-33.790424,0.418155
0.345174,54.595169,52.359878,0.499992,-35.449745,0.415948
0.385649,54.152699,52.359878,0.499992,-39.895889,0.414106
0.406063,53.764893,52.359878,0.499992,-40.072739,0.41263
0.389564,53.596619,52.359878,0.499992,-27.552155,0.411485
0.355946,53.796291,52.359878,0.499992,-3.929662,0.410318
0.408753,54.240108,52.359878,0.499992,18.888987,0.408826
0.31387,54.717255,52.359878,0.499992,30.951546,0.406858
0.370745,54.949917,52.359878,0.499992,26.35129,0.404571
0.438863,54.871708,52.359878,0.499992,11.450775,0.402275
0.404416,54.463692,52.359878,0.499992,-12.939423,0.400172
0.397808,54.042313,52.359878,0.499992,-27.510948,0.398416
0.37905,53.688396,52.359878,0.499992,-30.489027,0.397066
0.405679,53.29776,52.359878,0.499992,-34.193645,0.396047
0.365558,53.008221,52.359878,0.499992,-32.012878,0.395316
0.399538,52.823559,52.359878,0.499992,-24.464405,0.394847
0.405811,53.021152,52.359878,0.499992,-2.246118,0.394394
0.414224,53.561428,52.359878,0.499992,25.962637,0.393614
0.36275,54.297787,52.359878,0.499992,48.099499,0.392189
0.388462,55.092697,52.359878,0.499992,61.345806,0.39002
0.375962,55.527256,52.359878,0.499992,52.206062,0.387306
0.359937,55.722141,52.359878,0.499992,37.512005,0.384349
0.253969,55.720009,52.359878,0.499992,21.056009,0.381322
0.382591,55.604652,52.359878,0.499992,6.188406,0.378309
0.30524,55.553978,52.359878,0.499992,1.294137,0.37539
0.349181,55.463387,52.359878,0.499992,-3.938221,0.372514
0.329264,55.478256,52.359878,0.499992,-1.592411,0.369675
0.373799,55.531395,52.359878,0.499992,2.241665,0.366831
0.295935,55.923496,52.359878,0.499992,20.491787,0.363801
0.331831,56.769596,52.359878,0.499992,52.291161,0.360239
0.276511,57.616409,52.359878,0.499992,68.928604,0.355891
0.317168,57.982941,52.359878,0.499992,53.075722,0.350913
0.276999,58.149158,52.359878,0.499992,36.272144,0.34572
0.298149,58.043056,52.359878,0.499992,15.991389,0.340545
0.261053,57.821774,52.359878,0.499992,-0.732845,0.335503
0.254611,57.513561,52.359878,0.499992,-14.364009,0.330683
0.281409,57.24107,52.359878,0.499992,-20.793026,0.326104
0.279992,57.076504,52.359878,0.499992,-17.63414,0.321772
0.242766,56.877769,52.359878,0.499992,-17.667807,0.317603
0.274282,57.064465,52.359878,0.499992,-0.191862,0.313425
0.266762,57.591816,52.359878,0.499992,24.701244,0.308919
0.21441,58.273033,52.359878,0.499992,43.621155,0.30381
0.233837,58.58197,52.359878,0.499992,35.633305,0.298218
0.220038,58.516426,52.359878,0.499992,15.68689,0.292572
0.24845,58.211708,52.359878,0.499992,-3.783634,0.287086
0.244741,57.9776,52.359878,0.499992,-13.625937,0.28187
0.151069,57.733692,52.359878,0.499992,-18.235615,0.276882
0.207622,57.35741,52.359878,0.499992,-27.473761,0.272157
0.229161,56.930725,52.359878,0.499992,-35.249771,0.26778
0.140095,56.838951,52.359878,0.499992,-22.356647,0.263688
0.223904,57.018604,52.359878,0.499992,-2.277125,0.259576
0.18853,57.573761,52.359878,0.499992,24.704895,0.25509
0.132885,58.153244,52.359878,0.499992,39.155918,0.250051
0.174428,58.268894,52.359878,0.499992,24.808695,0.244678
0.119385,58.171165,52.359878,0.499992,7.212169,0.239295
0.126619,58.058441,52.359878,0.499992,-1.645523,0.234044
0.144066,57.743118,52.359878,0.499992,-15.48683,0.229006
0.144476,57.470791,52.359878,0.499992,-21.485996,0.224212
0.097707,57.253326,52.359878,0.499992,-21.111517,0.219673
0.175439,56.969242,52.359878,0.499992,-22.98213,0.215398
0.135339,56.871655,52.359878,0.499992,-15.222162,0.211301
0.22562,57.002522,52.359878,0.499992,-1.581002,0.207155
0.132619,57.600101,52.359878,0.499992,28.262522,0.2027
0.145694,58.065079,52.359878,0.499992,36.64743,0.197721
0.145376,58.259865,52.359878,0.499992,27.679222,0.192405
0.023875,58.159168,52.359878,0.499992,10.507765,0.187091
0.11993,57.852333,52.359878,0.499992,-8.170751,0.18194
0.119649,57.525715,52.359878,0.499992,-19.015047,0.177107
0.061589,57.207207,52.359878,0.499992,-24.500467,0.172567
-0.005331,56.803841,52.359878,0.499992,-32.417446,0.168322
0.124835,56.399372,52.359878,0.499992,-36.002201,0.164463
0.153685,56.000183,52.359878,0.499992,-36.707317,0.161008
0.134811,56.038242,52.359878,0.499992,-16.440134,0.157724
0.119707,56.271149,52.359878,0.499992,2.545317,0.154294
0.130963,56.714035,52.359878,0.499992,21.427696,0.150514
0.100082,56.565666,52.359878,0.499992,3.806535,0.146596
0.133247,56.206642,52.359878,0.499992,-16.143927,0.142884
0.100276,55.840553,52.359878,0.499992,-26.393511,0.139524
0.110571,55.348553,52.359878,0.499992,-37.191006,0.136574
0.138064,55.008568,52.359878,0.499992,-35.300602,0.134019
0.113898,54.46051,52.359878,0.499992,-43.499615,0.131887
0.151938,53.79221,52.359878,0.499992,-54.348076,0.130281
0.127145,53.452297,52.359878,0.499992,-44.091793,0.129155
0.080886,53.260014,52.359878,0.499992,-31.756861,0.128279
0.101484,53.546467,52.359878,0.499992,-4.18604,0.127317
0.082409,53.987259,52.359878,0.499992,18.260828,0.126037
0.114961,54.046627,52.359878,0.499992,12.062362,0.124507
0.098792,53.950497,52.359878,0.499992,2.335977,0.123033
0.092095,53.664429,52.359878,0.499992,-12.814514,0.121684
0.134586,53.385105,52.359878,0.499992,-20.480946,0.120602
0.035588,52.96875,52.359878,0.499992,-30.60066,0.11985
0.14735,52.560738,52.359878,0.499992,-35.935669,0.119462
0.112996,52.210625,52.359878,0.499992,-34.387512,0.119473
0.132597,51.778881,52.359878,0.499992,-37.725697,0.119833
0.146158,51.677372,52.359878,0.499992,-23.602093,0.120451
0.129157,51.782681,52.359878,0.499992,-6.229976,0.121074
0.101435,52.125275,52.359878,0.499992,12.28169,0.121439
0.164581,52.6898,52.359878,0.499992,32.712273,0.121392
0.0705,52.997169,52.359878,0.499992,31.673182,0.120945
0.137994,52.952293,52.359878,0.499992,14.907259,0.120389
0.151751,52.839031,52.359878,0.499992,1.354573,0.119855
0.115356,52.666023,52.359878,0.499992,-7.376107,0.119492
0.083917,52.281384,52.359878,0.499992,-21.350599,0.119407
0.061663,52.100327,52.359878,0.499992,-20.51688,0.119539
0.142159,51.920013,52.359878,0.499992,-18.402996,0.119886
0.136956,51.637875,52.359878,0.499992,-22.73546,0.120425
0.131607,51.566235,52.359878,0.499992,-14.832521,0.121136
0.151895,51.681351,52.359878,0.499992,-1.633102,0.121842
0.162009,52.229683,52.359878,0.499992,25.244085,0.122232
0.187968,52.862709,52.359878,0.499992,43.804111,0.122091
0.127897,53.215096,52.359878,0.499992,39.506557,0.121462
0.114638,53.312523,52.359878,0.499992,26.143852,0.12065
0.139434,53.083172,52.359878,0.499992,3.488332,0.11989
0.113979,52.840706,52.359878,0.499992,-9.629565,0.119335
0.092107,52.635765,52.359878,0.499992,-13.617241,0.119021
0.157032,52.398014,52.359878,0.499992,-17.76498,0.118898
0.127557,52.159531,52.359878,0.499992,-20.038198,0.118989
0.151343,51.805553,52.359878,0.499992,-27.239922,0.119333
0.146244,51.736053,52.359878,0.499992,-16.748224,0.119902
0.105324,51.775127,52.359878,0.499992,-6.430068,0.120478
0.156609,52.322258,52.359878,0.499992,22.409901,0.120776
0.024988,52.795311,52.359878,0.499992,33.762718,0.120591
0.095107,52.983208,52.359878,0.499992,25.298164,0.120059
0.109261,52.938416,52.359878,0.499992,11.192146,0.119503
0.116968,52.716095,52.359878,0.499992,-5.669197,0.119033
0.133695,52.511421,52.359878,0.499992,-12.811007,0.118791
0.113348,52.198811,52.359878,0.499992,-20.343391,0.118829
0.086066,52.03286,52.359878,0.499992,-18.902821,0.119043
0.163479,51.887695,52.359878,0.499992,-16.565107,0.119416
0.110882,51.752357,52.359878,0.499992,-14.102337,0.119941
0.152882,51.746799,52.359878,0.499992,-6.028601,0.120556
0.114193,52.095768,52.359878,0.499992,14.347869,0.120997
0.134165,52.666687,52.359878,0.499992,35.628124,0.121026
0.07874,53.259113,52.359878,0.499992,47.192265,0.120498
0.044,53.653835,52.359878,0.499992,42.744972,0.119471
0.126634,53.834362,52.359878,0.499992,31.580898,0.118219
0.115356,53.793079,52.359878,0.499992,14.515166,0.116879
0.082633,53.654652,52.359878,0.499992,0.544752,0.115612
0.101097,53.397465,52.359878,0.499992,-11.76277,0.114546
0.113331,53.13924,52.359878,0.499992,-19.141474,0.113694
0.134809,52.911469,52.359878,0.499992,-21.12826,0.113078
0.077183,52.646839,52.359878,0.499992,-23.555368,0.112695
0.100806,52.594616,52.359878,0.499992,-14.104176,0.112491
0.153279,52.685955,52.359878,0.499992,-3.056101,0.112247
0.118463,53.225506,52.359878,0.499992,22.632053,0.111681
0.06464,53.774677,52.359878,0.499992,36.939205,0.110622
0.060128,54.139725,52.359878,0.499992,36.079277,0.109145
0.020874,54.24123,52.359878,0.499992,24.0282,0.107479
0.094638,54.046577,52.359878,0.499992,2.543481,0.105814
0.077585,53.882336,52.359878,0.499992,-7.464176,0.104315
0.095336,53.714745,52.359878,0.499992,-12.341918,0.102979
0.103203,53.652676,52.359878,0.499992,-9.672846,0.101767
0.076078,53.397774,52.359878,0.499992,-17.206121,0.100703
0.022487,53.131329,52.359878,0.499992,-21.181475,0.099888
0.117617,53.051987,52.359878,0.499992,-14.738335,0.099235
0.090618,53.337265,52.359878,0.499992,5.707439,0.098487
0.112174,53.944958,52.359878,0.499992,31.392458,0.097327
0.100689,54.400806,52.359878,0.499992,36.403809,0.095629
0.074267,54.5457,52.359878,0.499992,24.130419,0.093637
0.044992,54.434738,52.359878,0.499992,7.151232,0.091675
0.087486,54.184326,52.359878,0.499992,-7.802464,0.089899
0.128572,53.899776,52.359878,0.499992,-16.874689,0.088385
0.065647,53.63728,52.359878,0.499992,-21.288076,0.0871
0.081703,53.19524,52.359878,0.499992,-32.699394,0.086116
0.111621,52.74427,52.359878,0.499992,-38.586872,0.085554
0.099357,52.404789,52.359878,0.499992,-34.952847,0.085404
0.064699,52.246971,52.359878,0.499992,-24.662157,0.085482
0.117427,52.483086,52.359878,0.499992,-2.211587,0.085485
0.083717,52.998615,52.359878,0.499992,22.08972,0.085116
0.040917,53.238403,52.359878,0.499992,22.396105,0.084406
0.095515,53.192219,52.359878,0.499992,10.07199,0.083635
0.038277,53.088936,52.359878,0.499992,0.592404,0.082917
0.09573,52.80135,52.359878,0.499992,-12.571638,0.082401
0.116888,52.537476,52.359878,0.499992,-19.043245,0.082117
0.080191,52.171951,52.359878,0.499992,-27.393152,0.082116
0.119241,51.710323,52.359878,0.499992,-36.797977,0.082476
0.117811,51.46109,52.359878,0.499992,-31.124592,0.083183
0.082104,51.180851,52.359878,0.499992,-28.330496,0.084173
-0.081193,51.192829,52.359878,0.499992,-15.064076,0.08523
0.051411,51.64304,52.359878,0.499992,13.278483,0.086101
0.140172,52.122471,52.359878,0.499992,30.304615,0.086564
0.069887,52.441822,52.359878,0.499992,30.695009,0.086626
0.087306,52.557068,52.359878,0.499992,21.007092,0.086471
0.108899,52.533836,52.359878,0.499992,9.702927,0.086288
0.072687,52.414124,52.359878,0.499992,-0.500368,0.086178
0.090287,52.211174,52.359878,0.499992,-9.564076,0.086223
0.020282,51.954407,52.359878,0.499992,-15.746856,0.086515
0.045032,51.615303,52.359878,0.499992,-24.411165,0.087034
0.110279,51.479942,52.359878,0.499992,-19.416042,0.08777
0.090934,51.408318,52.359878,0.499992,-11.43019,0.088676
0.096755,51.45295,52.359878,0.499992,-3.548383,0.089542
0.161154,51.82148,52.359878,0.499992,15.561655,0.090212
0.117483,52.362671,52.359878,0.499992,32.685593,0.090433
0.039685,52.888744,52.359878,0.499992,41.269836,0.090168
0.116988,53.042015,52.359878,0.499992,29.0285,0.08961
0.054505,53.059052,52.359878,0.499992,15.522429,0.088956
0.031329,52.956848,52.359878,0.499992,3.452631,0.088358
0.077489,52.796276,52.359878,0.499992,-4.111598,0.087933
0.058743,52.634747,52.359878,0.499992,-8.409639,0.08765
0.102958,52.527664,52.359878,0.499992,-8.574851,0.087478
0.102975,52.356377,52.359878,0.499992,-12.623956,0.087403
0.088714,52.19265,52.359878,0.499992,-15.260144,0.087452
-0.003534,52.205116,52.359878,0.499992,-8.208725,0.08758
0.098255,52.575676,52.359878,0.499992,12.237758,0.087536
0.119516,53.158176,52.359878,0.499992,33.558193,0.087073
0.073212,53.578979,52.359878,0.499992,36.934944,0.086136
0.08739,53.605522,52.359878,0.499992,20.165665,0.084988
0.072861,53.340649,52.359878,0.499992,-3.344681,0.083916
0.095323,53.133541,52.359878,0.499992,-11.828046,0.0831
0.059046,52.820919,52.359878,0.499992,-19.939545,0.082566
0.100467,52.639023,52.359878,0.499992,-17.86046,0.082269
0.083373,52.270966,52.359878,0.499992,-26.308189,0.082195
0.049422,51.878735,52.359878,0.499992,-32.74939,0.08244
0.142797,51.549545,52.359878,0.499992,-32.559002,0.083038
0.062418,51.489315,52.359878,0.499992,-21.036289,0.083781
0.127148,51.889988,52.359878,0.499992,7.637415,0.084402
0.099519,52.371952,52.359878,0.499992,25.426023,0.084581
0.0747,52.773422,52.359878,0.499992,31.064051,0.084345
0.114003,52.646152,52.359878,0.499992,10.347592,0.084015
0.089617,52.600605,52.359878,0.499992,2.53542,0.083744
0.05234,52.400871,52.359878,0.499992,-6.827189,0.083649
-0.009266,52.179184,52.359878,0.499992,-12.6854,0.083752
0.00826,51.940353,52.359878,0.499992,-16.88183,0.084057
0.007446,51.566559,52.359878,0.499992,-25.950417,0.084622
0.097167,51.227436,52.359878,0.499992,-29.753099,0.085499
0.105978,51.035206,52.359878,0.499992,-25.19223,0.086604
0.132757,51.187332,52.359878,0.499992,-5.757261,0.087762
0.09402,51.521149,52.359878,0.499992,12.738493,0.088692
0.10608,52.111488,52.359878,0.499992,33.513199,0.089164
0.061811,52.477665,52.359878,0.499992,33.831394,0.089188
0.067984,52.690105,52.359878,0.499992,27.347239,0.088959
0.109158,52.703789,52.359878,0.499992,15.483649,0.08866
0.06504,52.5644,52.359878,0.499992,1.292146,0.088393
0.082594,52.348091,52.359878,0.499992,-9.934153,0.088285
0.138921,52.075096,52.359878,0.499992,-17.864632,0.088423
0.100444,51.826733,52.359878,0.499992,-21.211292,0.088792
0.05101,51.635086,52.359878,0.499992,-20.176249,0.08937
0.066674,51.577263,52.359878,0.499992,-12.97259,0.09007
0.034259,51.685795,52.359878,0.499992,-0.849479,0.090767
0.002076,52.003284,52.359878,0.499992,14.846804,0.091257
0.093988,52.677383,52.359878,0.499992,39.708908,0.091288
0.078009,53.18087,52.359878,0.499992,44.562702,0.090768
0.099833,53.390411,52.359878,0.499992,32.579197,0.089894
0.096227,53.571686,52.359878,0.499992,25.515747,0.088857
0.073741,53.403759,52.359878,0.499992,6.676864,0.087855
-0.022195,53.047459,52.359878,0.499992,-12.765876,0.087075
0.064484,52.893337,52.359878,0.499992,-14.132228,0.086512
0.112438,52.644039,52.359878,0.499992,-18.332703,0.086166
0.052012,52.364937,52.359878,0.499992,-23.542356,0.086014
0.090213,52.175217,52.359878,0.499992,-20.829187,0.086116
0.128478,52.180141,52.359878,0.499992,-9.993634,0.08631
0.118292,52.507381,52.359878,0.499992,11.413047,0.086378
0.045272,52.96199,52.359878,0.499992,27.135174,0.086037
0.101399,53.379536,52.359878,0.499992,32.082672,0.085241
0.073415,53.485439,52.359878,0.499992,20.782187,0.084221
-0.016606,53.306667,52.359878,0.499992,0.731588,0.083211
0.106959,53.079742,52.359878,0.499992,-9.985837,0.082453
0.036635,52.647648,52.359878,0.499992,-25.201015,0.082
0.108602,52.369724,52.359878,0.499992,-26.943827,0.081848
0.107936,52.069077,52.359878,0.499992,-28.625118,0.081965
0.09269,51.668968,52.359878,0.499992,-33.678516,0.08242
0.113073,51.358967,52.359878,0.499992,-30.623323,0.083246
0.127591,51.344906,52.359878,0.499992,-15.546094,0.084212
0.1059,51.576275,52.359878,0.499992,3.428648,0.085069
0.145583,52.182732,52.359878,0.499992,29.164227,0.085481
0.039029,52.617901,52.359878,0.499992,34.887646,0.085412
0.113905,52.599255,52.359878,0.499992,17.048761,0.08516
0.072114,52.519325,52.359878,0.499992,4.09237,0.084936
0.101967,52.3377,52.359878,0.499992,-6.806089,0.084853
0.106993,52.136398,52.359878,0.499992,-12.796468,0.084971
0.066293,51.893654,52.359878,0.499992,-18.538433,0.085273
0.061218,51.561127,52.359878,0.499992,-27.022808,0.085797
0.066631,51.257519,52.359878,0.499992,-29.689455,0.086628
0.025548,51.098083,52.359878,0.499992,-23.795544,0.087685
0.123679,51.132755,52.359878,0.499992,-10.817311,0.08883
0.084069,51.595654,52.359878,0.499992,17.164234,0.089781
0.087586,52.108315,52.359878,0.499992,33.684811,0.090268
0.143183,52.486378,52.359878,0.499992,35.584106,0.090325
0.100702,52.606766,52.359878,0.499992,24.498652,0.090149
0.050068,52.636299,52.359878,0.499992,13.68093,0.089885
0.066512,52.534229,52.359878,0.499992,1.480972,0.089645
0.010608,52.473209,52.359878,0.499992,-2.166722,0.089506
0.028336,52.29628,52.359878,0.499992,-8.867911,0.089498
0.07965,52.084579,52.359878,0.499992,-13.725855,0.089679
0.081185,51.908882,52.359878,0.499992,-14.880853,0.09003
0.123043,51.843464,52.359878,0.499992,-9.735897,0.090509
0.081317,51.915539,52.359878,0.499992,-1.343017,0.090966
0.101883,52.287544,52.359878,0.499992,16.728235,0.091209
0.046634,52.860104,52.359878,0.499992,35.8582,0.091024
0.085026,53.333309,52.359878,0.499992,40.76722,0.090339
0.100797,53.515167,52.359878,0.499992,30.419249,0.089374
0.071991,53.603352,52.359878,0.499992,20.049812,0.08827
0.072911,53.537533,52.359878,0.499992,8.73185,0.087198
0.105998,53.225239,52.359878,0.499992,-8.612288,0.086307
0.084765,53.017632,52.359878,0.499992,-13.620403,0.085634
0.040855,52.698357,52.359878,0.499992,-22.623171,0.085167
0.054257,52.591591,52.359878,0.499992,-17.243355,0.084898
-0.00033,52.321129,52.359878,0.499992,-21.444773,0.084823
0.013902,52.233292,52.359878,0.499992,-16.142666,0.084879
0.090273,52.517479,52.359878,0.499992,6.150037,0.084917
0.063932,52.818161,52.359878,0.499992,16.981155,0.084632
0.103448,53.170948,52.359878,0.499992,23.919563,0.084004
0.100533,53.196804,52.359878,0.499992,12.715635,0.083212
0.07725,53.154247,52.359878,0.499992,4.137493,0.082443
0.066345,52.767632,52.359878,0.499992,-14.741208,0.081928
0.099509,52.416729,52.359878,0.499992,-24.012575,0.081723
0.119023,52.154594,52.359878,0.499992,-24.853054,0.081797
0.109334,51.90815,52.359878,0.499992,-24.696688,0.082097
0.114582,51.587051,52.359878,0.499992,-27.293633,0.08268
0.11637,51.221809,52.359878,0.499992,-29.684292,0.083609
0.108514,51.175953,52.359878,0.499992,-17.19825,0.084696
0.12521,51.51762,52.359878,0.499992,7.022737,0.085632
0.116228,52.050228,52.359878,0.499992,27.674301,0.086133
0.084649,52.448944,52.359878,0.499992,31.697212,0.086181
0.047266,52.54863,52.359878,0.499992,20.437881,0.086015
0.050543,52.469791,52.359878,0.499992,6.802783,0.085863
0.015183,52.262367,52.359878,0.499992,-6.71265,0.085833
0.105443,52.141106,52.359878,0.499992,-8.119786,0.086008
0.070953,51.859573,52.359878,0.499992,-16.942989,0.086354
0.087848,51.562447,52.359878,0.499992,-24.217432,0.086903
0.134592,51.240971,52.359878,0.499992,-28.948635,0.087744
0.109457,51.182671,52.359878,0.499992,-17.622583,0.088804
0.078363,51.2528,52.359878,0.499992,-4.37573,0.089902
0.252115,51.742661,52.359878,0.499992,21.685789,0.09073
0.025427,52.293396,52.359878,0.499992,36.733849,0.09103
0.112116,52.678482,52.359878,0.499992,35.63694,0.090854
0.07269,52.936222,52.359878,0.499992,31.124474,0.090443
0.098323,52.865837,52.359878,0.499992,13.010709,0.08994
0.106584,52.79266,52.359878,0.499992,3.469895,0.089506
0.064154,52.529289,52.359878,0.499992,-10.740049,0.089222
0.082942,52.39909,52.359878,0.499992,-12.39161,0.089105
0.04843,52.17799,52.359878,0.499992,-15.644235,0.089208
-0.002257,51.933945,52.359878,0.499992,-18.994122,0.089509
0.118134,51.855255,52.359878,0.499992,-12.31891,0.089979
0.089247,51.991608,52.359878,0.499992,0.742061,0.09041
0.088822,52.525745,52.359878,0.499992,26.842142,0.090555
0.124772,53.033371,52.359878,0.499992,38.065952,0.090181
0.093599,53.607224,52.359878,0.499992,46.364674,0.089283
0.040847,53.703766,52.359878,0.499992,29.619699,0.088113
0.069995,53.684502,52.359878,0.499992,13.723002,0.08686
0.050446,53.585335,52.359878,0.499992,2.689865,0.085693
0.125487,53.182758,52.359878,0.499992,-17.114023,0.084761
0.059162,52.855667,52.359878,0.499992,-24.913809,0.084145
0.085421,52.605743,52.359878,0.499992,-25.130352,0.083799
0.106322,52.327953,52.359878,0.499992,-26.66394,0.083695
0.082198,52.217716,52.359878,0.499992,-18.391388,0.083806
0.096447,52.186005,52.359878,0.499992,-10.59395,0.083974
0.036974,52.422775,52.359878,0.499992,5.954129,0.084049
0.090686,52.925705,52.359878,0.499992,25.908825,0.083743
0.133832,53.215477,52.359878,0.499992,26.473192,0.083069
0.083026,53.278652,52.359878,0.499992,16.272566,0.082233
0.088941,53.107197,52.359878,0.499992,-0.247629,0.081443
0.078633,52.727547,52.359878,0.499992,-17.744234,0.080932
0.075666,52.301567,52.359878,0.499992,-28.512232,0.080817
0.08876,51.95517,52.359878,0.499992,-30.811205,0.081045
0.10706,51.688118,52.359878,0.499992,-28.637867,0.081544
0.086073,51.299644,52.359878,0.499992,-34.671192,0.082294
0.026159,51.125546,52.359878,0.499992,-25.901901,0.083361
0.123847,51.121189,52.359878,0.499992,-12.143044,0.084549
0.058762,51.386852,52.359878,0.499992,6.216113,0.085573
0.121255,51.961647,52.359878,0.499992,29.309216,0.086176
0.093222,52.436478,52.359878,0.499992,36.415565,0.086279
0.068273,52.477406,52.359878,0.499992,19.851013,0.086141
0.119807,52.420464,52.359878,0.499992,7.128592,0.086029
0.09491,52.207268,52.359878,0.499992,-6.247889,0.086067
0.051726,51.977463,52.359878,0.499992,-14.112972,0.086307
0.028935,51.850704,52.359878,0.499992,-14.087654,0.086692
0.038147,51.563812,52.359878,0.499992,-22.071028,0.087249
0.019193,51.268295,52.359878,0.499992,-26.167221,0.088085
0.09059,51.006626,52.359878,0.499992,-25.732656,0.089213
0.11883,51.116776,52.359878,0.499992,-8.067656,0.090411
0.133222,51.526447,52.359878,0.499992,15.835032,0.091396
0.08276,52.137192,52.359878,0.499992,36.973511,0.091882
0.097732,52.531162,52.359878,0.499992,36.453388,0.091855
0.023025,52.769188,52.359878,0.499992,30.18684,0.091573
0.069327,52.84528,52.359878,0.499992,20.003578,0.091175
0.106453,52.824589,52.359878,0.499992,10.970032,0.090779
0.055371,52.694763,52.359878,0.499992,0.880364,0.090448
0.075065,52.519547,52.359878,0.499992,-7.584943,0.090227
0.118181,52.309055,52.359878,0.499992,-13.171296,0.090195
0.102419,52.086887,52.359878,0.499992,-16.610924,0.090369
0.045472,52.007557,52.359878,0.499992,-11.196648,0.090695
0.120351,52.147312,52.359878,0.499992,1.476625,0.090985
0.065274,52.617973,52.359878,0.499992,24.137489,0.091014
0.059908,53.164658,52.359878,0.499992,38.856091,0.090548
0.071435,53.671322,52.359878,0.499992,44.900387,0.089601
0.069378,53.699081,52.359878,0.499992,24.884151,0.088383
0.092452,53.726067,52.359878,0.499992,12.675398,0.087092
0.07252,53.645454,52.359878,0.499992,2.620691,0.085866
0.072641,53.356243,52.359878,0.499992,-11.350673,0.084849
0.004712,53.067886,52.359878,0.499992,-18.014959,0.084118
0.022172,52.595921,52.359878,0.499992,-31.834969,0.083684
0.097417,52.328533,52.359878,0.499992,-29.519955,0.083587
0.062305,52.0117,52.359878,0.499992,-30.459864,0.083765
0.088669,51.985241,52.359878,0.499992,-18.012718,0.084079
0.124788,52.183228,52.359878,0.499992,-0.188887,0.084341
0.107138,52.714535,52.359878,0.499992,24.895792,0.084269
0.046112,52.934078,52.359878,0.499992,22.97863,0.083831
0.096854,53.036549,52.359878,0.499992,16.349865,0.083238
0.078784,52.926533,52.359878,0.499992,2.489369,0.082635
-0.085882,52.671383,52.359878,0.499992,-11.101843,0.082213
0.107787,52.288139,52.359878,0.499992,-22.98682,0.082129
0.060717,51.92588,52.359878,0.499992,-29.628685,0.082345
0.120527,51.660694,52.359878,0.499992,-28.666542,0.082846
0.120486,51.369129,52.359878,0.499992,-29.570776,0.083594
0.110742,51.049339,52.359878,0.499992,-31.186132,0.084627
0.120002,51.02713,52.359878,0.499992,-18.012049,0.085826
0.127009,51.418808,52.359878,0.499992,8.759404,0.08687
0.121215,51.916279,52.359878,0.499992,27.362457,0.087489
-0.019659,52.359177,52.359878,0.499992,33.658707,0.08764
0.028664,52.559772,52.359878,0.499992,27.34067,0.087546
0.110115,52.48243,52.359878,0.499992,10.979778,0.087395
0.079411,52.309734,52.359878,0.499992,-1.197772,0.08739
0.104619,52.017609,52.359878,0.499992,-13.711389,0.087585
0.101676,51.868698,52.359878,0.499992,-14.591749,0.087955
0.087309,51.716644,52.359878,0.499992,-15.015767,0.088465
0.044299,51.509819,52.359878,0.499992,-17.441879,0.089151
0.104861,51.328461,52.359878,0.499992,-16.405624,0.090049
0.077171,51.370842,52.359878,0.499992,-6.354404,0.090985
0.126169,51.762943,52.359878,0.499992,15.849963,0.091743
0.100246,52.352776,52.359878,0.499992,35.232838,0.091999
0.09107,52.814564,52.359878,0.499992,38.418644,0.091735
0.117512,52.95882,52.359878,0.499992,27.042688,0.091243
0.090696,52.930267,52.359878,0.499992,12.742098,0.090698
0.040508,52.795525,52.359878,0.499992,-0.051678,0.09022
0.128576,52.689445,52.359878,0.499992,-6.137705,0.089835
-0.000978,52.623489,52.359878,0.499992,-6.758988,0.089549
0.120221,52.346439,52.359878,0.499992,-16.877323,0.089422
0.078183,52.183163,52.359878,0.499992,-17.073635,0.089495
0.10926,52.08469,52.359878,0.499992,-12.681191,0.089735
0.138242,52.327595,52.359878,0.499992,4.781642,0.089886
0.073158,52.743385,52.359878,0.499992,21.914082,0.089731
0.075245,53.352886,52.359878,0.499992,39.080292,0.089073
0.03014,53.693409,52.359878,0.499992,36.566441,0.088007
0.017112,53.776157,52.359878,0.499992,23.531712,0.086756
0.085352,53.599804,52.359878,0.499992,3.907132,0.085534
0.05903,53.503098,52.359878,0.499992,-2.544072,0.08444
0.067422,53.183075,52.359878,0.499992,-16.397779,0.083543
0.11359,52.923225,52.359878,0.499992,-21.009666,0.082904
0.094173,52.571938,52.359878,0.499992,-27.431992,0.082556
0.028336,52.274754,52.359878,0.499992,-28.127314,0.08251
0.051887,52.064213,52.359878,0.499992,-24.639896,0.082693
0.050798,52.051521,52.359878,0.499992,-14.513005,0.082945
0.077175,52.298847,52.359878,0.499992,3.196636,0.083099
0.085443,52.80077,52.359878,0.499992,25.348429,0.082935
0.044578,53.04026,52.359878,0.499992,25.198872,0.08244
0.10406,53.047169,52.359878,0.499992,14.842104,0.081849
0.101432,52.795834,52.359878,0.499992,-4.55301,0.081312
0.086792,52.516399,52.359878,0.499992,-17.027891,0.080992
0.084474,52.218224,52.359878,0.499992,-22.593145,0.080992
0.096329,51.854141,52.359878,0.499992,-29.38555,0.081279
0.127681,51.601547,52.359878,0.499992,-27.182247,0.08186
0.066834,51.249809,52.359878,0.499992,-31.012833,0.082709
0.110321,51.048695,52.359878,0.499992,-25.557842,0.083827
0.130851,51.032715,52.359878,0.499992,-15.107301,0.085007
0.101511,51.500687,52.359878,0.499992,14.668691,0.086033
0.121015,51.958687,52.359878,0.499992,29.572969,0.086624
0.10695,52.39677,52.359878,0.499992,35.632191,0.086772
0.068274,52.49136,52.359878,0.499992,22.781534,0.086673
0.080079,52.435379,52.359878,0.499992,8.362391,0.086537
0.062407,52.212784,52.359878,0.499992,-5.875756,0.086568
0.019689,51.975323,52.359878,0.499992,-14.39919,0.086803
0.112767,51.827057,52.359878,0.499992,-13.782139,0.087244
0.079993,51.518524,52.359878,0.499992,-22.221558,0.087857
0.09026,51.310921,52.359878,0.499992,-22.525425,0.088684
0.158895,51.074593,52.359878,0.499992,-22.654989,0.089758
0.117398,51.173244,52.359878,0.499992,-7.787827,0.090877
0.076059,51.662971,52.359878,0.499992,19.908653,0.091777
0.061836,52.294476,52.359878,0.499992,40.247337,0.092135
0.029048,52.875496,52.359878,0.499992,47.840992,0.091908
0.064554,53.022667,52.359878,0.499992,31.695129,0.091347
0.07413,53.12756,52.359878,0.499992,21.545248,0.090684
0.088246,52.964512,52.359878,0.499992,3.432503,0.090043
0.093205,52.940594,52.359878,0.499992,0.76728,0.089501
0.063118,52.751675,52.359878,0.499992,-8.504253,0.089056
0.066009,52.488556,52.359878,0.499992,-18.264832,0.088772
0.034736,52.258068,52.359878,0.499992,-21.570679,0.088726
-0.055617,52.177673,52.359878,0.499992,-15.836334,0.088835
0.10759,52.296474,52.359878,0.499992,-2.340294,0.088968
0.082457,52.740952,52.359878,0.499992,19.640362,0.088834
0.076759,53.288063,52.359878,0.499992,34.712868,0.088202
0.112942,53.634987,52.359878,0.499992,32.915913,0.087141
0.09263,53.732777,52.359878,0.499992,21.115444,0.085901
0.022467,53.570232,52.359878,0.499992,2.622522,0.084688
0.034743,53.355709,52.359878,0.499992,-9.499776,0.083653
0.040502,53.09906,52.359878,0.499992,-16.622875,0.082873
0.133714,52.701691,52.359878,0.499992,-26.045614,0.082421
0.081487,52.254528,52.359878,0.499992,-33.201599,0.082362
0.089834,51.7663,52.359878,0.499992,-40.466755,0.082681
0.111744,51.612751,52.359878,0.499992,-27.553085,0.083333
0.133599,51.656384,52.359878,0.499992,-12.417003,0.084008
0.101509,51.975414,52.359878,0.499992,7.93669,0.084499
0.091452,52.407406,52.359878,0.499992,23.95422,0.084642
0.106766,52.710758,52.359878,0.499992,25.229269,0.084407
0.11903,52.82196,52.359878,0.499992,18.716726,0.084034
0.127397,52.728157,52.359878,0.499992,5.708808,0.083657
0.09234,52.542023,52.359878,0.499992,-4.810295,0.083428
0.105443,52.061779,52.359878,0.499992,-24.721401,0.083489
0.090537,51.833649,52.359878,0.499992,-23.475872,0.083873
0.103578,51.479885,52.359878,0.499992,-28.700106,0.084525
0.1283,51.286713,52.359878,0.499992,-24.274725,0.085415
0.103804,51.140514,52.359878,0.499992,-18.386196,0.086501
0.031363,51.085567,52.359878,0.499992,-11.950622,0.087653
0.060242,51.460037,52.359878,0.499992,12.289344,0.088684
0.037697,51.945179,52.359878,0.499992,29.406609,0.089295
0.113062,52.390026,52.359878,0.499992,35.708565,0.089447
0.094239,52.544193,52.359878,0.499992,25.374718,0.089319
0.073271,52.588749,52.359878,0.499992,15.173,0.089113
0.126559,52.386124,52.359878,0.499992,-0.645984,0.089015
0.101782,52.221489,52.359878,0.499992,-7.316922,0.089088
0.082147,52.127571,52.359878,0.499992,-7.455573,0.089282
0.144604,51.946854,52.359878,0.499992,-13.020555,0.089558
0.039944,51.827282,52.359878,0.499992,-13.014886,0.089972
0.11113,51.600372,52.359878,0.499992,-15.569576,0.090622
0.100721,51.612095,52.359878,0.499992,-7.514191,0.091321
0.126332,52.034237,52.359878,0.499992,15.724101,0.091815
0.109041,52.66787,52.359878,0.499992,37.561111,0.091817
0.067428,53.197968,52.359878,0.499992,43.140804,0.091245
0.060787,53.374622,52.359878,0.499992,29.652637,0.090347
0.045734,53.458626,52.359878,0.499992,19.842333,0.089383
0.029141,53.308971,52.359878,0.499992,4.145854,0.088465
0.092303,53.137825,52.359878,0.499992,-5.90419,0.087676
0.054948,53.091896,52.359878,0.499992,-5.618336,0.086976
0.070214,52.844891,52.359878,0.499992,-14.644864,0.086417
0.14388,52.581779,52.359878,0.499992,-19.612411,0.086108
0.088919,52.404209,52.359878,0.499992,-17.405661,0.086028
0.065536,52.289581,52.359878,0.499992,-13.990039,0.086065
-0.016127,52.656055,52.359878,0.499992,8.950933,0.085947
0.025415,53.213623,52.359878,0.499992,29.755508,0.085394
0.041537,53.466656,52.359878,0.499992,27.093052,0.08448
0.060029,53.358883,52.359878,0.499992,9.452121,0.083521
0.059986,53.18082,52.359878,0.499992,-4.344821,0.082655
0.090544,52.996201,52.359878,0.499992,-10.628618,0.081998
0.062767,52.699127,52.359878,0.499992,-18.885624,0.081571
0.086357,52.323887,52.359878,0.499992,-27.97415,0.08142
0.043111,51.873375,52.359878,0.499992,-36.34502,0.081645
0.06565,51.539917,52.359878,0.499992,-35.569401,0.082219
0.129044,51.316048,52.359878,0.499992,-28.22073,0.083107
0.086505,51.371704,52.359878,0.499992,-11.931665,0.084052
0.115814,51.676735,52.359878,0.499992,7.82526,0.084819
0.061633,52.155506,52.359878,0.499992,26.059662,0.08521
0.08693,52.432835,52.359878,0.499992,25.890469,0.085242
0.081741,52.497154,52.359878,0.499992,16.137806,0.085122
0.104855,52.517231,52.359878,0.499992,9.059924,0.084969
0.080538,52.359024,52.359878,0.499992,-2.277081,0.084903
-0.005548,52.069782,52.359878,0.499992,-14.869562,0.085029
0.135029,51.846989,52.359878,0.499992,-17.542286,0.085417
0.061093,51.546028,52.359878,0.499992,-22.938543,0.086035
0.129166,51.385124,52.359878,0.499992,-18.840176,0.086877
0.14167,51.220009,52.359878,0.499992,-16.548584,0.087878
0.12228,51.276283,52.359878,0.499992,-6.149773,0.088896
0.132603,51.689678,52.359878,0.499992,17.372646,0.08974
0.11215,52.244083,52.359878,0.499992,35.480328,0.090114
0.095842,52.64402,52.359878,0.499992,37.025253,0.09002
0.308933,52.83831,52.359878,0.499992,28.493006,0.089659
0.021269,52.85638,52.359878,0.499992,16.271751,0.08922
0.093233,52.54612,52.359878,0.499992,-5.946117,0.088902
0.081005,52.3783,52.359878,0.499992,-10.217232,0.088829
0.113484,52.088947,52.359878,0.499992,-18.667042,0.088955
0.101221,52.012642,52.359878,0.499992,-13.535107,0.089233
0.084114,51.832161,52.359878,0.499992,-15.03352,0.089652
0.063882,51.156536,52.359878,0.499992,-40.415939,0.090408
0.142237,50.428303,52.359878,0.499992,-54.536819,0.091863
0.092642,50.146744,52.359878,0.499992,-41.359856,0.093781
0.152857,50.046059,52.359878,0.499992,-27.305973,0.095829
0.136221,49.830582,52.359878,0.499992,-25.318247,0.09801
0.132304,49.333603,52.359878,0.499992,-35.905575,0.100559
0.197691,48.740543,52.359878,0.499992,-45.910767,0.103612
0.176147,48.210716,52.359878,0.499992,-49.475327,0.107139
0.147566,47.611504,52.359878,0.499992,-54.332653,0.111188
0.214277,47.084652,52.359878,0.499992,-52.27433,0.115789
0.15158,46.609806,52.359878,0.499992,-48.539532,0.120856
0.222391,46.040829,52.359878,0.499992,-52.260082,0.126356
0.211778,45.654636,52.359878,0.499992,-46.250156,0.132273
0.217407,45.276066,52.359878,0.499992,-42.009777,0.138559
0.267934,45.188274,52.359878,0.499992,-26.49815,0.145048
0.189861,45.200577,52.359878,0.499992,-12.6809,0.151632
0.171657,45.358109,52.359878,0.499992,0.780524,0.158082
0.253002,45.402546,52.359878,0.499992,2.967739,0.164451
0.229965,45.248581,52.359878,0.499992,-6.544673,0.170821
0.305838,44.912277,52.359878,0.499992,-19.981409,0.177417
0.216491,44.403202,52.359878,0.499992,-35.524021,0.184389
0.308348,43.73354,52.359878,0.499992,-51.507103,0.191889
0.326586,43.129829,52.359878,0.499992,-55.748806,0.200009
0.355512,42.595127,52.359878,0.499992,-53.874424,0.208678
0.360496,42.053478,52.359878,0.499992,-53.043064,0.217843
0.356468,41.438038,52.359878,0.499992,-56.300236,0.227526
0.32217,40.944447,52.359878,0.499992,-51.932755,0.237726
0.377092,40.548222,52.359878,0.499992,-45.835846,0.24831
0.444473,40.377941,52.359878,0.499992,-31.439487,0.259171
0.435143,40.198338,52.359878,0.499992,-24.913815,0.270167
0.399588,40.193665,52.359878,0.499992,-14.234893,0.281218
0.45624,40.302963,52.359878,0.499992,-3.624909,0.292208
0.426029,40.374939,52.359878,0.499992,-0.080247,0.303099
0.516179,40.221775,52.359878,0.499992,-8.06928,0.314043
0.503029,39.838215,52.359878,0.499992,-22.552351,0.325251
0.553345,39.543514,52.359878,0.499992,-24.737198,0.336809
0.529874,39.09042,52.359878,0.499992,-32.997398,0.348777
0.551659,38.571419,52.359878,0.499992,-41.36787,0.361102
0.535352,38.107632,52.359878,0.499992,-42.563766,0.373896
0.516165,37.689129,52.359878,0.499992,-41.58226,0.38708
0.633329,37.578323,52.359878,0.499992,-27.24172,0.400485
0.596937,37.332489,52.359878,0.499992,-25.070704,0.414078
0.621193,37.04121,52.359878,0.499992,-25.747858,0.427925
0.654459,36.754166,52.359878,0.499992,-25.877811,0.442036
0.598281,36.817635,52.359878,0.499992,-11.012828,0.456209
0.678505,36.986534,52.359878,0.499992,0.916801,0.470244
0.696149,37.160122,52.359878,0.499992,8.022388,0.484138
0.688516,37.441158,52.359878,0.499992,16.721321,0.497824
0.725102,37.881317,52.359878,0.499992,29.32745,0.511195
0.648005,38.025261,52.359878,0.499992,21.619526,0.524283
0.770229,38.126289,52.359878,0.499992,16.012974,0.537268
0.781796,38.185783,52.359878,0.499992,12.289476,0.550222
0.73825,38.149609,52.359878,0.499992,3.907762,0.563109
0.713164,38.082806,52.359878,0.499992,-1.743109,0.576045
0.77436,37.986858,52.359878,0.499992,-4.704693,0.589103
0.798429,38.015064,52.359878,0.499992,-1.025586,0.602179
0.81195,38.122536,52.359878,0.499992,3.974291,0.615169
0.816238,38.199234,52.359878,0.499992,5.953598,0.628161
0.759736,38.250893,52.359878,0.499992,6.05208,0.641039
0.796201,38.344349,52.359878,0.499992,6.566404,0.653804
0.899512,38.485649,52.359878,0.499992,10.33755,0.666501
0.886913,38.836796,52.359878,0.499992,21.268551,0.67895
0.923088,39.476364,52.359878,0.499992,41.135479,0.690964
0.881163,40.050083,52.359878,0.499992,48.712639,0.70243
0.902723,40.664642,52.359878,0.499992,54.743141,0.713354
0.943816,41.163429,52.359878,0.499992,52.319931,0.723765
0.88532,41.481899,52.359878,0.499992,41.326973,0.733762
0.918272,41.745594,52.359878,0.499992,33.259865,0.743505
0.94714,41.974678,52.359878,0.499992,26.818674,0.753008
0.900993,42.08102,52.359878,0.499992,17.468353,0.762352
0.945181,42.184566,52.359878,0.499992,13.089152,0.771622
0.971424,42.418716,52.359878,0.499992,17.803835,0.780772
0.911656,42.656902,52.359878,0.499992,20.598951,0.78971
0.951023,42.829121,52.359878,0.499992,18.923515,0.798458
0.902798,43.053761,52.359878,0.499992,20.613108,0.807029
0.950814,43.225094,52.359878,0.499992,19.585688,0.815436
0.978148,43.638813,52.359878,0.499992,30.051233,0.823571
0.906599,44.159184,52.359878,0.499992,40.62962,0.831282
0.956399,44.80706,52.359878,0.499992,51.112846,0.838465
0.935645,45.354282,52.359878,0.499992,51.644691,0.845052
0.916906,45.78146,52.359878,0.499992,46.457478,0.851196
0.938816,45.982861,52.359878,0.499992,34.879753,0.857105
0.960402,46.02803,52.359878,0.499992,21.185812,0.862903
0.883993,46.094566,52.359878,0.499992,14.862876,0.868645
0.975129,45.925636,52.359878,0.499992,0.30461,0.874432
0.931076,45.866299,52.359878,0.499992,-3.155606,0.880298
0.962948,45.905972,52.359878,0.499992,-0.684678,0.886164
0.962748,45.932568,52.359878,0.499992,0.779229,0.89202
0.966629,45.876659,52.359878,0.499992,-2.415044,0.897888
1.041289,46.009464,52.359878,0.499992,5.83969,0.903754
0.876129,46.368305,52.359878,0.499992,21.355885,0.90942
1.000889,46.93129,52.359878,0.499992,38.921619,0.91466
0.990123,47.499191,52.359878,0.499992,46.843948,0.919332
0.973138,48.046974,52.359878,0.499992,50.066742,0.923489
1.003816,48.224693,52.359878,0.499992,34.29298,0.92731
0.957831,48.329449,52.359878,0.499992,22.671448,0.931006
0.992456,48.420368,52.359878,0.499992,16.109346,0.934621
1.036897,48.312359,52.359878,0.499992,2.999368,0.938236
0.94641,48.306118,52.359878,0.499992,1.503878,0.941924
0.982354,48.31221,52.359878,0.499992,1.387001,0.945621
1.019862,48.421822,52.359878,0.499992,5.89934,0.949273
0.977593,48.45966,52.359878,0.499992,5.160788,0.95285
1.046713,48.602921,52.359878,0.499992,10.070503,0.956353
0.980076,48.916302,52.359878,0.499992,19.775055,0.959628
0.974459,49.592186,52.359878,0.499992,41.850796,0.962448
1.007273,50.225971,52.359878,0.499992,51.477196,0.964665
1.016683,50.721836,52.359878,0.499992,49.841888,0.966355
1.008946,50.922184,52.359878,0.499992,36.341713,0.967762
0.943912,50.842327,52.359878,0.499992,15.766267,0.96911
1.119599,50.86581,52.359878,0.499992,9.02755,0.970461
0.967978,50.832821,52.359878,0.499992,3.583796,0.971843
0.944855,50.84161,52.359878,0.499992,3.181007,0.973255
0.964606,50.891178,52.359878,0.499992,4.334965,0.974625
0.996195,50.962887,52.359878,0.499992,5.952165,0.975939
0.980889,51.106445,52.359878,0.499992,9.761045,0.977144
1.050089,51.44244,52.359878,0.499992,21.221748,0.978148
0.982929,52.053574,52.359878,0.499992,39.762981,0.978705
0.956951,52.854465,52.359878,0.499992,58.29995,0.978613
0.979541,53.432465,52.359878,0.499992,56.836655,0.97786
0.981491,53.603123,52.359878,0.499992,36.463676,0.976744
0.951509,53.697483,52.359878,0.499992,24.166414,0.975572
0.960052,53.589325,52.359878,0.499992,8.642105,0.974423
1.013533,53.431602,52.359878,0.499992,-3.361877,0.973356
1.006,53.380268,52.359878,0.499992,-5.335258,0.972367
0.872853,53.384663,52.359878,0.499992,-3.171103,0.971417
0.93645,53.364265,52.359878,0.499992,-1.734599,0.970521
0.989415,53.330044,52.359878,0.499992,-1.400363,0.969659
0.931395,53.467937,52.359878,0.499992,6.089258,0.968733
0.933604,53.96664,52.359878,0.499992,26.329117,0.967494
0.977223,54.57238,52.359878,0.499992,42.408958,0.965761
0.921127,54.86507,52.359878,0.499992,35.477619,0.963589
0.947355,54.727478,52.359878,0.499992,11.155982,0.961323
0.940507,54.547245,52.359878,0.499992,-2.639948,0.95924
0.886667,54.289486,52.359878,0.499992,-12.715752,0.957387
0.928459,53.908997,52.359878,0.499992,-24.599102,0.955804
0.994672,53.759232,52.359878,0.499992,-20.210478,0.954458
0.970942,53.482479,52.359878,0.499992,-23.834808,0.953306
0.985619,53.226147,52.359878,0.499992,-25.248789,0.952384
0.940884,53.201157,52.359878,0.499992,-12.585331,0.951671
0.959076,53.317783,52.359878,0.499992,-0.848239,0.950874
0.974977,53.818436,52.359878,0.499992,22.918636,0.949779
0.918974,54.329376,52.359878,0.499992,36.072872,0.948216
0.935279,54.457996,52.359878,0.499992,25.003357,0.946354
0.901652,54.274448,52.359878,0.499992,5.815274,0.944555
0.839711,53.967724,52.359878,0.499992,-11.083358,0.942953
0.949146,53.714924,52.359878,0.499992,-17.623161,0.941604
0.923851,53.422543,52.359878,0.499992,-22.807758,0.940513
0.955343,53.227547,52.359878,0.499992,-21.294729,0.939635
0.976797,52.961056,52.359878,0.499992,-23.014769,0.938991
0.911543,52.590252,52.359878,0.499992,-29.894001,0.938604
0.976064,52.560173,52.359878,0.499992,-17.26652,0.938416
0.905538,52.895676,52.359878,0.499992,5.67566,0.938061
0.933483,53.534977,52.359878,0.499992,32.751804,0.937281
0.935177,53.99231,52.359878,0.499992,39.056423,0.936013
0.843252,54.049358,52.359878,0.499992,22.171654,0.934457
0.8821,53.959644,52.359878,0.499992,7.09158,0.93294
0.95098,53.814651,52.359878,0.499992,-3.70725,0.931526
0.868292,53.580387,52.359878,0.499992,-14.39529,0.930262
0.950173,53.499092,52.359878,0.499992,-11.636073,0.929179
0.835659,53.379604,52.359878,0.499992,-11.32637,0.928211
0.942313,53.290146,52.359878,0.499992,-9.780216,0.927337
0.941543,53.182438,52.359878,0.499992,-9.394113,0.926565
0.837271,53.452358,52.359878,0.499992,8.699531,0.925734
0.897114,53.929218,52.359878,0.499992,28.542833,0.924576
0.960638,54.580013,52.359878,0.499992,46.162621,0.922875
0.852785,54.983479,52.359878,0.499992,42.439362,0.92064
0.909731,55.023094,52.359878,0.499992,24.141668,0.918214
0.822434,54.822025,52.359878,0.499992,4.28851,0.915902
0.913709,54.451912,52.359878,0.499992,-15.017696,0.913825
0.898855,54.107647,52.359878,0.499992,-24.778955,0.912054
0.799035,53.910076,52.359878,0.499992,-23.220081,0.91053
0.845159,53.69738,52.359878,0.499992,-22.4849,0.90921
0.931787,53.364853,52.359878,0.499992,-27.052338,0.908161
0.886988,53.144527,52.359878,0.499992,-23.775885,0.90738
0.925455,53.362293,52.359878,0.499992,-2.058773,0.906583
0.853738,53.810932,52.359878,0.499992,21.485981,0.905523
0.871516,54.235382,52.359878,0.499992,31.426239,0.904016
0.904352,54.368492,52.359878,0.499992,22.51339,0.90223
0.865527,54.129765,52.359878,0.499992,1.800475,0.900534
0.886854,53.770393,52.359878,0.499992,-15.03915,0.899109
0.837449,53.385967,52.359878,0.499992,-25.239098,0.898023
0.899534,52.995747,52.359878,0.499992,-30.925985,0.89729
0.93746,52.573769,52.359878,0.499992,-36.64959,0.896892
0.884187,52.183392,52.359878,0.499992,-39.234203,0.896826
0.953625,51.839466,52.359878,0.499992,-38.099014,0.897106
0.807074,51.750301,52.359878,0.499992,-23.333113,0.897661
0.830767,52.083675,52.359878,0.499992,3.856445,0.898091
0.911593,52.46344,52.359878,0.499992,20.44598,0.898196
0.914652,52.884331,52.359878,0.499992,30.258421,0.897903
0.869766,52.962444,52.359878,0.499992,19.001368,0.897363
0.870342,52.812618,52.359878,0.499992,2.971855,0.896875
0.962282,52.585186,52.359878,0.499992,-9.692636,0.896545
0.840426,52.360188,52.359878,0.499992,-15.930655,0.896432
0.930521,52.078953,52.359878,0.499992,-21.508753,0.896563
0.872325,51.991707,52.359878,0.499992,-16.331478,0.896834
0.956563,51.861412,52.359878,0.499992,-15.085086,0.897217
0.926688,51.675373,52.359878,0.499992,-16.774597,0.897753
0.890325,51.737873,52.359878,0.499992,-3.906647,0.898418
0.904913,51.974251,52.359878,0.499992,10.167718,0.898921
0.913608,52.48988,52.359878,0.499992,29.736551,0.899052
0.923882,53.060623,52.359878,0.499992,41.73037,0.898651
0.943947,53.235432,52.359878,0.499992,29.251183,0.897895
0.879286,53.165115,52.359878,0.499992,11.713915,0.897106
0.935638,53.105915,52.359878,0.499992,3.557763,0.896397
0.82102,52.942196,52.359878,0.499992,-4.601662,0.895826
0.821772,52.843086,52.359878,0.499992,-6.040696,0.895374
0.889779,52.811604,52.359878,0.499992,-3.99139,0.89497
0.910284,52.673519,52.359878,0.499992,-7.392456,0.894657
0.871209,52.552143,52.359878,0.499992,-8.946004,0.894449
0.907378,52.572536,52.359878,0.499992,-2.898519,0.894297
0.954652,52.849838,52.359878,0.499992,11.050107,0.893972
0.832439,53.46323,52.359878,0.499992,34.366909,0.893245
0.923916,53.827061,52.359878,0.499992,34.534977,0.892053
0.857395,53.959412,52.359878,0.499992,23.729401,0.890623
0.76545,53.713684,52.359878,0.499992,1.337116,0.889279
0.8946,53.459602,52.359878,0.499992,-11.583631,0.888143
0.864478,53.169052,52.359878,0.499992,-19.888647,0.887268
0.895162,52.892109,52.359878,0.499992,-22.556059,0.886688
0.868169,52.564724,52.359878,0.499992,-27.279871,0.886357
0.916674,52.288746,52.359878,0.499992,-28.01446,0.886279
0.919136,52.085297,52.359878,0.499992,-24.251921,0.886443
0.956479,52.04343,52.359878,0.499992,-13.936273,0.886747
0.922574,52.178299,52.359878,0.499992,-1.62005,0.886963
0.958148,52.684731,52.359878,0.499992,21.963552,0.886874
0.827214,53.067215,52.359878,0.499992,29.808235,0.88641
0.894204,53.042389,52.359878,0.499992,15.49997,0.885798
0.892263,52.820583,52.359878,0.499992,-0.31874,0.885329
0.85903,52.512791,52.359878,0.499992,-15.443227,0.885084
0.786047,52.088387,52.359878,0.499992,-27.00421,0.885137
1.010911,51.900272,52.359878,0.499992,-22.883335,0.885478
0.915991,51.590946,52.359878,0.499992,-27.374243,0.886019
0.927696,51.394871,52.359878,0.499992,-24.474794,0.886784
0.888244,51.207485,52.359878,0.499992,-21.731045,0.88775
0.950203,51.241695,52.359878,0.499992,-8.79541,0.888822
0.828126,51.483372,52.359878,0.499992,7.346992,0.889758
0.878377,52.073204,52.359878,0.499992,31.75659,0.890301
0.888093,52.431721,52.359878,0.499992,33.388866,0.890391
0.91193,52.483341,52.359878,0.499992,19.028025,0.890261
0.884222,52.354542,52.359878,0.499992,4.586612,0.890217
0.897127,52.082237,52.359878,0.499992,-9.93307,0.890355
0.968184,51.807629,52.359878,0.499992,-19.007957,0.890706
0.870056,51.628365,52.359878,0.499992,-19.180277,0.891268
0.941301,51.496044,52.359878,0.499992,-15.952422,0.892007
0.864362,51.27536,52.359878,0.499992,-18.761751,0.892897
0.945598,51.141502,52.359878,0.499992,-17.564371,0.893903
0.923595,51.351624,52.359878,0.499992,1.73024,0.894958
0.894871,51.752342,52.359878,0.499992,20.335043,0.895722
0.91869,52.367058,52.359878,0.499992,39.392117,0.895997
0.863295,52.954315,52.359878,0.499992,47.70742,0.895703
0.91534,53.143269,52.359878,0.499992,32.810883,0.895028
0.925983,53.083168,52.359878,0.499992,14.105793,0.894318
0.875418,52.973141,52.359878,0.499992,2.720769,0.893715
0.927204,52.717686,52.359878,0.499992,-9.753977,0.893293
0.788494,52.541363,52.359878,0.499992,-12.650076,0.893071
0.774384,52.410606,52.359878,0.499992,-13.305831,0.892953
0.90037,52.31147,52.359878,0.499992,-12.394694,0.89293
0.911351,52.288006,52.359878,0.499992,-6.915352,0.893009
0.805459,52.282528,52.359878,0.499992,-2.575436,0.893124
0.863233,52.543564,52.359878,0.499992,10.543177,0.893073
0.926563,53.133106,52.359878,0.499992,32.225105,0.892615
0.897145,53.544315,52.359878,0.499992,34.656719,0.891671
0.903457,53.643887,52.359878,0.499992,21.969566,0.890504
0.860963,53.422287,52.359878,0.499992,2.443847,0.889464
0.804863,53.130276,52.359878,0.499992,-11.237144,0.888659
0.92201,52.769318,52.359878,0.499992,-21.523579,0.888161
0.862358,52.508011,52.359878,0.499992,-22.310848,0.88795
0.892125,52.186474,52.359878,0.499992,-26.380381,0.887981
0.887294,51.912945,52.359878,0.499992,-26.966928,0.888261
0.923526,51.761024,52.359878,0.499992,-21.0522,0.88875
0.945684,51.666496,52.359878,0.499992,-13.997307,0.889397
0.958209,51.947598,52.359878,0.499992,6.539248,0.889932
0.923392,52.420269,52.359878,0.499992,25.79179,0.890104
0.934093,52.741272,52.359878,0.499992,28.027271,0.889882
0.830649,52.798454,52.359878,0.499992,16.575005,0.88947
0.933838,52.620182,52.359878,0.499992,1.476942,0.889176
0.907175,52.351761,52.359878,0.499992,-10.320312,0.889102
0.895206,52.045589,52.359878,0.499992,-18.539894,0.889287
0.837036,51.654591,52.359878,0.499992,-27.660692,0.889769
0.903334,51.437248,52.359878,0.499992,-24.593073,0.890519
0.925645,51.109226,52.359878,0.499992,-27.2526,0.891546
0.955729,50.759575,52.359878,0.499992,-31.468206,0.892826
0.906398,50.784626,52.359878,0.499992,-16.441515,0.89425
0.97738,51.108612,52.359878,0.499992,6.163885,0.895531
0.775185,51.565853,52.359878,0.499992,25.001179,0.896478
0.871748,52.076767,52.359878,0.499992,37.017162,0.896964
0.89857,52.301018,52.359878,0.499992,29.716997,0.897101
0.914891,52.189823,52.359878,0.499992,10.988828,0.897212
0.912304,52.023228,52.359878,0.499992,-2.418057,0.897426
0.907374,51.867268,52.359878,0.499992,-8.928288,0.89779
0.978291,51.725975,52.359878,0.499992,-11.204931,0.898308
0.86134,51.664516,52.359878,0.499992,-9.122318,0.898908
0.95066,51.564159,52.359878,0.499992,-9.100801,0.899598
0.840836,51.521206,52.359878,0.499992,-5.555502,0.900381
0.892497,51.586056,52.359878,0.499992,2.471179,0.90119
0.951444,51.889893,52.359878,0.499992,17.150484,0.901813
0.916478,52.519932,52.359878,0.499992,38.352444,0.901956
0.851779,53.126774,52.359878,0.499992,47.948547,0.901509
0.915233,53.425919,52.359878,0.499992,38.08506,0.900628
0.905931,53.393543,52.359878,0.499992,18.349337,0.899652
0.918753,53.196556,52.359878,0.499992,-0.270979,0.898772
0.891218,53.101154,52.359878,0.499992,-5.010098,0.898036
0.920357,52.870213,52.359878,0.499992,-12.660821,0.897489
0.884717,52.691769,52.359878,0.499992,-14.514184,0.897123
0.91013,52.463306,52.359878,0.499992,-18.046658,0.896935
0.897272,52.242001,52.359878,0.499992,-19.817263,0.896944
0.926169,52.243149,52.359878,0.499992,-7.960246,0.897135
0.818311,52.433037,52.359878,0.499992,5.052022,0.897176
0.929939,52.939819,52.359878,0.499992,25.988167,0.896873
0.950048,53.334412,52.359878,0.499992,31.085438,0.896131
0.896324,53.463554,52.359878,0.499992,20.961964,0.895128
0.90229,53.25288,52.359878,0.499992,2.206781,0.894238
0.817751,52.960125,52.359878,0.499992,-11.842239,0.893575
0.928712,52.55093,52.359878,0.499992,-25.41094,0.89321
0.904856,52.253223,52.359878,0.499992,-26.943533,0.893187
0.902576,51.978363,52.359878,0.499992,-27.776825,0.893394
0.815872,51.7411,52.359878,0.499992,-26.061121,0.893843
0.990719,51.477867,52.359878,0.499992,-25.853539,0.89454
0.918094,51.326698,52.359878,0.499992,-21.099854,0.895408
0.930032,51.609058,52.359878,0.499992,2.208315,0.89623
0.899829,52.036541,52.359878,0.499992,21.15448,0.896727
0.946451,52.525715,52.359878,0.499992,33.177788,0.896769
0.878234,52.64069,52.359878,0.499992,22.472429,0.896541
0.912717,52.465546,52.359878,0.499992,4.846437,0.896392
0.888494,52.247528,52.359878,0.499992,-6.52925,0.896426
0.932733,52.0205,52.359878,0.499992,-12.892659,0.896668
0.904489,51.774452,52.359878,0.499992,-17.744114,0.897111
0.920257,51.653622,52.359878,0.499992,-14.568686,0.897715
0.979785,51.463081,52.359878,0.499992,-15.463017,0.898483
0.889089,51.27615,52.359878,0.499992,-17.248512,0.899378
0.946697,51.291019,52.359878,0.499992,-8.225535,0.900366
0.855833,51.604935,52.359878,0.499992,10.624054,0.901211
0.950993,52.182987,52.359878,0.499992,33.81847,0.901674
0.927566,52.596573,52.359878,0.499992,37.666573,0.901661
0.901039,52.810574,52.359878,0.499992,28.306622,0.90129
0.797339,52.762753,52.359878,0.499992,12.960351,0.900899
0.813219,52.676754,52.359878,0.499992,3.807081,0.900599
0.917623,52.467213,52.359878,0.499992,-7.145319,0.900424
0.957345,52.287498,52.359878,0.499992,-11.969644,0.900415
0.890178,52.260662,52.359878,0.499992,-6.939856,0.900515
0.846085,52.182034,52.359878,0.499992,-7.131115,0.900648
0.961292,52.17939,52.359878,0.499992,-3.813919,0.900814
0.892243,52.310337,52.359878,0.499992,5.252044,0.900956
0.902752,52.65799,52.359878,0.499992,20.64073,0.900895
0.8841,53.229027,52.359878,0.499992,39.358654,0.900423
0.917341,53.736206,52.359878,0.499992,44.678894,0.899405
0.926037,53.867104,52.359878,0.499992,28.541193,0.898046
0.951402,53.756599,52.359878,0.499992,10.38589,0.896728
0.907274,53.467018,52.359878,0.499992,-8.607585,0.895567
0.802608,53.293884,52.359878,0.499992,-12.673971,0.894633
0.822147,53.019405,52.359878,0.499992,-19.503418,0.893912
0.889369,52.951679,52.359878,0.499992,-13.564922,0.893339
0.907313,52.655235,52.359878,0.499992,-20.354536,0.89296
0.850703,52.395252,52.359878,0.499992,-23.377768,0.892797
0.826466,52.417294,52.359878,0.499992,-10.504355,0.892789
0.908545,52.694981,52.359878,0.499992,7.852364,0.892631
0.926516,53.179859,52.359878,0.499992,26.400162,0.892098
0.936332,53.514019,52.359878,0.499992,28.739838,0.89117
0.870346,53.533943,52.359878,0.499992,15.786867,0.890088
0.82743,53.204666,52.359878,0.499992,-6.309376,0.889185
0.916152,52.938103,52.359878,0.499992,-15.544569,0.888541
0.88251,52.6548,52.359878,0.499992,-20.587473,0.888171
0.888414,52.280216,52.359878,0.499992,-27.911982,0.888093
0.908138,52.05135,52.359878,0.499992,-25.837858,0.888262
0.896209,51.744205,52.359878,0.499992,-28.900536,0.888661
0.930818,51.518452,52.359878,0.499992,-26.250931,0.889312
0.979988,51.546322,52.359878,0.499992,-11.991014,0.890095
0.86816,51.834351,52.359878,0.499992,7.016153,0.890706
0.921823,52.344364,52.359878,0.499992,28.246847,0.890977
0.871439,52.75658,52.359878,0.499992,34.826981,0.89082
0.887577,52.767616,52.359878,0.499992,18.999012,0.890446
0.915824,52.609016,52.359878,0.499992,3.489896,0.890166
0.884987,52.308498,52.359878,0.499992,-12.300881,0.890069
0.890109,52.002377,52.359878,0.499992,-20.810186,0.890254
0.921918,51.692459,52.359878,0.499992,-25.596638,0.890723
0.927594,51.55294,52.359878,0.499992,-20.457029,0.891384
0.933357,51.269356,52.359878,0.499992,-24.153751,0.892253
0.894971,51.168503,52.359878,0.499992,-17.917288,0.893282
0.964214,51.193695,52.359878,0.499992,-8.712667,0.894348
0.825031,51.644329,52.359878,0.499992,16.892717,0.895219
0.793631,52.258987,52.359878,0.499992,38.960606,0.895637
0.911127,52.855484,52.359878,0.499992,48.982498,0.89547
0.905058,53.027817,52.359878,0.499992,33.788925,0.894926
0.854579,52.944126,52.359878,0.499992,13.775598,0.894342
0.892496,52.786232,52.359878,0.499992,-1.047431,0.893847
0.951202,52.641464,52.359878,0.499992,-7.91204,0.893505
0.880564,52.511795,52.359878,0.499992,-9.966544,0.893317
0.943864,52.357231,52.359878,0.499992,-12.41161,0.893254
0.862,52.269096,52.359878,0.499992,-10.211724,0.89331
0.839192,52.146027,52.359878,0.499992,-10.836434,0.893461
0.914,52.225189,52.359878,0.499992,-1.618809,0.893637
0.879587,52.58894,52.359878,0.499992,15.786081,0.893588
0.904661,53.218357,52.359878,0.499992,37.456486,0.893087
0.87812,53.642437,52.359878,0.499992,38.667446,0.892081
0.91171,53.708687,52.359878,0.499992,21.777321,0.890818
0.911938,53.526749,52.359878,0.499992,2.978971,0.889663
0.95292,53.239735,52.359878,0.499992,-12.139014,0.888718
0.922267,52.914848,52.359878,0.499992,-21.660675,0.888056
0.784675,52.580818,52.359878,0.499992,-26.547083,0.887721
0.831742,52.302509,52.359878,0.499992,-27.388887,0.887641
0.889683,52.060547,52.359878,0.499992,-25.933838,0.8878
0.919869,51.79158,52.359878,0.499992,-26.02146,0.888205
0.856174,51.795242,52.359878,0.499992,-12.792325,0.888756
0.793785,52.021236,52.359878,0.499992,3.964819,0.88918
1.01452,52.553051,52.359878,0.499992,26.945011,0.889252
0.902796,52.887978,52.359878,0.499992,29.063938,0.888897
0.92429,52.885899,52.359878,0.499992,14.12949,0.888371
0.873873,52.604401,52.359878,0.499992,-6.081717,0.888003
0.896942,52.348244,52.359878,0.499992,-15.985675,0.887866
0.844087,52.004105,52.359878,0.499992,-24.806267,0.888024
0.910905,51.747971,52.359878,0.499992,-25.330189,0.88846
0.889101,51.491009,52.359878,0.499992,-26.319517,0.88911
0.92274,51.276165,52.359878,0.499992,-23.857615,0.890004
0.864942,51.089237,52.359878,0.499992,-20.254194,0.891115
0.914378,50.969418,52.359878,0.499992,-15.448296,0.892363
0.97677,51.255539,52.359878,0.499992,4.142903,0.893474
0.863508,51.796741,52.359878,0.499992,26.180613,0.894195
0.949782,52.238106,52.359878,0.499992,34.018414,0.894488
0.90038,52.337025,52.359878,0.499992,22.287535,0.894535
0.897245,52.230453,52.359878,0.499992,6.954678,0.894602
0.922995,52.104088,52.359878,0.499992,-2.211301,0.894773
0.896111,51.963566,52.359878,0.499992,-7.451146,0.895077
0.890458,51.755558,52.359878,0.499992,-13.250775,0.895547
0.923487,51.629181,52.359878,0.499992,-13.268188,0.896147
0.942254,51.465443,52.359878,0.499992,-15.496014,0.896864
0.951154,51.292542,52.359878,0.499992,-18.27309,0.897697
0.895052,51.460655,52.359878,0.499992,-2.368516,0.89858
0.978447,51.892479,52.359878,0.499992,19.564898,0.899224
0.822128,52.50703,52.359878,0.499992,40.772034,0.899427
0.852671,53.084709,52.359878,0.499992,48.673241,0.899032
0.890893,53.372974,52.359878,0.499992,38.733181,0.898214
0.905687,53.277428,52.359878,0.499992,16.306009,0.897336
0.841853,53.186867,52.359878,0.499992,4.288297,0.896532
0.897721,53.011311,52.359878,0.499992,-5.137181,0.895882
0.954953,52.769218,52.359878,0.499992,-14.147341,0.895398
0.848614,52.695557,52.359878,0.499992,-11.698325,0.895036
0.925201,52.453514,52.359878,0.499992,-17.587296,0.894838
0.88124,52.304295,52.359878,0.499992,-16.112309,0.894827
0.868803,52.291946,52.359878,0.499992,-7.48235,0.894937
0.927993,52.514648,52.359878,0.499992,7.289154,0.89493
0.887626,53.014263,52.359878,0.499992,26.628817,0.894551
0.891071,53.454735,52.359878,0.499992,33.823627,0.893724
0.815251,53.434361,52.359878,0.499992,15.479779,0.892685
0.899298,53.264725,52.359878,0.499992,-0.483792,0.891753
0.912546,52.918156,52.359878,0.499992,-17.537354,0.891052
0.876656,52.655102,52.359878,0.499992,-22.773413,0.890625
0.938778,52.377827,52.359878,0.499992,-25.314348,0.890473
0.767449,52.061825,52.359878,0.499992,-28.950399,0.89058
0.780496,51.795422,52.359878,0.499992,-28.990391,0.890937
0.906352,51.602428,52.359878,0.499992,-24.364557,0.891541
0.919677,51.511784,52.359878,0.499992,-16.2132,0.89231
0.878329,51.836884,52.359878,0.499992,6.869739,0.892948
0.855683,52.206524,52.359878,0.499992,20.811934,0.893261
0.934065,52.625633,52.359878,0.499992,29.727077,0.893181
0.879872,52.650345,52.359878,0.499992,15.86738,0.892889
0.929101,52.503902,52.359878,0.499992,1.728375,0.892689
0.869595,52.304531,52.359878,0.499992,-7.726619,0.892665
0.824689,51.951588,52.359878,0.499992,-20.164095,0.892888
0.911549,51.676449,52.359878,0.499992,-23.698092,0.893381
0.888589,51.561764,52.359878,0.499992,-17.789671,0.89406
0.915355,51.38031,52.359878,0.499992,-16.764091,0.894907
0.956846,51.073692,52.359878,0.499992,-23.585415,0.895932
0.91775,51.170074,52.359878,0.499992,-7.875912,0.897073
0.950888,51.473694,52.359878,0.499992,10.993643,0.898053
0.982752,51.941021,52.359878,0.499992,27.518227,0.898651
0.923103,52.513283,52.359878,0.499992,40.83633,0.898752
0.783706,52.584854,52.359878,0.499992,24.778021,0.898565
0.806775,52.423512,52.359878,0.499992,5.615246,0.898425
0.909146,52.27388,52.359878,0.499992,-3.820668,0.898437
0.921984,52.076679,52.359878,0.499992,-10.461046,0.898629
0.804553,51.894432,52.359878,0.499992,-13.989998,0.898975
0.873902,51.865158,52.359878,0.499992,-8.220734,0.89943
0.916337,51.75058,52.359878,0.499992,-8.701339,0.899967
0.895334,51.719154,52.359878,0.499992,-5.926476,0.900543
0.948271,51.83989,52.359878,0.499992,3.549933,0.901106
0.875521,52.296707,52.359878,0.499992,24.36339,0.901411
0.89046,52.860722,52.359878,0.499992,39.404488,0.90122
0.924969,53.522095,52.359878,0.499992,51.714836,0.900456
0.873551,53.741859,52.359878,0.499992,38.140148,0.899303
0.902475,53.558483,52.359878,0.499992,12.488771,0.898147
0.862175,53.373329,52.359878,0.499992,-2.178006,0.897133
0.905695,53.131428,52.359878,0.499992,-13.348931,0.896292
0.924277,52.928822,52.359878,0.499992,-17.610935,0.895646
0.870247,52.832977,52.359878,0.499992,-15.409513,0.895125
0.945481,52.711998,52.359878,0.499992,-14.447921,0.894728
0.866531,52.621784,52.359878,0.499992,-11.137218,0.894472
0.779842,52.671501,52.359878,0.499992,-1.832511,0.894269
0.88892,52.913456,52.359878,0.499992,11.573817,0.893918
0.901913,53.447506,52.359878,0.499992,32.066681,0.893206
0.87169,53.763531,52.359878,0.499992,31.013224,0.892052
0.849465,53.813599,52.359878,0.499992,17.631424,0.890706
0.941342,53.52039,52.359878,0.499992,-3.322389,0.889542
0.887305,53.20129,52.359878,0.499992,-16.099895,0.888646
0.908971,52.821381,52.359878,0.499992,-25.945118,0.888064
0.868959,52.542133,52.359878,0.499992,-26.975571,0.887769
0.80763,52.27409,52.359878,0.499992,-27.846035,0.887695
0.921482,51.972359,52.359878,0.499992,-29.779505,0.887883
0.865675,51.740013,52.359878,0.499992,-27.636364,0.888314
0.907401,51.777977,52.359878,0.499992,-12.154387,0.88889
0.886951,52.038631,52.359878,0.499992,6.691081,0.889339
0.906611,52.474648,52.359878,0.499992,23.070171,0.889413
0.937321,52.859425,52.359878,0.499992,29.009375,0.889094
0.954273,52.822987,52.359878,0.499992,12.583952,0.888615
0.912291,52.640709,52.359878,0.499992,-1.78414,0.88827
0.898161,52.375492,52.359878,0.499992,-13.465599,0.888127
0.829985,52.071217,52.359878,0.499992,-21.600578,0.888242
0.920254,51.755535,52.359878,0.499992,-26.67798,0.888635
0.923222,51.56636,52.359878,0.499992,-23.340057,0.889262
0.897101,51.282864,52.359878,0.499992,-25.940872,0.890107
0.847756,51.050266,52.359878,0.499992,-24.908209,0.891185
0.950709,51.15506,52.359878,0.499992,-6.954488,0.89238
0.916582,51.458466,52.359878,0.499992,10.92034,0.893359
0.935207,51.981281,52.359878,0.499992,29.48476,0.893925
0.88403,52.522945,52.359878,0.499992,40.430439,0.894004
0.970476,52.632366,52.359878,0.499992,25.743832,0.893773
0.777881,52.540047,52.359878,0.499992,8.721867,0.89354
0.896451,52.459736,52.359878,0.499992,0.2527,0.893387
0.894089,52.214607,52.359878,0.499992,-11.460593,0.893402
0.915473,52.123837,52.359878,0.499992,-9.565007,0.893598
0.875087,52.055874,52.359878,0.499992,-7.117876,0.893883
0.876377,51.895973,52.359878,0.499992,-10.966977,0.894245
0.97104,51.854748,52.359878,0.499992,-8.339081,0.89467
0.864575,52.045078,52.359878,0.499992,5.215079,0.895069
0.935184,52.385876,52.359878,0.499992,19.117281,0.895218
0.840167,53.128613,52.359878,0.499992,45.211048,0.89487
0.832852,53.633438,52.359878,0.499992,47.854977,0.893945
0.899348,53.722767,52.359878,0.499992,28.339205,0.892699
0.866055,53.658051,52.359878,0.499992,12.257124,0.891485
0.870395,53.341736,52.359878,0.499992,-8.157849,0.890449
0.822694,53.092804,52.359878,0.499992,-15.695902,0.889674
0.903257,52.80389,52.359878,0.499992,-21.300562,0.889158
0.925004,52.549122,52.359878,0.499992,-22.944992,0.88888
0.868846,52.241116,52.359878,0.499992,-26.585905,0.888849
0.930251,52.006668,52.359878,0.499992,-25.003157,0.889064
0.78639,52.038445,52.359878,0.499992,-10.424246,0.88942
0.772319,52.329865,52.359878,0.499992,8.722692,0.889605
0.902363,52.880798,52.359878,0.499992,31.027645,0.889405
0.891841,53.25544,52.359878,0.499992,35.019249,0.888793
0.795591,53.187943,52.359878,0.499992,15.54078,0.888006
0.852088,52.875408,52.359878,0.499992,-6.032014,0.887401
0.927398,52.619549,52.359878,0.499992,-14.999056,0.887051
0.907015,52.255138,52.359878,0.499992,-25.016352,0.88698
0.925143,51.92625,52.359878,0.499992,-28.837805,0.88722
0.869059,51.650574,52.359878,0.499992,-29.140543,0.887714
0.843444,51.428852,52.359878,0.499992,-25.810898,0.88846
0.955571,51.16473,52.359878,0.499992,-25.645628,0.889442
0.892997,51.231602,52.359878,0.499992,-9.405405,0.890538
0.907559,51.503616,52.359878,0.499992,9.298128,0.891496
0.911755,51.945427,52.359878,0.499992,25.979534,0.892099
0.819788,52.405315,52.359878,0.499992,35.155277,0.892262
0.924367,52.436989,52.359878,0.499992,19.764721,0.89219
0.95355,52.257565,52.359878,0.499992,1.59767,0.89218
0.895264,52.07885,52.359878,0.499992,-8.664461,0.892314
0.905886,51.964428,52.359878,0.499992,-9.325706,0.892637
0.835466,51.777626,52.359878,0.499992,-12.431422,0.893122
0.931917,51.641644,52.359878,0.499992,-12.922244,0.893716
0.913811,51.50391,52.359878,0.499992,-12.699473,0.89445
0.913687,51.443039,52.359878,0.499992,-8.483015,0.895293
0.855219,51.352112,52.359878,0.499992,-7.838158,0.896204
0.93268,51.72797,52.359878,0.499992,13.235332,0.89695
0.930087,52.281422,52.359878,0.499992,31.9743,0.897252
0.932547,52.825069,52.359878,0.499992,41.49865,0.897047
0.886456,52.98531,52.359878,0.499992,27.920088,0.896493
0.90763,52.915398,52.359878,0.499992,10.670432,0.89592
0.815603,52.858509,52.359878,0.499992,2.741736,0.895426
0.910534,52.728271,52.359878,0.499992,-4.850461,0.895023
0.884091,52.648735,52.359878,0.499992,-6.136201,0.894727
0.909978,52.570774,52.359878,0.499992,-6.82213,0.894504
0.91193,52.458504,52.359878,0.499992,-9.244393,0.894352
0.932825,52.354507,52.359878,0.499992,-10.001178,0.894301
0.954753,52.472576,52.359878,0.499992,1.228103,0.894291
0.868377,52.787071,52.359878,0.499992,15.844371,0.894064
0.927936,53.345322,52.359878,0.499992,35.026314,0.89344
0.822858,53.752037,52.359878,0.499992,37.411057,0.89235
0.891351,53.836193,52.359878,0.499992,23.619579,0.891029
0.896891,53.593113,52.359878,0.499992,2.494339,0.889829
0.866505,53.336834,52.359878,0.499992,-10.156752,0.888836
0.867316,52.980598,52.359878,0.499992,-21.416756,0.888128
0.815575,52.643555,52.359878,0.499992,-27.166279,0.887719
0.911874,52.421482,52.359878,0.499992,-25.72509,0.887536
0.928726,52.149071,52.359878,0.499992,-26.46138,0.887602
0.874432,51.862236,52.359878,0.499992,-27.655684,0.887922
0.950713,51.857761,52.359878,0.499992,-14.445216,0.888395
0.790629,52.118385,52.359878,0.499992,5.598722,0.888772
0.771777,52.563339,52.359878,0.499992,23.354752,0.888782
0.898726,52.877872,52.359878,0.499992,25.822353,0.888412
0.900724,52.907848,52.359878,0.499992,14.812933,0.887909
0.797279,52.645927,52.359878,0.499992,-3.489824,0.887555
0.839733,52.38623,52.359878,0.499992,-13.811245,0.887416
0.937747,52.061977,52.359878,0.499992,-22.460993,0.88754
0.908681,51.828892,52.359878,0.499992,-22.750898,0.887921
0.932247,51.605129,52.359878,0.499992,-22.048929,0.888523
0.888236,51.378983,52.359878,0.499992,-21.5294,0.889337
0.934863,51.134426,52.359878,0.499992,-23.172407,0.890335
0.957648,51.221569,52.359878,0.499992,-7.191792,0.891445
0.902418,51.551559,52.359878,0.499992,12.727847,0.892374
0.894074,52.098526,52.359878,0.499992,33.011108,0.892885
0.896914,52.441116,52.359878,0.499992,33.395554,0.892965
0.918132,52.554283,52.359878,0.499992,22.23966,0.892807
0.936517,52.389606,52.359878,0.499992,5.331155,0.892737
0.96205,52.16069,52.359878,0.499992,-7.141699,0.892835
0.898865,51.832016,52.359878,0.499992,-19.738052,0.893147
0.912225,51.728054,52.359878,0.499992,-14.698615,0.893691
0.839289,51.606071,52.359878,0.499992,-12.159051,0.894366
0.95162,51.4258,52.359878,0.499992,-14.712226,0.895142
0.92461,51.46426,52.359878,0.499992,-5.716558,0.895984
0.907992,51.534798,52.359878,0.499992,1.014954,0.896797
0.814834,51.9459,52.359878,0.499992,19.367453,0.897354
0.921732,52.646904,52.359878,0.499992,42.636143,0.897404
0.910584,53.256306,52.359878,0.499992,50.318291,0.896841
0.92444,53.468754,52.359878,0.499992,35.942947,0.895898
0.874536,53.291725,52.359878,0.499992,10.785851,0.894961
0.940512,53.098549,52.359878,0.499992,-4.546249,0.894155
0.858682,52.889542,52.359878,0.499992,-12.882465,0.893553
0.893634,52.733727,52.359878,0.499992,-14.479208,0.893131
0.887177,52.624599,52.359878,0.499992,-13.663955,0.892815
0.905843,52.584629,52.359878,0.499992,-8.221062,0.892619
0.879328,52.345078,52.359878,0.499992,-15.039669,0.892543
0.925662,52.465359,52.359878,0.499992,-1.509569,0.892534
0.955125,52.782295,52.359878,0.499992,14.250106,0.892309
0.8673,53.359894,52.359878,0.499992,33.343979,0.891627
0.904808,53.796928,52.359878,0.499992,37.292767,0.890488
0.802547,53.699966,52.359878,0.499992,14.106662,0.88918
0.860548,53.452652,52.359878,0.499992,-4.53993,0.888049
0.895899,53.164474,52.359878,0.499992,-16.065886,0.887176
0.878631,52.791298,52.359878,0.499992,-26.459564,0.886598
0.889308,52.547329,52.359878,0.499992,-25.105032,0.886327
0.828517,52.17606,52.359878,0.499992,-30.938908,0.886323
0.916532,51.875038,52.359878,0.499992,-31.992517,0.886583
0.937984,51.595608,52.359878,0.499992,-30.928946,0.887124
0.878941,51.747154,52.359878,0.499992,-8.578563,0.887781
0.934812,52.019611,52.359878,0.499992,9.452093,0.888262
0.801648,52.512527,52.359878,0.499992,28.922842,0.888378
0.782897,52.840103,52.359878,0.499992,30.645388,0.888089
0.887856,52.841381,52.359878,0.499992,16.16692,0.887637
0.903452,52.556179,52.359878,0.499992,-4.363448,0.887337
0.807599,52.280441,52.359878,0.499992,-15.922804,0.887258
0.828212,51.922119,52.359878,0.499992,-25.727896,0.887477
0.912988,51.657505,52.359878,0.499992,-26.705475,0.887978
0.90562,51.475079,52.359878,0.499992,-23.390783,0.888682
0.933518,51.186279,52.359878,0.499992,-26.776741,0.889595
0.88071,50.929024,52.359878,0.499992,-27.915388,0.890726
0.954776,51.019638,52.359878,0.499992,-10.874901,0.891983
0.910356,51.376801,52.359878,0.499992,11.83065,0.893073
0.897859,51.946285,52.359878,0.499992,33.875954,0.893744
0.883216,52.338196,52.359878,0.499992,35.888157,0.89393
0.917323,52.470104,52.359878,0.499992,24.408209,0.893858
0.906788,52.344704,52.359878,0.499992,7.257629,0.893816
0.937492,52.238518,52.359878,0.499992,-1.629029,0.893859
0.956326,52.022415,52.359878,0.499992,-11.923662,0.894037
0.88552,51.929657,52.359878,0.499992,-10.931103,0.894376
0.922304,51.817142,52.359878,0.499992,-10.297732,0.894843
0.864036,51.655704,52.359878,0.499992,-12.824628,0.895418
0.949999,51.596939,52.359878,0.499992,-10.156952,0.896071
0.926465,51.727085,52.359878,0.499992,0.75675,0.896713
0.90391,52.165989,52.359878,0.499992,20.309528,0.897075
0.833962,52.810509,52.359878,0.499992,40.230358,0.896942
0.87781,53.378033,52.359878,0.499992,47.273117,0.896253
0.899911,53.558628,52.359878,0.499992,32.840134,0.895216
0.910044,53.427303,52.359878,0.499992,10.977466,0.894168
0.870567,53.331921,52.359878,0.499992,0.911748,0.893218
0.913422,53.020283,52.359878,0.499992,-14.121325,0.892471
0.901636,52.764084,52.359878,0.499992,-19.746027,0.891977
0.901115,52.663483,52.359878,0.499992,-14.783278,0.891667
0.8849,52.422279,52.359878,0.499992,-17.844152,0.891542
0.910619,52.126675,52.359878,0.499992,-22.643959,0.89164
0.90889,52.094093,52.359878,0.499992,-13.461767,0.891878
0.925201,52.361595,52.359878,0.499992,4.380232,0.891975
0.966427,52.983074,52.359878,0.499992,30.990189,0.891683
0.838505,53.290016,52.359878,0.499992,29.958887,0.89095
0.902898,53.268227,52.359878,0.499992,13.240794,0.890053
0.869188,53.058102,52.359878,0.499992,-3.07136,0.889307
0.926448,52.783062,52.359878,0.499992,-14.191875,0.8888
0.909388,52.457355,52.359878,0.499992,-21.035486,0.888614
0.872894,52.145145,52.359878,0.499992,-24.062025,0.888723
0.895504,51.841537,52.359878,0.499992,-26.415257,0.889077
0.913303,51.553738,52.359878,0.499992,-26.77816,0.889704
0.936192,51.325935,52.359878,0.499992,-24.090374,0.89057
0.947372,51.284641,52.359878,0.499992,-13.067616,0.891588
0.893809,51.559971,52.359878,0.499992,6.805858,0.892477
0.945369,52.0863,52.359878,0.499992,28.357735,0.892973
0.790679,52.443237,52.359878,0.499992,31.900042,0.893063
0.769797,52.428352,52.359878,0.499992,15.244976,0.892957
0.899793,52.344692,52.359878,0.499992,4.821168,0.892945
0.916347,52.079041,52.359878,0.499992,-9.562078,0.893088
0.821579,51.885059,52.359878,0.499992,-14.290088,0.893425
0.840612,51.597607,52.359878,0.499992,-21.357517,0.893981
0.926877,51.436813,52.359878,0.499992,-20.511826,0.894699
0.914516,51.276291,52.359878,0.499992,-20.095892,0.895561
0.951418,51.213531,52.359878,0.499992,-14.607461,0.896546
0.897183,51.283855,52.359878,0.499992,-4.043987,0.897573
0.819829,51.524258,52.359878,0.499992,8.734998,0.898437
0.924512,52.129257,52.359878,0.499992,32.721413,0.898919
0.883343,52.557022,52.359878,0.499992,36.770462,0.898916
0.903536,52.750927,52.359878,0.499992,27.334749,0.898602
0.868308,52.629654,52.359878,0.499992,9.008027,0.898301
0.92648,52.507553,52.359878,0.499992,-0.564389,0.898118
0.955687,52.236217,52.359878,0.499992,-12.801852,0.898114
0.897404,52.158665,52.359878,0.499992,-10.881079,0.898249
0.950426,52.222103,52.359878,0.499992,-2.464232,0.898414
0.804704,52.054749,52.359878,0.499992,-8.799371,0.898627
0.773527,52.070148,52.359878,0.499992,-4.604536,0.898878
0.91168,52.193851,52.359878,0.499992,3.246419,0.899086
0.925094,52.591427,52.359878,0.499992,20.367491,0.899061
0.855969,53.237545,52.359878,0.499992,41.369118,0.898572
0.846738,53.66325,52.359878,0.499992,41.481438,0.897567
0.939634,53.8036,52.359878,0.499992,27.831894,0.896286
0.862564,53.610493,52.359878,0.499992,5.684599,0.895052
0.917313,53.442669,52.359878,0.499992,-5.003399,0.893978
0.846158,53.169785,52.359878,0.499992,-15.433165,0.893115
0.815869,52.98658,52.359878,0.499992,-16.761496,0.89246
0.913548,52.761616,52.359878,0.499992,-19.551535,0.891989
0.86816,52.600143,52.359878,0.499992,-17.607388,0.891706
0.893861,52.364429,52.359878,0.499992,-19.166014,0.891632
0.869037,52.426941,52.359878,0.499992,-5.801814,0.891654
0.921308,52.636791,52.359878,0.499992,6.376451,0.891495
0.927809,53.108738,52.359878,0.499992,23.662947,0.890975
0.94091,53.494709,52.359878,0.499992,29.636705,0.890085
0.902011,53.396416,52.359878,0.499992,10.241747,0.889062
0.804604,53.155678,52.359878,0.499992,-5.770949,0.888222
0.820368,52.862099,52.359878,0.499992,-16.697357,0.88763
0.891448,52.489559,52.359878,0.499992,-26.356098,0.887339
0.91177,52.248878,52.359878,0.499992,-24.383678,0.887357
0.842542,51.969841,52.359878,0.499992,-24.550325,0.887633
0.850069,51.647465,52.359878,0.499992,-27.287609,0.888164
0.888572,51.43951,52.359878,0.499992,-24.619076,0.8889
0.925292,51.505043,52.359878,0.499992,-10.150737,0.88971
0.934283,51.767673,52.359878,0.499992,6.888086,0.890375
0.886767,52.28194,52.359878,0.499992,26.533033,0.890648
0.896248,52.680683,52.359878,0.499992,31.021803,0.890482
0.868274,52.647202,52.359878,0.499992,13.352154,0.890148
0.895606,52.494347,52.359878,0.499992,-0.24137,0.889943
0.893361,52.224869,52.359878,0.499992,-12.686556,0.88994
0.911843,51.930256,52.359878,0.499992,-20.235331,0.890205
0.916769,51.672829,52.359878,0.499992,-22.947264,0.890711
0.910202,51.496948,52.359878,0.499992,-20.371372,0.891419
0.991609,51.205479,52.359878,0.499992,-24.834522,0.89233
0.868539,51.136429,52.359878,0.499992,-16.751255,0.893406
0.957608,51.161194,52.359878,0.499992,-6.794757,0.894543
0.835421,51.560616,52.359878,0.499992,14.735135,0.895449
0.880968,52.25856,52.359878,0.499992,40.249207,0.895855
0.925006,52.722443,52.359878,0.499992,43.025585,0.895736
0.870535,52.982628,52.359878,0.499992,34.228863,0.895256
0.866101,52.894993,52.359878,0.499992,14.631614,0.89474
0.806282,52.728081,52.359878,0.499992,-0.532033,0.89431
0.903379,52.48658,52.359878,0.499992,-12.914679,0.894042
0.917013,52.313396,52.359878,0.499992,-16.253862,0.893966
0.879719,52.286221,52.359878,0.499992,-10.755493,0.893993
0.955362,52.176785,52.359878,0.499992,-10.978471,0.894105
0.829841,52.108913,52.359878,0.499992,-9.260092,0.894296
0.828188,52.199314,52.359878,0.499992,-0.897772,0.89448
0.890121,52.598194,52.359878,0.499992,18.446009,0.894456
0.906365,53.156605,52.359878,0.499992,35.362545,0.893976
0.838883,53.69442,52.359878,0.499992,43.164093,0.89298
0.867813,53.696392,52.359878,0.499992,22.525633,0.891743
0.939635,53.465557,52.359878,0.499992,1.14339,0.890624
0.850629,53.165451,52.359878,0.499992,-13.677311,0.889742
0.914263,52.78788,52.359878,0.499992,-25.495506,0.889161
0.861214,52.593983,52.359878,0.499992,-22.714773,0.888855
0.865879,52.324799,52.359878,0.499992,-26.066282,0.888781
0.914661,51.998043,52.359878,0.499992,-27.663969,0.888975
0.878275,51.783947,52.359878,0.499992,-24.099289,0.889419
0.915021,51.803654,52.359878,0.499992,-10.656047,0.889981
0.858982,52.091942,52.359878,0.499992,8.281544,0.890379
0.93269,52.537277,52.359878,0.499992,24.000523,0.890388
0.915138,52.937923,52.359878,0.499992,30.38422,0.890009
0.960447,52.922577,52.359878,0.499992,15.127001,0.889474
0.909524,52.621883,52.359878,0.499992,-6.093709,0.889091
0.875124,52.348759,52.359878,0.499992,-16.949871,0.888943
0.864176,52.069653,52.359878,0.499992,-22.072493,0.889076
0.918449,51.784374,52.359878,0.499992,-24.399202,0.889491
0.910407,51.527935,52.359878,0.499992,-24.746033,0.890141
0.87078,51.360146,52.359878,0.499992,-20.283443,0.890997
0.855057,51.114334,52.359878,0.499992,-20.919088,0.892065
0.866818,51.089264,52.359878,0.499992,-11.66341,0.893239
0.911114,51.430046,52.359878,0.499992,9.732653,0.894246
0.943304,51.856941,52.359878,0.499992,24.53883,0.894886
0.881943,52.287891,52.359878,0.499992,31.693268,0.8951
0.921798,52.365688,52.359878,0.499992,18.461964,0.89506
0.881138,52.317554,52.359878,0.499992,7.737255,0.895073
0.892929,52.135307,52.359878,0.499992,-4.027153,0.895204
0.891013,51.952297,52.359878,0.499992,-10.339243,0.895502
0.916125,51.83136,52.359878,0.499992,-10.071623,0.895963
0.82376,51.646629,52.359878,0.499992,-14.372623,0.896521
0.938462,51.529091,52.359878,0.499992,-13.933958,0.897199
0.96892,51.487946,52.359878,0.499992,-9.03737,0.897984
0.917173,51.553249,52.359878,0.499992,-0.427093,0.898793
0.927009,51.918945,52.359878,0.499992,17.624063,0.899389
0.84946,52.609283,52.359878,0.499992,42.372272,0.899503
0.916526,53.184906,52.359878,0.499992,50.106846,0.899035
0.900383,53.421173,52.359878,0.499992,38.016422,0.89818
0.869175,53.306969,52.359878,0.499992,15.753553,0.897288
0.7853,53.122932,52.359878,0.499992,-0.823134,0.896489
1.009589,52.951427,52.359878,0.499992,-9.427403,0.895841
0.900951,52.787956,52.359878,0.499992,-13.768752,0.895343
0.923582,52.642673,52.359878,0.499992,-14.670566,0.895001
0.882235,52.443218,52.359878,0.499992,-17.125021,0.894834
0.804271,52.310314,52.359878,0.499992,-14.776143,0.894834
0.885883,52.28624,52.359878,0.499992,-7.676872,0.894936
0.897705,52.639858,52.359878,0.499992,13.541465,0.89488
0.887106,53.153477,52.359878,0.499992,32.546299,0.894439
0.890005,53.465153,52.359878,0.499992,31.509493,0.893567
0.879806,53.542076,52.359878,0.499992,19.18981,0.892478
0.932432,53.269321,52.359878,0.499992,-1.84251,0.891544
0.947849,53.017967,52.359878,0.499992,-12.322442,0.89084
0.890836,52.648678,52.359878,0.499992,-23.823599,0.890408
0.92439,52.394356,52.359878,0.499992,-24.13134,0.890274
0.833897,52.095551,52.359878,0.499992,-26.385044,0.890393
0.919582,51.851265,52.359878,0.499992,-24.734718,0.890765
0.915794,51.588493,52.359878,0.499992,-24.153206,0.891389
0.906247,51.585461,52.359878,0.499992,-11.362758,0.89215
0.844676,51.745197,52.359878,0.499992,2.131542,0.892812
0.902894,52.225948,52.359878,0.499992,22.763006,0.893133
0.915206,52.62188,52.359878,0.499992,29.346632,0.893036
0.928828,52.658424,52.359878,0.499992,16.601736,0.892752
0.878645,52.449108,52.359878,0.499992,-0.719645,0.892578
0.944636,52.199226,52.359878,0.499992,-12.596608,0.892589
0.813505,51.907879,52.359878,0.499992,-20.616648,0.892857
0.868173,51.729206,52.359878,0.499992,-19.362467,0.893348
0.895801,51.504906,52.359878,0.499992,-20.912724,0.894021
0.930437,51.266659,52.359878,0.499992,-22.63332,0.894898
0.895816,51.149033,52.359878,0.499992,-18.680132,0.895915
0.903556,51.235058,52.359878,0.499992,-6.240376,0.896977
0.981977,51.574703,52.359878,0.499992,12.172434,0.897841
0.863231,52.116898,52.359878,0.499992,30.653999,0.898278
0.93781,52.622108,52.359878,0.499992,39.685898,0.898259
0.895862,52.651424,52.359878,0.499992,21.434719,0.89797
0.8745,52.533161,52.359878,0.499992,4.834138,0.897719
0.918355,52.394203,52.359878,0.499992,-4.718976,0.897596
0.894663,52.267117,52.359878,0.499992,-8.318462,0.897623
0.878479,52.070744,52.359878,0.499992,-13.063267,0.897816
0.933057,52.029907,52.359878,0.499992,-8.189413,0.89812
0.923181,51.974724,52.359878,0.499992,-5.727946,0.898485
0.942435,51.890034,52.359878,0.499992,-6.990859,0.898879
0.890609,52.099667,52.359878,0.499992,6.30408,0.89922
0.964253,52.531208,52.359878,0.499992,24.465271,0.899292
0.843727,53.096676,52.359878,0.499992,39.545425,0.898888
0.892746,53.699955,52.359878,0.499992,49.218391,0.897938
0.872063,53.788185,52.359878,0.499992,30.929615,0.896692
0.897157,53.642605,52.359878,0.499992,10.898424,0.895491
0.845561,53.39463,52.359878,0.499992,-5.903515,0.894432
0.91611,53.147953,52.359878,0.499992,-15.092829,0.893588
0.964201,52.985207,52.359878,0.499992,-15.605528,0.892947
0.841264,52.783218,52.359878,0.499992,-18.492598,0.892445
0.918598,52.663677,52.359878,0.499992,-15.125821,0.892121
0.843936,52.422134,52.359878,0.499992,-18.791342,0.891971
0.84307,52.544052,52.359878,0.499992,-3.362741,0.891892
0.910601,52.826603,52.359878,0.499992,12.716067,0.891642
0.884262,53.421566,52.359878,0.499992,35.316059,0.890973
0.885611,53.651691,52.359878,0.499992,29.391249,0.889899
0.832557,53.616337,52.359878,0.499992,13.156396,0.888706
0.891779,53.253113,52.359878,0.499992,-10.574644,0.887707
0.919039,52.895729,52.359878,0.499992,-24.105202,0.886998
0.858626,52.58073,52.359878,0.499992,-29.051626,0.886605
0.918802,52.360222,52.359878,0.499992,-26.063686,0.886494
0.777181,52.06694,52.359878,0.499992,-27.916517,0.886618
0.762429,51.822292,52.359878,0.499992,-26.451237,0.88699
0.905885,51.568268,52.359878,0.499992,-25.021523,0.887621
0.928429,51.622837,52.359878,0.499992,-9.949583,0.888351
0.811556,51.979412,62.831853,0.499992,11.445174,0.888869
0.867064,52.472569,62.831853,0.499992,28.782995,0.888985
0.91705,52.739033,62.831853,0.499992,26.483976,0.888723
0.903961,52.790897,62.831853,0.499992,15.296123,0.888308
0.922168,52.545872,62.831853,0.499992,-2.894674,0.888037
0.875716,52.28508,62.831853,0.499992,-16.133007,0.887969
0.893126,51.969261,62.831853,0.499992,-22.482479,0.888171
0.914949,51.67506,62.831853,0.499992,-26.042267,0.88865
0.890541,51.460068,62.831853,0.499992,-25.259928,0.88933
0.906024,51.331482,62.831853,0.499992,-19.163445,0.890215
0.92415,51.029224,62.831853,0.499992,-23.554329,0.891314
0.906374,51.117924,62.831853,0.499992,-8.208541,0.892497
0.918442,51.434059,62.831853,0.499992,10.259621,0.893486
0.970348,52.026749,62.831853,0.499992,32.057827,0.894031
0.871894,52.506821,62.831853,0.499992,37.891064,0.894065
0.907027,52.668682,62.831853,0.499992,26.123974,0.8938
0.841161,52.636875,62.831853,0.499992,12.817961,0.893539
0.897844,52.429565,62.831853,0.499992,-3.227592,0.893367
0.91425,52.251953,62.831853,0.499992,-10.736215,0.893359
0.904596,52.191776,62.831853,0.499992,-7.811695,0.894045
0.970416,52.04491,62.831853,0.499992,-10.890806,0.896654
1.028225,52.076042,62.831853,0.499992,-3.979726,0.901222
0.95265,52.047718,62.831853,0.499992,-2.814178,0.907699
0.964584,52.360867,62.831853,0.499992,14.93502,0.915986
1.04258,52.931625,62.831853,0.499992,36.826622,0.925266
0.969554,53.816597,62.831853,0.499992,61.771351,0.933905
1.09373,54.656822,62.831853,0.499992,72.082741,0.941727
1.044677,55.099213,62.831853,0.499992,58.351967,0.948977
1.081075,55.25243,62.831853,0.499992,38.582138,0.955948
1.005637,55.348637,62.831853,0.499992,25.443953,0.962807
1.053661,55.339657,62.831853,0.499992,14.479256,0.969662
1.088941,55.438114,62.831853,0.499992,12.822604,0.976451
1.123782,55.557396,62.831853,0.499992,12.016157,0.983112
0.993592,55.708851,62.831853,0.499992,13.15742,0.989653
1.09228,55.933109,62.831853,0.499992,18.439478,0.996064
1.151791,56.55291,62.831853,0.499992,39.457378,1.002083
1.086286,57.571293,62.831853,0.499992,70.169601,1.007388
0.986144,58.408375,62.831853,0.499992,75.728958,1.011777
1.205684,58.892487,62.831853,0.499992,60.049904,1.015481
1.105642,59.020107,62.831853,0.499992,38.194515,1.019004
1.007176,58.9571,62.831853,0.499992,18.5728,1.022532
1.064376,58.850216,62.831853,0.499992,4.693495,1.026101
1.133729,58.930637,62.831853,0.499992,5.44064,1.029662
1.082117,58.89304,62.831853,0.499992,0.578994,1.033205
0.993587,58.902374,62.831853,0.499992,1.312971,1.0368
1.115189,59.193893,62.831853,0.499992,15.985371,1.040296
1.156238,59.793442,62.831853,0.499992,37.460884,1.043372
0.98515,60.803646,62.831853,0.499992,66.728485,1.045669
1.214839,61.576225,62.831853,0.499992,70.891426,1.047153
0.975807,61.728966,62.831853,0.499992,44.074001,1.048191
1.017774,61.699589,62.831853,0.499992,21.117254,1.049171
1.11829,61.596687,62.831853,0.499992,6.347173,1.050241
1.06152,61.661221,62.831853,0.499992,7.2074,1.051359
1.064712,61.736588,62.831853,0.499992,8.145961,1.052414
1.045224,61.648315,62.831853,0.499992,1.599622,1.053494
1.096296,61.614311,62.831853,0.499992,0.239071,1.054619
1.123873,62.15984,62.831853,0.499992,26.542713,1.055511
1.007496,63.00087,62.831853,0.499992,53.60957,1.055756
1.110305,63.94463,62.831853,0.499992,71.826736,1.055147
1.050864,64.092468,62.831853,0.499992,44.533165,1.054038
0.972065,63.880562,62.831853,0.499992,13.0693,1.052957
1.032948,63.736019,62.831853,0.499992,0.323167,1.052066
1.047515,63.781185,62.831853,0.499992,2.848383,1.051241
0.992168,63.778667,62.831853,0.499992,1.544272,1.050382
1.157191,63.455547,62.831853,0.499992,-14.854746,1.049649
0.961413,63.39785,62.831853,0.499992,-10.67134,1.049105
1.025353,63.817158,62.831853,0.499992,13.898496,1.048405
1.101392,64.701317,62.831853,0.499992,48.583584,1.04711
1.015967,65.307106,62.831853,0.499992,53.621761,1.045115
1.008507,65.079681,62.831853,0.499992,17.80707,1.042951
1.025606,64.602753,62.831853,0.499992,-12.733784,1.041108
1.021924,64.151077,62.831853,0.499992,-27.457687,1.039712
1.044628,63.925648,62.831853,0.499992,-24.941484,1.038621
0.990899,63.612495,62.831853,0.499992,-28.404955,1.037753
0.99732,63.12743,62.831853,0.499992,-37.862988,1.037261
0.914796,62.998291,62.831853,0.499992,-24.871849,1.037097
0.988914,63.330505,62.831853,0.499992,3.320026,1.036835
1.149031,64.027977,62.831853,0.499992,33.575302,1.036049
0.994806,64.373413,62.831853,0.499992,31.572964,1.034724
1.057163,64.050293,62.831853,0.499992,0.523847,1.03342
1.027249,63.571388,62.831853,0.499992,-22.663427,1.032505
1.051972,63.194908,62.831853,0.499992,-29.101198,1.03202
1.011012,62.971817,62.831853,0.499992,-26.056488,1.031788
0.967,62.646759,62.831853,0.499992,-30.407158,1.031766
0.988906,62.350132,62.831853,0.499992,-30.456514,1.032055
0.896023,62.270226,62.831853,0.499992,-18.949152,1.03257
0.980116,62.809944,62.831853,0.499992,16.48349,1.032885
1.088616,63.573151,62.831853,0.499992,44.659496,1.032576
0.976762,63.99324,62.831853,0.499992,42.01767,1.031662
1.015346,63.707199,62.831853,0.499992,9.573472,1.030743
1.007204,63.211506,62.831853,0.499992,-17.841976,1.030172
1.021672,62.97467,62.831853,0.499992,-20.582302,1.029931
1.052451,62.961136,62.831853,0.499992,-10.251703,1.02985
0.979309,62.702385,62.831853,0.499992,-16.639444,1.02988
1.190294,62.43042,62.831853,0.499992,-21.906548,1.030115
0.932445,62.66848,62.831853,0.499992,1.226229,1.030429
1.03267,63.206394,62.831853,0.499992,27.126638,1.030386
1.061344,64.101936,62.831853,0.499992,54.848171,1.0296
0.994633,64.517906,62.831853,0.499992,46.526745,1.028183
1.003236,64.29847,62.831853,0.499992,14.611332,1.026739
0.990937,63.840233,62.831853,0.499992,-13.0681,1.025624
0.957818,63.486446,62.831853,0.499992,-23.390499,1.02487
1.067417,63.462505,62.831853,0.499992,-13.704464,1.024281
0.98061,63.220036,62.831853,0.499992,-18.489662,1.023821
1.110114,62.809715,62.831853,0.499992,-28.552238,1.023669
0.993423,62.922085,62.831853,0.499992,-8.748617,1.023677
1.015826,63.455101,62.831853,0.499992,21.979864,1.023417
1.006806,64.17572,62.831853,0.499992,44.584351,1.022505
0.970389,64.270844,62.831853,0.499992,25.315264,1.021144
1.013599,63.926758,62.831853,0.499992,-2.881812,1.019967
0.975101,63.333164,62.831853,0.499992,-28.637897,1.019255
1.155455,62.966698,62.831853,0.499992,-31.447813,1.018992
0.95333,62.738873,62.831853,0.499992,-27.438862,1.018973
1.017181,62.376869,62.831853,0.499992,-31.495106,1.019215
1.024723,61.885376,62.831853,0.499992,-39.487648,1.019864
1.005045,61.968708,62.831853,0.499992,-16.621077,1.02071
1.06297,62.564194,62.831853,0.499992,20.517443,1.02128
0.970555,63.200878,62.831853,0.499992,40.524277,1.021237
1.089331,63.347599,62.831853,0.499992,26.521116,1.02077
0.950061,63.051228,62.831853,0.499992,-0.105,1.020415
1.042398,62.603256,62.831853,0.499992,-19.770929,1.020449
1.031131,62.202423,62.831853,0.499992,-28.125097,1.020876
1.022658,62.027901,62.831853,0.499992,-22.878469,1.021537
1.059687,61.681923,62.831853,0.499992,-28.118031,1.022431
0.98704,61.288784,62.831853,0.499992,-33.372002,1.023657
1.144251,61.348419,62.831853,0.499992,-14.454288,1.025058
1.006624,61.91832,62.831853,0.499992,19.70175,1.026182
1.020197,62.717445,62.831853,0.499992,46.40723,1.026612
1.06784,63.086761,62.831853,0.499992,38.89175,1.026449
1.043051,62.977001,62.831853,0.499992,14.636246,1.026227
1.049996,62.610687,62.831853,0.499992,-9.483797,1.02625
0.998143,62.413727,62.831853,0.499992,-14.344466,1.026537
1.003423,62.423878,62.831853,0.499992,-7.584229,1.026902
0.888543,62.311264,62.831853,0.499992,-9.279791,1.027321
0.993012,62.068043,62.831853,0.499992,-15.367825,1.027936
1.148125,62.216099,62.831853,0.499992,0.090605,1.028614
1.076827,62.904625,62.831853,0.499992,33.048767,1.028894
1.068957,63.793491,62.831853,0.499992,57.806202,1.028389
1.01863,64.181137,62.831853,0.499992,45.850582,1.027237
1.052472,63.952713,62.831853,0.499992,12.822478,1.026072
1.026113,63.551159,62.831853,0.499992,-12.368959,1.025212
0.949785,63.240414,62.831853,0.499992,-20.889875,1.024703
1.096713,62.966938,62.831853,0.499992,-24.680857,1.024436
0.939107,62.659393,62.831853,0.499992,-28.169861,1.024429
1.031154,62.246822,62.831853,0.499992,-34.078007,1.024778
1.045745,62.226467,62.831853,0.499992,-18.901194,1.025336
1.082747,62.792145,62.831853,0.499992,17.36026,1.025671
1.013704,63.562725,62.831853,0.499992,45.405098,1.025366
0.969185,63.743324,62.831853,0.499992,31.024118,1.024567
1.015853,63.368729,62.831853,0.499992,-1.922446,1.023869
0.920445,62.848221,62.831853,0.499992,-26.712414,1.023567
0.997733,62.5303,62.831853,0.499992,-29.031391,1.023697
1.071978,62.347309,62.831853,0.499992,-23.739471,1.024066
1.053894,61.966637,62.831853,0.499992,-31.398499,1.024651
1.021784,61.647583,62.831853,0.499992,-31.929712,1.02557
1.000781,61.561466,62.831853,0.499992,-20.28257,1.026724
1.080189,62.076653,62.831853,0.499992,13.618564,1.027665
1.078969,62.876282,62.831853,0.499992,43.272892,1.027952
0.987492,63.206284,62.831853,0.499992,36.25528,1.027689
1.12873,62.89946,62.831853,0.499992,4.63131,1.027468
0.931515,62.52512,62.831853,0.499992,-15.407273,1.027557
1.01354,62.355927,62.831853,0.499992,-15.337634,1.027936
1.018534,62.318787,62.831853,0.499992,-9.241461,1.02841
1.03061,62.02536,62.831853,0.499992,-19.470356,1.028986
1.042012,61.848484,62.831853,0.499992,-18.711931,1.029793
0.979734,61.865261,62.831853,0.499992,-7.73848,1.030734
1.186881,62.536079,62.831853,0.499992,28.593096,1.031359
0.984533,63.371529,62.831853,0.499992,53.925034,1.031243
1.016886,63.816887,62.831853,0.499992,47.761219,1.030491
1.099496,63.647217,62.831853,0.499992,17.243315,1.029654
0.998287,63.394218,62.831853,0.499992,-1.827373,1.029043
1.019348,63.165855,62.831853,0.499992,-10.66576,1.028665
1.006143,63.142689,62.831853,0.499992,-7.152414,1.028362
0.984516,62.998554,62.831853,0.499992,-11.429427,1.028116
1.044538,62.816864,62.831853,0.499992,-14.177463,1.02806
0.986841,62.877205,62.831853,0.499992,-3.118662,1.028104
1.170165,63.381397,62.831853,0.499992,23.563301,1.027894
0.991848,64.160179,62.831853,0.499992,48.245609,1.027023
1.031801,64.403,62.831853,0.499992,34.664738,1.025625
1.043597,64.087639,62.831853,0.499992,3.696515,1.024327
1.018209,63.568329,62.831853,0.499992,-20.963358,1.023454
1.049937,63.143414,62.831853,0.499992,-30.062441,1.023006
0.986837,62.942886,62.831853,0.499992,-26.079233,1.022791
0.968595,62.558647,62.831853,0.499992,-33.868679,1.022801
1.000204,62.208462,62.831853,0.499992,-34.684959,1.023196
1.011352,62.186592,62.831853,0.499992,-18.110186,1.023823
1.076838,62.747829,62.831853,0.499992,18.482338,1.024226
1.083763,63.422237,62.831853,0.499992,41.159744,1.023995
1.035667,63.587051,62.831853,0.499992,28.008097,1.023327
0.996247,63.172905,62.831853,0.499992,-4.563644,1.022816
1.012208,62.703896,62.831853,0.499992,-24.964796,1.022695
0.912597,62.365089,62.831853,0.499992,-29.513657,1.022952
0.990316,62.233459,62.831853,0.499992,-22.146441,1.02343
1.130583,61.910778,62.831853,0.499992,-26.666285,1.024127
1.090099,61.517693,62.831853,0.499992,-32.798573,1.025136
1.084691,61.635429,62.831853,0.499992,-11.728709,1.026293
1.012133,62.29327,62.831853,0.499992,25.404154,1.027122
1.085906,62.99012,62.831853,0.499992,44.775646,1.027265
1.030908,63.332493,62.831853,0.499992,36.917385,1.026867
0.947106,63.119198,62.831853,0.499992,9.714734,1.0265
1.18309,62.685482,62.831853,0.499992,-13.724747,1.026477
0.967011,62.458687,62.831853,0.499992,-16.863237,1.026742
1.040984,62.417431,62.831853,0.499992,-9.625147,1.027142
1.045646,62.147572,62.831853,0.499992,-17.122877,1.027662
1.081958,61.928146,62.831853,0.499992,-19.986855,1.028366
1.036649,62.238968,62.831853,0.499992,5.11123,1.02909
0.981046,62.900429,62.831853,0.499992,36.216019,1.02942
1.01422,63.755653,62.831853,0.499992,58.782227,1.028962
0.965938,64.193054,62.831853,0.499992,49.503204,1.027846
0.99054,63.982761,62.831853,0.499992,16.644377,1.026695
1.081401,63.519089,62.831853,0.499992,-12.520223,1.025862
1.018426,63.225124,62.831853,0.499992,-20.490776,1.025365
1.009614,63.142063,62.831853,0.499992,-15.613159,1.025019
0.998984,62.948723,62.831853,0.499992,-17.740004,1.024809
1.04352,62.603363,62.831853,0.499992,-25.974686,1.024847
1.051792,62.727905,62.831853,0.499992,-7.825155,1.025008
0.985659,63.263947,62.831853,0.499992,21.544611,1.024892
1.139316,64.049881,62.831853,0.499992,46.700859,1.024098
0.896638,64.286308,62.831853,0.499992,34.672455,1.022838
1.000999,63.818626,62.831853,0.499992,-3.442794,1.021716
1.031277,63.194824,62.831853,0.499992,-32.199474,1.021054
0.998331,62.863602,62.831853,0.499992,-32.19796,1.020888
1.028859,62.672188,62.831853,0.499992,-25.480331,1.020966
0.977136,62.305058,62.831853,0.499992,-30.887026,1.021274
1.206581,61.929268,62.831853,0.499992,-33.541515,1.021937
1.08042,61.95985,62.831853,0.499992,-14.313246,1.022816
1.033665,62.519169,62.831853,0.499992,20.572018,1.023432
1.059338,63.166519,62.831853,0.499992,40.080544,1.023398
1.003216,63.363956,62.831853,0.499992,27.344318,1.022896
1.015368,63.047779,62.831853,0.499992,-0.749489,1.022526
0.98518,62.595169,62.831853,0.499992,-20.624891,1.022557
1.017811,62.172913,62.831853,0.499992,-30.664825,1.022969
0.980271,62.029396,62.831853,0.499992,-24.77483,1.023581
1.017162,61.783772,62.831853,0.499992,-25.147661,1.024405
1.085403,61.392105,62.831853,0.499992,-30.997326,1.02556
1.04259,61.430576,62.831853,0.499992,-14.303591,1.026874
1.03535,62.117485,62.831853,0.499992,25.209314,1.027867
0.994283,62.831989,62.831853,0.499992,45.724087,1.028165
0.984134,63.25423,62.831853,0.499992,41.781528,1.027897
1.043297,63.099747,62.831853,0.499992,14.994907,1.027571
0.968133,62.831112,62.831853,0.499992,-4.355291,1.02745
1.156227,62.61377,62.831853,0.499992,-11.462245,1.02758
1.025685,62.62521,62.831853,0.499992,-4.677732,1.027803
1.05194,62.484421,62.831853,0.499992,-8.9692,1.028059
1.035337,62.252426,62.831853,0.499992,-16.059063,1.028466
1.022185,62.427689,62.831853,0.499992,0.667606,1.028949
1.06372,63.032425,62.831853,0.499992,30.075165,1.029098
1.004579,63.97216,62.831853,0.499992,59.704689,1.028486
0.972991,64.327705,62.831853,0.499992,47.048466,1.02724
0.975598,64.054459,62.831853,0.499992,11.635818,1.025972
1.006227,63.636574,62.831853,0.499992,-13.695564,1.025029
1.085152,63.288795,62.831853,0.499992,-22.21356,1.024493
1.066116,63.048698,62.831853,0.499992,-23.394815,1.024178
1.035815,62.809746,62.831853,0.499992,-23.831181,1.024078
0.987921,62.306347,62.831853,0.499992,-35.147247,1.024361
1.032183,62.262653,62.831853,0.499992,-19.633137,1.024901
0.917368,62.870327,62.831853,0.499992,19.290648,1.025193
0.987936,63.576042,62.831853,0.499992,43.167782,1.024842
1.142468,63.749226,62.831853,0.499992,29.655701,1.024037
1.060755,63.421288,62.831853,0.499992,1.538197,1.023373
1.024029,62.925694,62.831853,0.499992,-21.253248,1.023089
1.016498,62.488342,62.831853,0.499992,-31.685507,1.023206
1.085868,62.310478,62.831853,0.499992,-25.848936,1.023578
1.049927,61.973328,62.831853,0.499992,-29.863199,1.024194
0.941919,61.667999,62.831853,0.499992,-29.948507,1.025123
1.198914,61.618111,62.831853,0.499992,-17.719883,1.026231
1.085326,62.20797,62.831853,0.499992,18.413233,1.027084
1.038714,62.920212,62.831853,0.499992,42.250675,1.027308
1.048188,63.154182,62.831853,0.499992,31.149332,1.027048
1.055267,62.886555,62.831853,0.499992,3.728993,1.026856
1.021885,62.592457,62.831853,0.499992,-11.80111,1.026929
0.981255,62.308872,62.831853,0.499992,-18.808294,1.027298
1.001447,62.243996,62.831853,0.499992,-12.475238,1.027823
0.980702,62.08923,62.831853,0.499992,-13.921781,1.028427
0.99408,61.878014,62.831853,0.499992,-16.89147,1.029209
1.078485,61.928761,62.831853,0.499992,-5.305589,1.030103
1.001494,62.59866,62.831853,0.499992,29.326395,1.030655
1.027938,63.537239,62.831853,0.499992,60.305283,1.030471
1.003545,63.798626,62.831853,0.499992,42.655224,1.029658
1.016652,63.704266,62.831853,0.499992,18.159317,1.028804
1.040386,63.413235,62.831853,0.499992,-2.907667,1.028166
0.985985,63.154179,62.831853,0.499992,-13.269463,1.027766
1.170778,63.104008,62.831853,0.499992,-11.024712,1.027444
0.948249,63.052422,62.831853,0.499992,-8.997339,1.027192
0.997706,62.770477,62.831853,0.499992,-17.478971,1.027134
1.050686,62.784164,62.831853,0.499992,-7.862968,1.027215
1.015675,63.318295,62.831853,0.499992,20.819746,1.027028
1.031988,64.126106,62.831853,0.499992,47.458664,1.026178
0.986911,64.357231,62.831853,0.499992,34.589466,1.024843
0.951269,63.962929,62.831853,0.499992,0.145099,1.02363
0.949209,63.438427,62.831853,0.499992,-24.634838,1.022825
1.007706,63.108364,62.831853,0.499992,-27.781687,1.022445
1.093153,62.846298,62.831853,0.499992,-26.681206,1.022327
1.01102,62.588737,62.831853,0.499992,-26.312096,1.022428
1.02711,62.113422,62.831853,0.499992,-35.868511,1.022875
0.990972,62.071564,62.831853,0.499992,-20.940891,1.02356
0.978555,62.617088,62.831853,0.499992,14.675493,1.024023
1.060177,63.298561,62.831853,0.499992,38.209969,1.023868
0.984889,63.477776,62.831853,0.499992,26.359173,1.023282
1.131045,63.101978,62.831853,0.499992,-3.180654,1.022869
1.033519,62.66935,62.831853,0.499992,-20.915802,1.022845
1.040464,62.345257,62.831853,0.499992,-24.847376,1.023184
1.01734,62.124626,62.831853,0.499992,-23.256491,1.02374
0.98821,61.885307,62.831853,0.499992,-23.427446,1.024498
1.055942,61.528107,62.831853,0.499992,-28.67358,1.025533
0.987036,61.578537,62.831853,0.499992,-12.814022,1.026712
1.194807,62.261295,62.831853,0.499992,25.321575,1.02756
0.998535,63.114071,62.831853,0.499992,52.504959,1.02767
1.030064,63.372684,62.831853,0.499992,37.547356,1.027213
1.044843,63.187733,62.831853,0.499992,11.34592,1.026794
1.045965,62.732624,62.831853,0.499992,-14.883883,1.026683
1.052889,62.508663,62.831853,0.499992,-18.123671,1.026879
0.990533,62.406963,62.831853,0.499992,-13.974216,1.027235
0.998903,62.111229,62.831853,0.499992,-21.920687,1.027738
0.929003,61.914856,62.831853,0.499992,-21.530552,1.028459
0.999526,62.087482,62.831853,0.499992,-3.312284,1.029226
1.12706,62.802753,62.831853,0.499992,31.893347,1.029596
1.085321,63.787613,62.831853,0.499992,62.365349,1.029159
1.030508,64.231567,62.831853,0.499992,52.893368,1.028048
1.015463,63.915344,62.831853,0.499992,12.791333,1.026892
1.042229,63.538246,62.831853,0.499992,-11.438255,1.026049
0.997678,63.264469,62.831853,0.499992,-17.585627,1.025567
0.946881,63.118526,62.831853,0.499992,-16.064487,1.025248
1.189294,62.916054,62.831853,0.499992,-19.531425,1.025031
1.046847,62.651497,62.831853,0.499992,-23.269608,1.025056
1.043179,62.697025,62.831853,0.499992,-9.361073,1.025232
1.049245,63.316177,62.831853,0.499992,24.605726,1.025103
1.067887,64.059135,62.831853,0.499992,46.126812,1.024279
0.986051,64.245132,62.831853,0.499992,30.520287,1.022983
0.969943,63.791775,62.831853,0.499992,-5.639709,1.021872
0.976641,63.273216,62.831853,0.499992,-27.697718,1.021214
0.922142,62.933472,62.831853,0.499992,-30.390715,1.02097
0.98901,62.667328,62.831853,0.499992,-28.866793,1.020994
1.061696,62.298828,62.831853,0.499992,-32.889503,1.021302
1.073017,61.886902,62.831853,0.499992,-35.565403,1.02201
1.012728,62.009476,62.831853,0.499992,-11.184378,1.022884
0.992457,62.517456,62.831853,0.499992,19.296215,1.023463
1.047159,63.242203,62.831853,0.499992,43.68148,1.023411
0.883749,63.352932,62.831853,0.499992,26.43128,1.022919
0.996203,63.057526,62.831853,0.499992,0.088794,1.022564
1.090681,62.597206,62.831853,0.499992,-20.567381,1.022592
1.030501,62.278339,62.831853,0.499992,-24.005342,1.023006
1.029928,62.067547,62.831853,0.499992,-21.592575,1.023642
1.002303,61.760231,62.831853,0.499992,-25.327368,1.024493
1.076547,61.312405,62.831853,0.499992,-34.27742,1.025679
1.07716,61.468422,62.831853,0.499992,-10.598233,1.027006
0.983901,62.029732,62.831853,0.499992,22.006453,1.028053
1.14476,62.829559,62.831853,0.499992,48.623428,1.028412
0.924104,63.196964,62.831853,0.499992,40.915615,1.028175
1.007094,63.098286,62.831853,0.499992,17.555775,1.027891
1.042588,62.66431,62.831853,0.499992,-10.203056,1.027865
1.020233,62.477867,62.831853,0.499992,-14.547333,1.028088
1.044215,62.574146,62.831853,0.499992,-3.051962,1.028372
0.979733,62.423481,62.831853,0.499992,-8.078692,1.028692
1.068117,62.130737,62.831853,0.499992,-17.917288,1.0292
0.964519,62.331924,62.831853,0.499992,0.620022,1.029773
1.009477,62.995262,62.831853,0.499992,32.221058,1.029962
1.103572,63.87196,62.831853,0.499992,56.657684,1.029377
0.997544,64.267181,62.831853,0.499992,45.934738,1.028159
0.99162,64.103653,62.831853,0.499992,16.301359,1.026899
1.00107,63.589947,62.831853,0.499992,-15.692978,1.025958
0.964666,63.287682,62.831853,0.499992,-23.058945,1.025384
1.03792,63.167831,62.831853,0.499992,-18.242353,1.025012
0.990799,62.84943,62.831853,0.499992,-24.432974,1.024854
1.15397,62.368935,62.831853,0.499992,-34.661282,1.025082
0.965505,62.388565,62.831853,0.499992,-16.726063,1.025524
1.050632,62.960323,62.831853,0.499992,19.226324,1.025719
1.035781,63.655464,62.831853,0.499992,42.506298,1.025289
1.02002,63.815281,62.831853,0.499992,28.216459,1.024403
1.037692,63.467453,62.831853,0.499992,-1.288206,1.023653
0.987307,62.913975,62.831853,0.499992,-26.398487,1.023328
1.002315,62.529667,62.831853,0.499992,-32.612453,1.023409
1.006639,62.45137,62.831853,0.499992,-21.294744,1.02371
1.015057,62.097004,62.831853,0.499992,-27.07955,1.024242
1.063756,61.658981,62.831853,0.499992,-33.708874,1.025147
1.065703,61.70668,62.831853,0.499992,-13.983191,1.026254
1.07066,62.276527,62.831853,0.499992,21.180386,1.027091
0.993757,62.943535,62.831853,0.499992,41.905472,1.027285
1.02094,63.15329,62.831853,0.499992,29.647385,1.027007
0.897063,62.857544,62.831853,0.499992,0.501279,1.026795
0.993978,62.512459,62.831853,0.499992,-16.442419,1.026903
1.137942,62.208443,62.831853,0.499992,-23.084726,1.027328
1.074784,62.208344,62.831853,0.499992,-12.169822,1.0279
1.074705,62.048557,62.831853,0.499992,-12.904282,1.028572
1.011604,61.747345,62.831853,0.499992,-20.687466,1.029432
1.091811,61.943481,62.831853,0.499992,-1.066347,1.030359
1.062672,62.548195,62.831853,0.499992,28.783445,1.030936
0.947559,63.421387,62.831853,0.499992,55.280067,1.030777
1.118586,63.828541,62.831853,0.499992,46.718445,1.029998
0.944332,63.733829,62.831853,0.499992,21.160915,1.029144
1.00806,63.355526,62.831853,0.499992,-5.608922,1.028516
1.050764,63.206821,62.831853,0.499992,-9.385582,1.028123
1.058187,63.150372,62.831853,0.499992,-8.056565,1.027797
0.992117,63.076035,62.831853,0.499992,-7.927808,1.027529
0.989129,62.714916,62.831853,0.499992,-20.697699,1.027483
1.061216,62.799282,62.831853,0.499992,-7.451364,1.027544
1.011936,63.527027,62.831853,0.499992,31.09483,1.02728
0.993656,64.189278,62.831853,0.499992,46.594311,1.026326
1.099012,64.413864,62.831853,0.499992,33.207058,1.024915
0.919096,63.95731,62.831853,0.499992,-4.140001,1.023658
1.001993,63.575859,62.831853,0.499992,-19.588467,1.022813
1.014433,63.149712,62.831853,0.499992,-29.326113,1.022364
1.014385,62.956989,62.831853,0.499992,-24.921282,1.022154
1.044548,62.5369,62.831853,0.499992,-33.542145,1.022209
0.985434,62.157898,62.831853,0.499992,-35.392612,1.022653
1.161829,62.160004,62.831853,0.499992,-17.960428,1.023298
0.959383,62.71217,62.831853,0.499992,17.068764,1.023695
1.047657,63.406254,62.831853,0.499992,41.073399,1.023477
1.039882,63.459167,62.831853,0.499992,22.549164,1.022872
0.993663,63.122776,62.831853,0.499992,-4.565801,1.022416
1.030005,62.647106,62.831853,0.499992,-24.713665,1.022359
0.978603,62.234993,62.831853,0.499992,-32.707348,1.022707
1.117202,62.047993,62.831853,0.499992,-27.780689,1.023287
0.966536,61.859222,62.831853,0.499992,-23.679737,1.024081
1.023677,61.470242,62.831853,0.499992,-30.111563,1.025166
1.083288,61.571037,62.831853,0.499992,-10.828672,1.026381
1.033718,62.223217,62.831853,0.499992,25.835854,1.027279
1.043253,63.078445,62.831853,0.499992,54.231697,1.027464
0.989019,63.269226,62.831853,0.499992,36.175777,1.027101
0.980182,62.997429,62.831853,0.499992,4.881806,1.026763
1.085691,62.698952,62.831853,0.499992,-10.574548,1.026763
0.960161,62.342583,62.831853,0.499992,-21.303938,1.02708
1.13062,62.27919,62.831853,0.499992,-15.013386,1.027534
1.003709,62.166897,62.831853,0.499992,-12.854511,1.028097
1.04789,61.85112,62.831853,0.499992,-20.67952,1.028875
1.016626,62.040443,62.831853,0.499992,-0.994417,1.029726
0.999224,62.746601,62.831853,0.499992,33.318043,1.030161
1.05485,63.721016,62.831853,0.499992,62.918034,1.029788
0.989755,64.077972,62.831853,0.499992,48.393524,1.028758
0.966448,63.887863,62.831853,0.499992,16.687258,1.027692
0.944719,63.48159,62.831853,0.499992,-10.366363,1.0269
1.017617,63.207981,62.831853,0.499992,-18.672939,1.026418
1.065076,63.070187,62.831853,0.499992,-17.388872,1.026104
1.056033,62.867229,62.831853,0.499992,-19.333614,1.025958
1.038087,62.606495,75.398224,0.499992,-21.960865,1.026059
0.993283,62.695278,75.398224,0.499992,-6.434136,1.026265
1.020977,63.265697,75.398224,0.499992,24.316732,1.026174
0.913991,64.069168,75.398224,0.499992,49.701733,1.025393
0.992203,64.195328,75.398224,0.499992,29.820246,1.024126
1.131011,63.831936,75.398224,0.499992,-2.137419,1.023008
1.049778,63.283463,75.398224,0.499992,-27.167011,1.022328
1.030839,62.953541,75.398224,0.499992,-29.058594,1.022091
1.007533,62.653008,75.398224,0.499992,-28.267757,1.022159
1.054383,62.327858,75.398224,0.499992,-29.343239,1.022498
1.009235,61.894981,75.398224,0.499992,-34.630764,1.023191
0.941348,61.916756,75.398224,0.499992,-16.705345,1.024065
1.185982,62.542171,75.398224,0.499992,21.371283,1.024656
1.084993,63.238514,75.398224,0.499992,43.129742,1.024585
1.051482,63.397667,75.398224,0.499992,27.813686,1.024056
1.033747,63.042828,75.398224,0.499992,-2.896043,1.023658
1.058893,62.635319,75.398224,0.499992,-20.354229,1.023651
1.034695,62.318073,75.398224,0.499992,-24.974432,1.023995
0.968492,62.093319,75.398224,0.499992,-24.48571,1.024548
1.151832,61.793144,75.398224,0.499992,-27.760748,1.025751
1.068614,61.445984,75.398224,0.499992,-30.55681,1.029077
0.975134,61.591553,75.398224,0.499992,-8.02137,1.034438
1.285231,62.366611,75.398224,0.499992,33.681217,1.041296
1.21752,63.456421,75.398224,0.499992,68.444588,1.049138
1.038424,64.403961,75.398224,0.499992,79.647812,1.057924
1.191547,64.908104,75.398224,0.499992,66.731453,1.067603
0.977063,65.608925,75.398224,0.499992,68.223114,1.076826
1.363117,66.579773,75.398224,0.499992,82.255867,1.085313
1.026421,67.865921,75.398224,0.499992,103.449005,1.092741
1.422757,68.834869,75.398224,0.499992,100.422874,1.099155
1.102711,69.746475,75.398224,0.499992,98.56263,1.104784
1.269393,71.072319,75.398224,0.499992,116.054321,1.109381
1.174732,73.156708,75.398224,0.499992,159.352066,1.112378
1.167798,74.542717,75.398224,0.499992,147.926834,1.11373
1.173295,74.939392,75.398224,0.499992,97.120789,1.114302
1.101393,74.678352,75.398224,0.499992,39.692471,1.114828
1.098577,74.776947,75.398224,0.499992,27.01618,1.115471
1.039807,74.866646,75.398224,0.499992,17.581652,1.115964
1.140354,74.758598,75.398224,0.499992,3.928433,1.116476
1.005439,74.79583,75.398224,0.499992,6.520939,1.117131
1.103249,75.697273,75.398224,0.499992,47.645233,1.117349
0.989483,76.978447,75.398224,0.499992,82.265938,1.116411
1.145159,77.167908,75.398224,0.499992,49.066734,1.11476
0.982637,76.539452,75.398224,0.499992,-4.382367,1.11338
1.128349,75.898331,75.398224,0.499992,-29.746622,1.112705
0.985066,75.905045,75.398224,0.499992,-14.620549,1.112281
1.17778,75.661476,75.398224,0.499992,-20.498663,1.111892
1.014716,75.45401,75.398224,0.499992,-18.061413,1.111828
1.321272,75.866028,75.398224,0.499992,12.550371,1.111695
1.067006,77.195702,75.398224,0.499992,67.818733,1.110647
1.237661,77.648102,75.398224,0.499992,53.610912,1.108684
1.12439,77.066513,75.398224,0.499992,-0.09443,1.106838
1.179397,76.236343,75.398224,0.499992,-37.094223,1.105742
1.119048,76.183449,75.398224,0.499992,-20.591253,1.105061
1.084299,76.091301,75.398224,0.499992,-16.622301,1.104351
1.134428,75.85968,75.398224,0.499992,-19.129126,1.103838
1.023119,76.106796,75.398224,0.499992,3.222977,1.103372
1.045685,77.410828,75.398224,0.499992,63.115112,1.102164
0.985669,78.201378,75.398224,0.499992,67.348961,1.099873
1.122481,77.886292,75.398224,0.499992,20.589588,1.097431
0.985373,76.959473,75.398224,0.499992,-30.842501,1.095622
1.081428,76.656815,75.398224,0.499992,-28.805653,1.094391
1.006862,76.686119,75.398224,0.499992,-15.224,1.093196
1.132247,76.410477,75.398224,0.499992,-20.836832,1.09215
1.078469,76.4646,75.398224,0.499992,-6.9211,1.09126
1.20859,77.361931,75.398224,0.499992,38.374969,1.089903
1.107146,78.238617,75.398224,0.499992,57.737282,1.087602
1.066596,77.728638,75.398224,0.499992,4.571627,1.085164
1.118226,76.680435,75.398224,0.499992,-47.220127,1.083482
1.008221,76.109894,75.398224,0.499992,-49.611042,1.082644
0.994728,75.929077,75.398224,0.499992,-34.871101,1.082085
0.985198,75.493507,75.398224,0.499992,-39.229324,1.081786
1.166146,75.308418,75.398224,0.499992,-26.975561,1.081867
1.001567,76.079201,75.398224,0.499992,24.54262,1.081705
1.08833,76.892754,75.398224,0.499992,48.453091,1.080644
1.088928,76.82637,75.398224,0.499992,20.814871,1.079239
1.146478,75.774147,75.398224,0.499992,-37.83548,1.078412
1.102733,75.041214,75.398224,0.499992,-52.537251,1.078458
1.04536,74.907791,75.398224,0.499992,-33.81987,1.078863
1.051944,74.575676,75.398224,0.499992,-34.613834,1.079427
0.985184,74.304802,75.398224,0.499992,-31.043171,1.080303
1.127437,74.908592,75.398224,0.499992,13.556694,1.081093
0.974578,76.13636,75.398224,0.499992,63.39695,1.080959
1.132071,76.460121,75.398224,0.499992,46.196011,1.080048
1.061193,75.826904,75.398224,0.499992,-6.441298,1.079307
1.162958,74.967934,75.398224,0.499992,-42.469883,1.079334
1.107079,74.995499,75.398224,0.499992,-19.207075,1.079782
1.078434,74.816399,75.398224,0.499992,-19.028614,1.080226
1.048484,74.680687,75.398224,0.499992,-17.281086,1.080788
0.998205,74.98613,75.398224,0.499992,6.867297,1.081365
1.155844,76.24408,75.398224,0.499992,62.817623,1.081196
0.982487,77.070396,75.398224,0.499992,68.272636,1.079931
1.063088,76.664162,75.398224,0.499992,14.735799,1.078497
1.013312,75.781097,75.398224,0.499992,-33.734364,1.07772
1.261814,75.332016,75.398224,0.499992,-37.900303,1.077612
1.117613,75.36544,75.398224,0.499992,-19.326414,1.077636
1.113601,74.872238,75.398224,0.499992,-33.978184,1.077868
1.11839,74.929344,75.398224,0.499992,-14.926506,1.078338
1.022974,75.776932,75.398224,0.499992,33.268085,1.078446
1.007834,76.705734,75.398224,0.499992,58.76495,1.077612
0.990386,76.472031,75.398224,0.499992,18.090605,1.076444
1.118763,75.490196,75.398224,0.499992,-36.706715,1.075882
1.00022,74.806358,75.398224,0.499992,-49.209332,1.076177
1.096872,74.637383,75.398224,0.499992,-33.244827,1.076829
1.106511,74.325424,75.398224,0.499992,-32.964851,1.077638
1.174404,73.997589,75.398224,0.499992,-31.426971,1.078818
1.125049,74.61747,75.398224,0.499992,14.926689,1.079906
1.04594,75.778816,75.398224,0.499992,62.007172,1.080097
1.07172,76.099136,75.398224,0.499992,46.215126,1.07954
0.983283,75.396729,75.398224,0.499992,-9.127553,1.079179
1.090424,74.702469,75.398224,0.499992,-35.655354,1.079538
0.974623,74.623047,75.398224,0.499992,-20.985554,1.080271
1.144885,74.408875,75.398224,0.499992,-22.230288,1.081046
1.061638,74.159332,75.398224,0.499992,-24.374594,1.082029
1.182305,74.37632,75.398224,0.499992,-1.290923,1.083114
1.141265,75.68808,75.398224,0.499992,61.329151,1.083484
1.113387,76.414078,75.398224,0.499992,63.245102,1.082789
1.102097,76.275909,75.398224,0.499992,24.713694,1.081832
1.007723,75.530159,75.398224,0.499992,-21.411036,1.081368
1.111632,75.302223,75.398224,0.499992,-19.912209,1.081419
0.979954,75.307709,75.398224,0.499992,-10.785656,1.081494
1.101811,74.971832,75.398224,0.499992,-22.367651,1.081697
1.014129,75.080627,75.398224,0.499992,-6.066909,1.082061
1.294677,76.017265,75.398224,0.499992,43.032845,1.082019
1.101381,77.148705,75.398224,0.499992,74.317085,1.080902
1.134518,76.936867,75.398224,0.499992,26.986261,1.079305
1.077026,76.122856,75.398224,0.499992,-24.761566,1.078221
1.042599,75.420334,75.398224,0.499992,-44.334988,1.077932
1.032803,75.32473,75.398224,0.499992,-28.94256,1.077933
0.984246,74.946075,75.398224,0.499992,-35.156708,1.078106
1.146598,74.592819,75.398224,0.499992,-34.296803,1.078713
0.993602,75.18277,75.398224,0.499992,12.183098,1.079279
1.121149,76.27565,75.398224,0.499992,57.519257,1.078991
1.067329,76.415176,75.398224,0.499992,33.853714,1.078019
1.189135,75.608871,75.398224,0.499992,-22.067379,1.077369
1.085442,74.852875,75.398224,0.499992,-46.129456,1.077541
1.091725,74.611412,75.398224,0.499992,-35.928577,1.078154
0.970829,74.43782,75.398224,0.499992,-29.285261,1.078888
0.993489,74.085709,75.398224,0.499992,-31.384375,1.07994
1.107527,74.326927,75.398224,0.499992,-2.84368,1.081115
0.981363,75.419876,75.398224,0.499992,49.704227,1.081613
1.143185,76.041191,75.398224,0.499992,51.989719,1.081201
1.034715,75.730064,75.398224,0.499992,11.600829,1.080691
1.225911,74.824471,75.398224,0.499992,-34.986462,1.080828
1.125011,74.669289,75.398224,0.499992,-23.28686,1.081503
1.157354,74.66951,75.398224,0.499992,-11.473446,1.082209
1.142884,74.392204,75.398224,0.499992,-19.758099,1.08297
1.029633,74.476097,75.398224,0.499992,-5.978207,1.083874
1.039633,75.583702,75.398224,0.499992,51.373146,1.084311
0.984485,76.669357,75.398224,0.499992,75.840637,1.083589
1.124679,76.752724,75.398224,0.499992,41.501007,1.082291
0.999941,75.973061,75.398224,0.499992,-15.031158,1.081375
1.040175,75.453705,75.398224,0.499992,-30.304354,1.081144
1.064215,75.480766,75.398224,0.499992,-14.695368,1.081093
1.206296,75.258904,75.398224,0.499992,-19.154877,1.081091
1.120056,75.160355,75.398224,0.499992,-13.32911,1.081306
1.070267,75.621948,75.398224,0.499992,17.542652,1.081423
1.089268,76.694565,75.398224,0.499992,57.804642,1.080692
1.005415,76.925285,75.398224,0.499992,37.989346,1.079285
1.099031,76.199852,75.398224,0.499992,-14.137063,1.078192
0.988303,75.257057,75.398224,0.499992,-49.644588,1.077944
1.13403,74.953407,75.398224,0.499992,-40.350876,1.078226
1.036668,74.764404,75.398224,0.499992,-32.14603,1.078662
1.252619,74.334763,75.398224,0.499992,-36.947174,1.079444
1.126897,74.602844,75.398224,0.499992,-5.348734,1.080351
1.138347,75.609406,75.398224,0.499992,45.538624,1.080644
1.089559,76.366455,75.398224,0.499992,57.142014,1.080044
1.029549,75.757347,75.398224,0.499992,0.378005,1.079377
1.022604,74.843506,75.398224,0.499992,-43.0219,1.079436
0.975323,74.436417,75.398224,0.499992,-41.461239,1.080143
1.115479,74.432861,75.398224,0.499992,-23.036184,1.080999
0.976472,74.049355,75.398224,0.499992,-30.831034,1.082029
1.164587,74.091621,75.398224,0.499992,-13.391125,1.083274
1.081664,75.18644,75.398224,0.499992,46.569847,1.08406
1.204132,76.246559,75.398224,0.499992,73.302414,1.083748
1.102347,76.324295,75.398224,0.499992,41.042126,1.082875
1.077851,75.519058,75.398224,0.499992,-16.281178,1.082369
1.03278,75.101639,75.398224,0.499992,-26.421694,1.082498
0.993531,75.091362,75.398224,0.499992,-14.647093,1.082777
1.150278,74.954842,75.398224,0.499992,-16.298,1.083053
0.975267,74.951767,75.398224,0.499992,-8.140853,1.083479
1.09175,75.634842,75.398224,0.499992,30.667994,1.083683
1.019837,76.891365,75.398224,0.499992,73.761597,1.08287
1.256031,77.291023,75.398224,0.499992,55.035805,1.081228
1.108261,76.59565,75.398224,0.499992,-3.258817,1.079799
1.1203,75.586807,75.398224,0.499992,-47.027367,1.079218
1.104209,75.403069,75.398224,0.499992,-32.895206,1.079157
1.028515,75.197769,75.398224,0.499992,-27.92156,1.079225
0.977897,74.750572,75.398224,0.499992,-34.999844,1.079634
0.986109,74.969711,75.398224,0.499992,-6.006559,1.080206
1.1686,76.070786,75.398224,0.499992,49.122379,1.080138
0.9995,76.688797,75.398224,0.499992,52.123909,1.079152
1.105959,76.054115,75.398224,0.499992,-3.713336,1.078196
1.073937,75.093018,75.398224,0.499992,-47.42696,1.078007
1.180162,74.770363,75.398224,0.499992,-38.506542,1.07849
1.083709,74.602913,75.398224,0.499992,-27.911512,1.079152
1.070957,74.083153,75.398224,0.499992,-40.011806,1.080084
0.994382,74.162384,75.398224,0.499992,-16.404072,1.081284
1.000196,75.06456,75.398224,0.499992,35.281425,1.082073
1.103507,76.154137,75.398224,0.499992,68.633095,1.081855
0.98295,75.998573,75.398224,0.499992,27.491629,1.081172
1.124625,75.258133,75.398224,0.499992,-20.566769,1.080926
1.033711,74.734344,75.398224,0.499992,-33.943066,1.081336
1.245195,74.776245,75.398224,0.499992,-15.71907,1.081938
1.138369,74.558289,75.398224,0.499992,-19.123562,1.082583
1.15214,74.382591,75.398224,0.499992,-17.550295,1.083457
1.144542,75.1269,75.398224,0.499992,28.015087,1.084134
1.03101,76.449326,75.398224,0.499992,76.826111,1.083796
1.005363,76.907539,75.398224,0.499992,60.08226,1.082553
0.978733,76.295547,75.398224,0.499992,1.677421,1.081384
1.115894,75.636475,75.398224,0.499992,-28.099913,1.080911
0.992624,75.438698,75.398224,0.499992,-22.497427,1.080841
1.057508,75.287941,75.398224,0.499992,-18.964851,1.080876
1.065526,74.940361,75.398224,0.499992,-26.07173,1.081141
1.213934,75.097244,75.398224,0.499992,-5.107241,1.08154
1.138959,76.25074,75.398224,0.499992,51.005894,1.081296
1.06789,76.856026,75.398224,0.499992,52.694008,1.080157
1.071037,76.428062,75.398224,0.499992,7.523883,1.078993
1.003533,75.389244,75.398224,0.499992,-44.02499,1.078533
1.12549,74.932945,75.398224,0.499992,-43.925922,1.078777
0.989757,74.788811,75.398224,0.499992,-30.871408,1.079246
1.15771,74.388306,75.398224,0.499992,-35.353554,1.079978
1.03591,74.368149,75.398224,0.499992,-18.004187,1.080963
1.283683,75.182747,75.398224,0.499992,30.779627,1.081621
1.116888,76.162872,75.398224,0.499992,60.425629,1.081324
1.125328,76.000366,75.398224,0.499992,22.843187,1.080636
1.060436,75.220596,75.398224,0.499992,-24.008879,1.080433
1.021639,74.559616,75.398224,0.499992,-41.635746,1.080958
1.111764,74.533005,75.398224,0.499992,-23.895229,1.081726
0.973551,74.339317,75.398224,0.499992,-23.917082,1.082535
1.12383,74.137009,75.398224,0.499992,-21.852692,1.08361
0.980051,74.831383,75.398224,0.499992,22.905815,1.084517
1.132256,75.997971,75.398224,0.499992,66.032936,1.084496
1.070505,76.40284,75.398224,0.499992,50.454914,1.083643
1.163742,75.741135,75.398224,0.499992,-6.026763,1.082955
1.093348,75.130211,75.398224,0.499992,-30.608166,1.082945
1.088088,75.06192,75.398224,0.499992,-18.675606,1.083254
1.081433,75.119858,75.398224,0.499992,-8.068844,1.083509
1.002313,74.915764,75.398224,0.499992,-13.058764,1.083879
1.153832,75.368011,75.398224,0.499992,16.932589,1.084203
0.980781,76.541084,75.398224,0.499992,65.321083,1.083759
1.095732,77.299225,75.398224,0.499992,67.960701,1.082302
1.013604,76.868057,75.398224,0.499992,14.541337,1.080706
1.155194,75.902527,75.398224,0.499992,-37.215717,1.079798
1.10326,75.623405,75.398224,0.499992,-30.923138,1.079527
1.136162,75.454117,75.398224,0.499992,-24.381943,1.079405
1.109547,75.134872,75.398224,0.499992,-28.514187,1.079476
1.034053,75.05162,75.398224,0.499992,-18.56513,1.079774
1.01592,75.902237,75.398224,0.499992,30.63674,1.079741
0.990403,76.849091,75.398224,0.499992,57.981113,1.078777
1.127766,76.587021,75.398224,0.499992,17.179247,1.077517
0.995049,75.565018,75.398224,0.499992,-39.561829,1.076856
1.10715,74.956024,75.398224,0.499992,-47.200432,1.077048
1.069284,74.840073,75.398224,0.499992,-29.699768,1.077536
1.205625,74.43808,75.398224,0.499992,-35.694443,1.078195
1.103131,74.300247,75.398224,0.499992,-24.369616,1.079168
1.074835,74.862068,75.398224,0.499992,15.635865,1.08
0.98971,75.984009,75.398224,0.499992,59.37944,1.079947
0.996101,76.152428,75.398224,0.499992,35.698555,1.079211
1.05613,75.516922,75.398224,0.499992,-11.969665,1.078755
0.983582,74.676971,75.398224,0.499992,-43.680214,1.079081
1.133054,74.484444,75.398224,0.499992,-30.968172,1.079871
1.037149,74.397217,75.398224,0.499992,-20.798569,1.080737
1.227162,74.02356,75.398224,0.499992,-27.722116,1.081846
1.146665,74.545654,75.398224,0.499992,11.927794,1.082936
1.14455,75.667229,75.398224,0.499992,59.360363,1.083239
1.135681,76.560059,75.398224,0.499992,68.994957,1.082451
1.021478,76.273209,75.398224,0.499992,21.771547,1.081459
0.977102,75.43454,75.398224,0.499992,-26.268091,1.081071
0.984271,75.155029,75.398224,0.499992,-25.152264,1.081228
1.116949,75.230392,75.398224,0.499992,-9.637069,1.081425
1.004505,74.909256,75.398224,0.499992,-20.455246,1.081711
1.166776,74.947823,75.398224,0.499992,-6.852582,1.082169
1.080865,76.042,75.398224,0.499992,49.098171,1.082166
1.210904,76.978989,75.398224,0.499992,68.199066,1.081109
1.100835,76.833763,75.398224,0.499992,27.148685,1.079647
1.055337,75.867348,75.398224,0.499992,-31.478006,1.078739
1.057397,75.173431,75.398224,0.499992,-47.756622,1.07867
0.991609,75.043175,75.398224,0.499992,-31.665941,1.078934
1.098989,74.682503,75.398224,0.499992,-34.163807,1.079407
0.987225,74.417465,75.398224,0.499992,-29.53611,1.080217
1.179748,75.018913,75.398224,0.499992,15.158916,1.080933
1.043345,76.179008,75.398224,0.499992,62.313843,1.080765
1.251428,76.369827,75.398224,0.499992,40.244392,1.079902
1.061056,75.647652,75.398224,0.499992,-12.844398,1.079311
1.122165,74.706451,75.398224,0.499992,-48.913975,1.079564
1.016463,74.530411,75.398224,0.499992,-33.786007,1.080297
1.013974,74.297371,75.398224,0.499992,-31.030651,1.08113
1.038476,73.981682,75.398224,0.499992,-31.014973,1.082281
0.976891,74.210548,75.398224,0.499992,-4.449322,1.083517
1.154471,75.383881,75.398224,0.499992,52.198135,1.084073
0.99505,76.218788,75.398224,0.499992,63.471405,1.0836
1.088705,75.823761,75.398224,0.499992,13.368842,1.082959
1.086425,75.111336,75.398224,0.499992,-26.310392,1.082877
1.201698,74.770401,75.398224,0.499992,-28.835285,1.083333
1.11878,74.930962,75.398224,0.499992,-8.188561,1.083819
1.069074,74.542671,75.398224,0.499992,-23.182323,1.084403
1.061019,74.807091,75.398224,0.499992,1.013688,1.085094
0.999225,75.760399,75.398224,0.499992,47.069092,1.085279
1.175241,77.027557,75.398224,0.499992,82.722649,1.08433
0.986808,77.055206,75.398224,0.499992,43.917027,1.082778
1.072793,76.245819,75.398224,0.499992,-14.245937,1.081626
1.013792,75.601746,75.398224,0.499992,-34.723213,1.081235
1.27129,75.386658,75.398224,0.499992,-28.667763,1.081153
1.107692,75.294609,75.398224,0.499992,-20.522091,1.081173
1.124952,74.925247,75.398224,0.499992,-26.895964,1.08148
1.135063,75.501183,75.398224,0.499992,15.556654,1.08175
1.038395,76.512878,75.398224,0.499992,54.82518,1.081189
1.005753,76.77504,75.398224,0.499992,38.317371,1.079948
0.986991,76.022423,75.398224,0.499992,-16.098074,1.078979
1.146417,75.079918,75.398224,0.499992,-51.229992,1.078875
0.9942,74.849182,75.398224,0.499992,-37.87492,1.079282
1.110369,74.561508,75.398224,0.499992,-35.375019,1.079861
1.075263,74.223221,75.398224,0.499992,-34.507336,1.080781
1.207483,74.461159,75.398224,0.499992,-3.76865,1.081814
1.119599,75.565033,75.398224,0.499992,48.605953,1.082172
1.09608,76.216148,75.398224,0.499992,53.148914,1.081625
0.98409,75.773643,75.398224,0.499992,6.12907,1.081022
1.000208,74.862671,75.398224,0.499992,-39.29483,1.081083
1.160086,74.583443,75.398224,0.499992,-32.699234,1.08174
0.979441,74.58847,75.398224,0.499992,-17.980394,1.082456
1.152309,74.265869,75.398224,0.499992,-25.367119,1.083316
1.02433,74.370712,75.398224,0.499992,-8.014649,1.08432
1.264596,75.364159,75.398224,0.499992,44.463589,1.08489
1.115638,76.444649,75.398224,0.499992,72.271782,1.084379
1.167788,76.40609,75.398224,0.499992,34.093353,1.083352
1.097449,75.726128,75.398224,0.499992,-13.744719,1.082722
1.043692,75.240822,75.398224,0.499992,-27.181726,1.082731
1.010165,75.378113,75.398224,0.499992,-7.659751,1.082829
0.981306,75.174904,75.398224,0.499992,-14.430008,1.082913
1.152263,75.070801,75.398224,0.499992,-11.625325,1.083195
0.981454,75.771049,75.398224,0.499992,29.248571,1.08327
1.066115,76.880486,82.728607,0.499992,66.852852,1.082421
1.045813,77.170799,82.728607,0.499992,46.416622,1.080842
1.227347,76.362709,82.728607,0.499992,-14.086411,1.079548
1.111093,75.548676,82.728607,0.499992,-43.019234,1.079106
1.090226,75.188896,82.728607,0.499992,-38.059582,1.079191
1.139617,75.021149,82.728607,0.499992,-28.683954,1.079442
1.007229,74.63089,82.728607,0.499992,-31.669357,1.080021
1.049554,74.807968,82.728607,0.499992,-6.247928,1.080722
0.986721,75.828789,82.728607,0.499992,44.414505,1.080813
1.164244,76.398766,82.728607,0.499992,47.707409,1.080078
1.009587,75.880211,82.728607,0.499992,-0.102811,1.079349
1.081423,74.84742,82.728607,0.499992,-47.49403,1.079394
1.08194,74.532043,82.728607,0.499992,-38.266525,1.080096
1.152699,74.412628,82.728607,0.499992,-26.127218,1.08094
1.135867,74.123878,82.728607,0.499992,-27.314648,1.081967
1.04351,74.103203,82.728607,0.499992,-14.7218,1.083167
1.088157,75.092087,82.728607,0.499992,39.552303,1.083947
0.987587,76.182709,82.728607,0.499992,69.493752,1.083657
1.077861,76.125984,82.728607,0.499992,32.65181,1.082901
0.978585,75.292557,82.728607,0.499992,-21.970881,1.08259
1.16383,74.754463,82.728607,0.499992,-34.91114,1.083579
1.024469,74.831581,82.728607,0.499992,-15.005336,1.086584
1.354205,74.617905,82.728607,0.499992,-19.139315,1.091514
1.003278,74.839737,82.728607,0.499992,1.675597,1.098353
1.372624,75.992081,82.728607,0.499992,58.20573,1.105136
0.972186,78.054161,82.728607,0.499992,125.387688,1.110285
1.309662,79.249901,82.728607,0.499992,119.341347,1.113883
1.003187,79.307175,82.728607,0.499992,64.419945,1.116968
1.233143,79.240143,82.728607,0.499992,33.038208,1.12016
1.071546,79.743332,82.728607,0.499992,41.438389,1.123118
1.244802,80.149811,82.728607,0.499992,40.978493,1.125642
1.209416,80.268089,82.728607,0.499992,28.273512,1.127966
1.116511,81.49337,82.728607,0.499992,74.550491,1.129727
1.4002,83.142143,82.728607,0.499992,115.606758,1.130077
1.019584,83.603081,82.728607,0.499992,79.381142,1.12936
1.230129,82.76886,82.728607,0.499992,1.293885,1.128856
0.98977,82.085762,82.728607,0.499992,-29.475466,1.129176
1.096686,82.095367,82.728607,0.499992,-14.695477,1.129779
1.039667,81.91507,82.728607,0.499992,-15.950686,1.130444
1.20999,82.097763,82.728607,0.499992,2.16417,1.131171
1.170014,83.176659,82.728607,0.499992,53.239109,1.131325
1.11486,84.359718,82.728607,0.499992,79.9823,1.130269
1.323486,84.077347,82.728607,0.499992,26.377529,1.128803
1.01689,83.118362,82.728607,0.499992,-30.5417,1.127996
1.158985,82.584686,82.728607,0.499992,-37.735138,1.127994
0.984829,82.438103,82.728607,0.499992,-26.929939,1.128199
1.410382,82.28389,82.728607,0.499992,-19.768591,1.128595
1.036246,82.789856,82.728607,0.499992,15.621338,1.128857
1.197343,84.173523,82.728607,0.499992,73.716988,1.128211
1.178837,84.751244,82.728607,0.499992,63.041214,1.126525
1.126662,84.208855,82.728607,0.499992,7.064993,1.124873
1.26633,83.202797,82.728607,0.499992,-41.437778,1.124033
1.023921,83.105011,82.728607,0.499992,-27.299147,1.123629
1.205268,83.019363,82.728607,0.499992,-19.94483,1.123284
0.977909,83.190331,82.728607,0.499992,-3.090425,1.122931
1.14685,84.278725,82.728607,0.499992,51.180279,1.122092
1.002411,85.351639,82.728607,0.499992,74.090294,1.120099
1.051891,85.29557,82.728607,0.499992,34.682713,1.117652
1.071883,84.084,82.728607,0.499992,-37.192146,1.115878
1.11475,83.396446,82.728607,0.499992,-48.887695,1.115052
1.193333,83.066116,82.728607,0.499992,-40.749146,1.114624
1.106091,82.870552,82.728607,0.499992,-30.668509,1.114415
1.316107,83.156044,82.728607,0.499992,-1.430302,1.114215
1.013645,84.301231,82.728607,0.499992,51.307247,1.113274
1.205267,84.618958,82.728607,0.499992,39.122925,1.111596
0.991036,83.797615,82.728607,0.499992,-19.360998,1.110173
1.133795,82.698227,82.728607,0.499992,-59.300598,1.109764
0.992362,82.289284,82.728607,0.499992,-50.343937,1.109994
1.061733,82.055038,82.728607,0.499992,-38.659954,1.110476
1.03882,82.069458,82.728607,0.499992,-19.457487,1.111101
1.184225,82.93277,82.728607,0.499992,31.92561,1.111389
1.121846,83.969551,82.728607,0.499992,62.803505,1.110656
1.156954,83.858459,82.728607,0.499992,27.136707,1.109528
1.23384,82.714058,82.728607,0.499992,-38.658752,1.109016
1.06616,82.192146,82.728607,0.499992,-43.65918,1.109308
1.335593,82.100075,82.728607,0.499992,-27.751123,1.109837
1.010045,82.049286,82.728607,0.499992,-16.584867,1.110451
1.1462,82.463379,82.728607,0.499992,13.619666,1.110986
0.987043,83.759026,82.728607,0.499992,67.740242,1.110653
1.180405,84.502136,82.728607,0.499992,67.895744,1.109281
0.986105,83.873878,82.728607,0.499992,4.165038,1.107854
1.09422,82.982605,82.728607,0.499992,-38.266525,1.107238
1.044729,82.741432,82.728607,0.499992,-30.35771,1.107161
1.158971,82.616119,82.728607,0.499992,-21.710403,1.107219
1.151369,82.538132,82.728607,0.499992,-13.915633,1.107401
1.162995,83.380173,82.728607,0.499992,35.461353,1.107314
1.201458,84.427788,82.728607,0.499992,67.063461,1.106231
1.073981,84.385094,82.728607,0.499992,32.488964,1.104653
1.107248,83.19397,82.728607,0.499992,-38.039955,1.103679
0.993756,82.393684,82.728607,0.499992,-54.945999,1.103699
1.170736,82.028488,82.728607,0.499992,-45.744003,1.104194
0.969601,81.751572,82.728607,0.499992,-38.12389,1.104933
1.160205,81.939201,82.728607,0.499992,-9.504364,1.105806
0.988277,82.976089,82.728607,0.499992,43.472301,1.106073
1.092074,83.71447,82.728607,0.499992,54.532124,1.105411
1.026952,83.084663,82.728607,0.499992,-3.235712,1.104697
1.038787,82.065826,82.728607,0.499992,-48.423244,1.104847
1.096948,81.503838,82.728607,0.499992,-50.685867,1.105754
1.157929,81.467926,82.728607,0.499992,-28.89698,1.106882
1.202724,81.280502,82.728607,0.499992,-23.89817,1.108129
1.110621,82.028732,82.728607,0.499992,24.603456,1.10919
1.325521,83.289825,82.728607,0.499992,71.766655,1.109262
0.996653,83.718552,82.728607,0.499992,55.168777,1.10845
1.177742,82.97316,82.728607,0.499992,-5.445436,1.107867
0.995287,82.097206,82.728607,0.499992,-41.142231,1.108119
1.207451,81.999382,82.728607,0.499992,-25.076105,1.108787
0.989577,81.935631,82.728607,0.499992,-16.949818,1.109464
1.062186,82.203529,82.728607,0.499992,4.827641,1.110109
1.024096,83.326958,82.728607,0.499992,56.986156,1.110153
1.173443,84.478592,82.728607,0.499992,81.347359,1.109003
1.077859,84.277931,82.728607,0.499992,31.351921,1.107401
1.133104,83.185242,82.728607,0.499992,-34.232597,1.106479
1.180954,82.453163,82.728607,0.499992,-51.415722,1.106424
1.092601,82.396797,82.728607,0.499992,-30.32411,1.106696
1.301246,82.082298,82.728607,0.499992,-29.480515,1.107192
1.029155,82.532661,82.728607,0.499992,6.204511,1.107609
1.116114,83.777046,82.728607,0.499992,61.572723,1.10724
0.990718,84.190773,82.728607,0.499992,48.822311,1.105989
1.144092,83.319855,82.728607,0.499992,-17.136402,1.104959
0.979996,82.158569,82.728607,0.499992,-63.407642,1.104936
1.11672,81.820412,82.728607,0.499992,-48.457539,1.105646
1.008605,81.509621,82.728607,0.499992,-41.757675,1.106576
1.139123,81.535927,82.728607,0.499992,-20.558586,1.107691
1.073996,82.248413,82.728607,0.499992,23.668097,1.108512
1.162237,83.505447,82.728607,0.499992,68.379478,1.108293
1.20112,83.465469,82.728607,0.499992,31.612158,1.107502
1.120176,82.530457,82.728607,0.499992,-27.634565,1.107212
1.247552,81.737114,82.728607,0.499992,-49.878189,1.10781
1.046495,81.635475,82.728607,0.499992,-31.381893,1.108761
1.184676,81.529762,82.728607,0.499992,-20.564196,1.109839
0.990651,81.78051,82.728607,0.499992,3.231262,1.1109
1.190756,83.058441,82.728607,0.499992,63.722652,1.111269
0.981471,84.048843,82.728607,0.499992,77.950241,1.11045
1.093942,83.737587,82.728607,0.499992,25.257578,1.109321
1.013705,82.823288,82.728607,0.499992,-28.295998,1.108832
1.01577,82.420158,82.728607,0.499992,-31.860704,1.108993
1.086666,82.350716,82.728607,0.499992,-20.250685,1.109308
1.1256,82.378036,82.728607,0.499992,-7.398068,1.109709
1.194939,82.977455,82.728607,0.499992,27.505449,1.109877
1.111436,84.357269,82.728607,0.499992,79.052139,1.109033
1.299347,84.524948,82.728607,0.499992,47.484501,1.10739
1.026857,83.63298,82.728607,0.499992,-18.98078,1.106059
1.161724,82.711594,82.728607,0.499992,-51.152576,1.105706
0.997696,82.372803,82.728607,0.499992,-41.91576,1.105916
1.210537,82.072159,82.728607,0.499992,-34.955891,1.106421
0.981216,82.074356,82.728607,0.499992,-16.411552,1.10709
1.062311,83.068764,82.728607,0.499992,40.210892,1.107328
1.014532,83.877563,82.728607,0.499992,56.592194,1.106574
1.115005,83.595535,82.728607,0.499992,15.946874,1.10561
1.068806,82.353508,82.728607,0.499992,-49.141582,1.105386
1.159921,81.790955,82.728607,0.499992,-51.708996,1.106007
1.150533,81.480919,82.728607,0.499992,-43.834702,1.106952
1.133345,81.368851,82.728607,0.499992,-27.71855,1.108169
1.293946,81.724907,82.728607,0.499992,3.916952,1.109325
1.044819,83.039024,82.728607,0.499992,62.820789,1.109631
1.124684,83.509705,82.728607,0.499992,51.580704,1.109011
0.996403,82.93882,82.728607,0.499992,-1.030047,1.108482
1.172213,82.02787,82.728607,0.499992,-40.350666,1.10878
0.976131,81.932396,82.728607,0.499992,-24.182888,1.109522
1.180986,81.811104,82.728607,0.499992,-18.729633,1.110301
1.00666,81.826828,82.728607,0.499992,-9.609611,1.111122
1.132633,82.876343,82.728607,0.499992,45.942207,1.111542
1.077132,84.167099,82.728607,0.499992,83.022186,1.110776
1.147988,84.287987,82.728607,0.499992,47.134907,1.109315
1.197394,83.313438,82.728607,0.499992,-21.627861,1.108282
1.1159,82.787346,82.728607,0.499992,-33.270638,1.108072
1.247281,82.59726,82.728607,0.499992,-24.5888,1.108174
1.039243,82.424042,82.728607,0.499992,-19.925022,1.108411
1.194914,82.603691,82.728607,0.499992,0.79333,1.108706
0.99535,83.768829,82.728607,0.499992,56.341866,1.108351
1.134704,84.407829,82.728607,0.499992,57.740891,1.107047
0.978795,83.746513,82.728607,0.499992,-2.161863,1.105738
1.10797,82.529396,82.728607,0.499992,-56.830421,1.105389
0.997664,82.0774,82.728607,0.499992,-50.626873,1.105804
1.02899,81.890251,82.728607,0.499992,-36.352451,1.106465
1.081123,81.665192,82.728607,0.499992,-29.706041,1.107347
1.172103,82.3339,82.728607,0.499992,16.796021,1.108065
1.190727,83.483223,82.728607,0.499992,60.267799,1.107841
1.12082,83.678154,82.728607,0.499992,37.319424,1.106933
1.282225,82.691208,82.728607,0.499992,-27.353756,1.106463
1.047476,81.84124,82.728607,0.499992,-52.008274,1.106948
1.163284,81.611946,82.728607,0.499992,-38.021309,1.10788
1.001196,81.458961,82.728607,0.499992,-28.816442,1.108923
1.229098,81.640884,82.728607,0.499992,-6.680911,1.110007
0.98983,82.876595,82.728607,0.499992,55.443913,1.11049
1.096112,83.916122,82.728607,0.499992,76.298271,1.10983
1.011334,83.632423,82.728607,0.499992,25.085344,1.108793
1.10146,82.655022,82.728607,0.499992,-32.176109,1.108402
1.0711,82.169785,82.728607,0.499992,-38.916714,1.108722
1.161089,82.273651,82.728607,0.499992,-16.213064,1.109178
1.145764,82.164688,82.728607,0.499992,-12.798005,1.109678
1.124595,82.89415,82.728607,0.499992,29.634249,1.10994
1.293427,84.170631,82.728607,0.499992,75.742538,1.109236
1.036686,84.71125,82.728607,0.499992,62.657997,1.107575
1.060108,83.844467,82.728607,0.499992,-7.937938,1.10612
0.974267,82.740982,82.728607,0.499992,-54.446304,1.105637
1.162108,82.425827,82.728607,0.499992,-42.38131,1.105811
0.978807,82.084412,82.728607,0.499992,-39.516998,1.106217
1.382346,82.17141,82.728607,0.499992,-15.769496,1.106803
1.013097,82.977669,82.728607,0.499992,32.095638,1.107048
1.194783,84.020622,82.728607,0.499992,64.700943,1.106319
1.069923,83.641281,82.728607,0.499992,13.749257,1.105213
1.130498,82.623009,82.728607,0.499992,-41.306187,1.104792
1.176408,81.814903,82.728607,0.499992,-58.089783,1.105306
1.141473,81.649109,82.728607,0.499992,-38.910248,1.106212
1.239523,81.470222,82.728607,0.499992,-28.105331,1.107308
1.061979,81.752144,82.728607,0.499992,0.060037,1.108392
1.247012,82.930901,82.728607,0.499992,55.092628,1.108762
0.993487,83.74675,82.728607,0.499992,63.673531,1.108085
1.144885,83.238525,82.728607,0.499992,8.333736,1.107315
0.982262,82.230026,82.728607,0.499992,-41.571011,1.10733
1.131692,81.919319,82.728607,0.499992,-34.716343,1.107988
0.995366,81.7089,82.728607,0.499992,-29.983053,1.108776
1.169298,81.820366,82.728607,0.499992,-10.521809,1.109666
1.062973,82.636971,82.728607,0.499992,34.784866,1.110205
1.169196,84.141754,82.728607,0.499992,88.091568,1.109593
1.159988,84.399437,82.728607,0.499992,56.692215,1.108106
1.118336,83.561989,82.728607,0.499992,-9.249816,1.106938
1.24882,82.64138,82.728607,0.499992,-45.106281,1.106677
1.06136,82.460419,82.728607,0.499992,-32.016071,1.106855
1.156808,82.259605,82.728607,0.499992,-25.580923,1.107217
1.016682,82.416168,82.728607,0.499992,-4.317905,1.10764
1.228457,83.452385,82.728607,0.499992,48.687511,1.10755
0.987319,84.264717,82.728607,0.499992,61.256844,1.106442
1.041961,83.76664,82.728607,0.499992,6.877702,1.105179
1.000616,82.623055,82.728607,0.499992,-49.637249,1.10474
1.092374,82.037651,82.728607,0.499992,-50.667034,1.105201
1.040121,81.700607,82.728607,0.499992,-42.992012,1.105984
1.189622,81.531731,82.728607,0.499992,-30.276772,1.107016
1.118713,81.876114,82.728607,0.499992,1.247529,1.108001
1.161166,83.234467,82.728607,0.499992,63.159561,1.108142
1.246151,83.546661,82.728607,0.499992,45.907249,1.107461
1.074336,82.85434,82.728607,0.499992,-8.658045,1.106988
1.330837,81.880836,82.728607,0.499992,-47.680534,1.107386
1.015534,81.659157,82.728607,0.499992,-36.142956,1.108251
1.148433,81.408134,82.728607,0.499992,-32.306793,1.109297
0.980916,81.570251,82.728607,0.499992,-9.372621,1.110438
1.209676,82.657379,82.728607,0.499992,48.549515,1.111099
0.998193,83.841064,82.728607,0.499992,78.718491,1.110563
1.062475,83.878036,82.728607,0.499992,42.061241,1.10947
1.048002,82.868004,82.728607,0.499992,-25.665483,1.10884
1.156259,82.561043,82.728607,0.499992,-25.406002,1.10893
1.150436,82.467918,82.728607,0.499992,-16.563591,1.109171
1.158123,82.396858,82.728607,0.499992,-10.779557,1.109483
1.218659,82.638992,82.728607,0.499992,7.790306,1.109753
1.068907,83.982506,82.728607,0.499992,66.961906,1.109241
1.142259,84.592026,82.728607,0.499992,60.356712,1.1077
0.994439,84.004616,82.728607,0.499992,1.7226,1.106159
1.134883,82.89579,82.728607,0.499992,-49.470921,1.10553
0.976975,82.476692,82.728607,0.499992,-44.713711,1.105611
1.128063,82.231476,82.728607,0.499992,-35.721333,1.105942
0.988198,82.04528,82.728607,0.499992,-28.033831,1.106476
1.138546,82.814636,82.728607,0.499992,23.514181,1.106836
1.039871,83.855957,82.728607,0.499992,59.655331,1.106249
1.130039,83.878517,82.728607,0.499992,31.065908,1.105146
1.123275,82.736237,82.728607,0.499992,-38.03199,1.104564
1.107338,81.955528,82.728607,0.499992,-55.141876,1.104955
1.219268,81.687263,82.728607,0.499992,-41.889202,1.105788
1.095066,81.558464,82.728607,0.499992,-28.902294,1.106777
1.350455,81.755852,82.728607,0.499992,-4.276244,1.107819
1.021337,82.851562,82.728607,0.499992,50.484562,1.108273
1.225758,83.640686,82.728607,0.499992,61.103466,1.10772
0.995142,83.268867,82.728607,0.499992,13.033216,1.106976
1.132548,82.165604,82.728607,0.499992,-43.863888,1.106995
0.999981,81.777283,82.728607,0.499992,-39.728596,1.107741
1.088814,81.729866,82.728607,0.499992,-22.5741,1.108659
1.025864,81.660881,82.728607,0.499992,-14.804176,1.10962
1.196098,82.361427,82.728607,0.499992,27.357168,1.110361
1.094565,83.710854,82.728607,0.499992,76.611145,1.110067
1.177309,84.311768,82.728607,0.499992,66.266289,1.108806
1.21563,83.577835,82.728607,0.499992,0.399721,1.10766
1.087586,82.643997,82.728607,0.499992,-41.194908,1.107371
1.316661,82.414238,82.728607,0.499992,-31.712633,1.107589
1.022907,82.340477,82.728607,0.499992,-20.678814,1.107902
1.123375,82.40686,82.728607,0.499992,-6.971775,1.108259
0.990336,83.419724,82.728607,0.499992,45.116623,1.108151
1.196043,84.392632,82.728607,0.499992,67.243828,1.107015
0.984288,84.18055,82.728607,0.499992,24.182365,1.105528
1.050509,82.969849,82.728607,0.499992,-43.193272,1.104755
1.016507,82.203453,82.728607,0.499992,-56.896202,1.104944
1.165796,81.998825,82.728607,0.499992,-39.384773,1.105537
1.118205,81.670265,82.728607,0.499992,-34.991791,1.1064
1.176288,82.129456,82.728607,0.499992,5.290122,1.107235
1.209078,83.327057,82.728607,0.499992,59.366508,1.107279
1.100084,84.14222,82.728607,0.499992,66.086105,1.106244
1.271521,83.65387,82.728607,0.499992,11.37989,1.105131
1.031494,82.694527,82.728607,0.499992,-37.517727,1.104752
1.175449,82.468407,82.728607,0.499992,-30.242207,1.104901
0.884894,-498.527557,82.728607,0.499992,-30084.582031,1.105071
2.023293,-82.796227,82.728607,0.499992,1849.465454,1.105071
1.200013,30.258476,82.728607,0.499992,5877.162109,1.11931
1.261978,59.347374,82.728607,0.499992,4423.777832,1.151145
1.306562,77.891991,82.728607,0.499992,3247.554199,1.164335
1.195707,91.165298,82.728607,0.499992,2325.507324,1.161592
1.052271,91.472115,82.728607,0.499992,1241.331909,1.153046
1.292243,88.555931,82.728607,0.499992,540.837952,1.146688
0.995325,91.781914,82.728607,0.499992,455.170441,1.140405
0.965189,95.825386,82.728607,0.499992,422.728424,1.130037
1.050449,96.051819,82.728607,0.499992,228.27562,1.117716
0.95246,94.508392,82.728607,0.499992,50.451775,1.106269
1.122428,93.01844,82.728607,0.499992,-39.914799,1.09629
0.978268,92.609009,82.728607,0.499992,-39.125702,1.087157
0.904987,91.747375,82.728607,0.499992,-63.053047,1.078445
0.984644,90.725761,82.728607,0.499992,-80.276237,1.070732
0.913897,90.699631,82.728607,0.499992,-40.626907,1.06359
0.994542,91.743126,82.728607,0.499992,24.16655,1.055786
0.936235,91.389679,82.728607,0.499992,-7.243651,1.047623
0.923624,89.587723,82.728607,0.499992,-89.399261,1.040493
0.938246,87.850044,82.728607,0.499992,-126.061745,1.035124
0.991597,87.010574,82.728607,0.499992,-106.127518,1.030861
0.939253,86.802666,82.728607,0.499992,-65.768196,1.027091
1.022691,87.125504,82.728607,0.499992,-19.272593,1.023272
0.917063,87.675201,82.728607,0.499992,13.58779,1.018974
0.97589,87.369545,82.728607,0.499992,-8.370986,1.014561
0.92171,85.984993,82.728607,0.499992,-69.405617,1.010946
0.987402,84.887665,82.728607,0.499992,-86.30127,1.008538
1.114622,84.107567,82.728607,0.499992,-82.592026,1.00693
1.00555,83.716934,82.728607,0.499992,-62.023926,1.005862
1.054676,83.728561,82.728607,0.499992,-30.346659,1.005037
1.028449,84.728592,82.728607,0.499992,31.129417,1.003705
1.020458,84.966125,82.728607,0.499992,24.690603,1.001684
0.860614,84.150444,82.728607,0.499992,-27.993998,0.999907
0.987652,82.974464,82.728607,0.499992,-69.08503,0.999159
0.992089,82.467926,82.728607,0.499992,-57.965218,0.999248
0.994321,81.970337,82.728607,0.499992,-54.502941,0.999703
1.053682,81.874809,82.728607,0.499992,-33.419643,1.000445
0.985716,82.402397,82.728607,0.499992,8.941236,1.001062
1.032415,83.190712,82.728607,0.499992,39.22134,1.000937
0.981864,83.184799,82.728607,0.499992,18.967802,1.000456
0.938985,81.928398,82.728607,0.499992,-49.251583,1.000579
0.980715,80.992287,82.728607,0.499992,-67.895737,1.001789
1.120658,80.408417,82.728607,0.499992,-62.21209,1.003681
1.060659,80.098221,82.728607,0.499992,-46.283211,1.005976
1.050485,79.890213,82.728607,0.499992,-33.687023,1.008495
0.925147,80.742676,82.728607,0.499992,21.840666,1.010703
1.015949,81.401093,82.728607,0.499992,39.67598,1.012129
1.043149,81.090279,82.728607,0.499992,5.508653,1.013431
0.981119,79.958038,82.728607,0.499992,-49.833214,1.01543
1.047237,79.399551,82.728607,0.499992,-50.549728,1.018269
0.977314,79.121941,82.728607,0.499992,-39.247643,1.021452
1.082704,78.908478,82.728607,0.499992,-28.939083,1.024895
0.972034,79.125923,82.728607,0.499992,-2.632043,1.028363
1.107185,80.226379,82.728607,0.499992,50.658161,1.031177
0.984253,80.984703,82.728607,0.499992,60.000652,1.033032
1.089169,80.631302,82.728607,0.499992,14.606665,1.03475
1.017876,79.810997,82.728607,0.499992,-30.041405,1.037025
1.128638,79.454613,82.728607,0.499992,-31.752748,1.039886
1.02629,79.457458,82.728607,0.499992,-17.56905,1.042842
1.106238,79.470985,82.728607,0.499992,-6.924526,1.045873
1.039,80.105026,82.728607,0.499992,28.488564,1.048639
1.114038,81.511307,82.728607,0.499992,80.362221,1.050387
1.042958,82.285858,82.728607,0.499992,75.896019,1.051038
1.082116,81.836578,82.728607,0.499992,18.46126,1.051597
1.041635,81.086975,82.728607,0.499992,-23.189993,1.052798
1.080279,80.796501,82.728607,0.499992,-24.550327,1.054471
1.041412,80.768204,82.728607,0.499992,-14.078298,1.056252
1.101417,80.678535,82.728607,0.499992,-9.846099,1.05814
1.035608,81.466972,82.728607,0.499992,33.829033,1.05973
1.119823,82.778717,82.728607,0.499992,78.483963,1.060269
1.02804,83.034424,82.728607,0.499992,52.224258,1.060047
1.099986,82.147568,82.728607,0.499992,-13.805338,1.060148
1.018366,81.339561,82.728607,0.499992,-43.272152,1.061093
1.13307,81.075333,82.728607,0.499992,-34.842709,1.0625
1.000053,80.889397,82.728607,0.499992,-27.046186,1.064095
1.157673,80.863831,82.728607,0.499992,-14.687381,1.065815
0.984141,81.88868,82.728607,0.499992,40.495651,1.067075
1.12547,83.000572,82.728607,0.499992,71.232025,1.067272
0.974893,82.883476,82.728607,0.499992,30.259888,1.066998
1.07326,81.93811,82.728607,0.499992,-27.912378,1.067272
0.977363,81.242348,82.728607,0.499992,-45.391212,1.068369
1.105183,81.109421,82.728607,0.499992,-30.027052,1.069798
0.9762,81.032845,82.728607,0.499992,-18.998533,1.071328
1.125528,81.367508,82.728607,0.499992,8.105023,1.072807
0.983261,82.67733,82.728607,0.499992,66.065712,1.073485
1.064739,83.597183,82.728607,0.499992,75.40667,1.073025
0.989603,83.240509,82.728607,0.499992,20.647804,1.072293
1.006874,82.392128,82.728607,0.499992,-28.266491,1.072207
0.99385,82.056587,82.728607,0.499992,-29.541805,1.072705
1.037369,82.080315,82.728607,0.499992,-14.907865,1.073302
1.00873,82.218613,82.728607,0.499992,-0.820554,1.073853
0.999607,82.989975,82.728607,0.499992,38.580555,1.074073
1.040368,84.32415,82.728607,0.499992,81.468445,1.073195
0.964828,84.719337,82.728607,0.499992,60.259781,1.071502
1.059773,83.788536,82.728607,0.499992,-12.129434,1.070072
1.045815,82.802444,82.728607,0.499992,-50.736706,1.069602
1.089509,82.361061,82.728607,0.499992,-47.726635,1.069739
1.100203,82.346283,82.728607,0.499992,-25.746866,1.070092
1.121077,82.392036,82.728607,0.499992,-10.743391,1.070453
1.086967,83.454033,82.728607,0.499992,43.957687,1.070291
1.170575,84.235359,82.728607,0.499992,56.853649,1.06918
1.040296,83.906357,82.728607,0.499992,13.407151,1.067896
1.173549,82.798332,82.728607,0.499992,-43.810482,1.067338
1.056882,82.15609,82.728607,0.499992,-51.760551,1.067617
1.209139,81.730469,82.728607,0.499992,-48.006767,1.068321
1.098315,81.723213,82.728607,0.499992,-24.842543,1.069268
1.251768,82.15432,82.728607,0.499992,10.072247,1.070102
1.075458,83.432106,82.728607,0.499992,64.642479,1.070043
1.083492,83.711418,82.728607,0.499992,45.061546,1.069195
1.055775,83.187119,82.728607,0.499992,-1.580836,1.068484
1.049906,82.321968,82.728607,0.499992,-38.77916,1.06853
1.037398,82.041878,82.728607,0.499992,-32.540024,1.069067
1.103827,81.778236,82.728607,0.499992,-29.681286,1.069815
1.002323,82.041328,82.728607,0.499992,-2.343004,1.0706
1.149553,82.997871,82.728607,0.499992,45.744736,1.070882
1.004224,84.215385,82.728607,0.499992,78.139008,1.069993
1.120948,84.18425,82.728607,0.499992,37.671856,1.068564
0.997062,83.368057,82.728607,0.499992,-18.66062,1.067573
1.116902,82.78038,82.728607,0.499992,-35.393761,1.067318
0.99192,82.523979,82.728607,0.499992,-31.520638,1.067372
1.138765,82.444572,82.728607,0.499992,-19.446396,1.067623
0.984116,82.717316,82.728607,0.499992,4.76067,1.067841
1.00975,84.000931,82.728607,0.499992,62.643242,1.067286
0.984821,84.509872,82.728607,0.499992,54.779625,1.065816
0.972686,83.792061,82.728607,0.499992,-5.556397,1.064466
0.985302,82.710655,82.728607,0.499992,-52.765633,1.064
0.996847,82.275162,82.728607,0.499992,-46.278385,1.064282
0.992607,81.903717,82.728607,0.499992,-41.643597,1.064881
1.000626,81.805984,82.728607,0.499992,-26.428284,1.065692
1.001207,82.544853,82.728607,0.499992,21.577007,1.066248
1.061197,83.67205,82.728607,0.499992,62.683292,1.065865
1.007378,83.663139,82.728607,0.499992,31.439178,1.064953
0.935649,82.706841,82.728607,0.499992,-28.467232,1.064505
1.019382,81.878189,82.728607,0.499992,-52.670341,1.064935
1.119686,81.702682,82.728607,0.499992,-34.926971,1.065833
1.02381,81.547653,82.728607,0.499992,-24.771166,1.066875
1.105147,81.755013,82.728607,0.499992,-2.115136,1.067905
1.045667,82.885292,82.728607,0.499992,52.305473,1.068312
1.110811,83.692963,82.728607,0.499992,62.323048,1.067701
1.049711,83.306877,82.728607,0.499992,11.644608,1.066877
1.087902,82.518799,82.728607,0.499992,-30.564762,1.066692
1.078301,81.948578,82.728607,0.499992,-41.696636,1.067184
1.115553,81.91552,82.728607,0.499992,-24.703493,1.067884
1.088984,81.973701,82.728607,0.499992,-10.828626,1.068592
1.118655,82.840302,82.728607,0.499992,36.527287,1.068951
1.121278,84.050934,82.728607,0.499992,74.666122,1.068271
1.079087,84.517441,82.728607,0.499992,59.332588,1.066772
1.148055,83.701561,82.728607,0.499992,-6.636441,1.065496
1.064331,82.834007,82.728607,0.499992,-42.692158,1.06504
1.187497,82.491867,82.728607,0.499992,-38.668301,1.065104
1.105348,82.320145,82.728607,0.499992,-27.928875,1.065417
1.219343,82.486305,82.728607,0.499992,-5.352777,1.065774
1.090143,83.587105,82.728607,0.499992,51.140575,1.065586
1.24211,84.292381,82.728607,0.499992,57.318317,1.064401
1.071997,84.01429,82.728607,0.499992,15.097601,1.06301
1.150604,82.801262,82.728607,0.499992,-48.661556,1.062377
1.058716,82.19548,82.728607,0.499992,-53.450367,1.06261
1.190809,81.865105,82.728607,0.499992,-43.802555,1.063254
1.033899,81.630035,82.728607,0.499992,-33.888077,1.064166
1.163507,82.025391,82.728607,0.499992,1.945578,1.065045
1.023041,83.263351,82.728607,0.499992,57.685474,1.065099
1.017462,83.706589,82.728607,0.499992,48.670895,1.064316
1.023767,82.944405,82.728607,0.499992,-11.485517,1.063702
1.014526,81.964127,82.728607,0.499992,-50.872131,1.06397
1.007476,81.591774,82.728607,0.499992,-43.448761,1.06487
1.053874,81.308571,82.728607,0.499992,-36.498127,1.066036
0.99991,81.442665,82.728607,0.499992,-12.303852,1.067299
0.995432,83.693062,82.728607,0.499992,80.725113,1.067819
1.081758,84.208099,82.728607,0.499992,65.251526,1.06664
0.980859,83.633003,82.728607,0.499992,7.841528,1.065536
1.085662,83.149094,82.728607,0.499992,-16.235243,1.064999
0.978955,83.363197,82.728607,0.499992,1.675001,1.064533
1.099406,83.681946,82.728607,0.499992,16.416328,1.063834
0.978665,84.377281,82.728607,0.499992,43.131409,1.062713
1.100045,85.804306,82.728607,0.499992,90.847244,1.060616
0.977376,86.696121,82.728607,0.499992,85.902199,1.057277
1.004074,86.36187,82.728607,0.499992,27.0352,1.053701
0.980855,85.410774,82.728607,0.499992,-29.410736,1.050826
1.047874,84.831757,82.728607,0.499992,-40.44289,1.048719
0.979585,84.598694,82.728607,0.499992,-32.907619,1.046904
1.071667,84.886635,82.728607,0.499992,-4.550154,1.045062
0.982528,85.902725,82.728607,0.499992,45.701855,1.04267
1.033598,86.962677,82.728607,0.499992,68.261765,1.039218
0.983781,86.723709,82.728607,0.499992,24.736046,1.035392
1.025779,85.655579,82.728607,0.499992,-36.865582,1.032221
0.978864,84.847946,82.728607,0.499992,-56.5326,1.029949
1.030464,84.535484,82.728607,0.499992,-45.280849,1.028149
0.984141,84.566612,82.728607,0.499992,-20.991756,1.026551
1.027169,85.168282,82.728607,0.499992,20.156834,1.02472
0.991509,86.398949,82.728607,0.499992,66.777008,1.02191
0.964614,86.664719,82.728607,0.499992,44.662819,1.018336
0.992301,85.896912,82.728607,0.499992,-14.032586,1.015021
0.933852,85.002937,82.728607,0.499992,-46.646172,1.012617
0.996213,84.663742,82.728607,0.499992,-39.18758,1.010753
0.931934,84.677391,82.728607,0.499992,-18.51355,1.009044
0.996793,85.212326,82.728607,0.499992,16.980032,1.007093
1.071991,86.398628,82.728607,0.499992,64.899414,1.004323
0.970188,87.226662,82.728607,0.499992,70.337013,1.00051
0.894906,86.765129,82.728607,0.499992,14.206022,0.996557
0.953596,85.752937,82.728607,0.499992,-38.923481,0.993354
0.940165,85.111908,82.728607,0.499992,-49.947052,0.990916
0.873171,84.87542,82.728607,0.499992,-36.762821,0.988884
0.992218,85.038101,82.728607,0.499992,-11.552052,0.98688
0.941057,86.087547,82.728607,0.499992,41.520115,0.984355
0.946122,86.943588,82.728607,0.499992,60.337822,0.98081
0.95937,86.688644,82.728607,0.499992,18.030333,0.977006
0.855129,85.559036,82.728607,0.499992,-42.044182,0.973932
0.927885,84.688866,82.728607,0.499992,-60.586903,0.971831
0.928615,84.403168,82.728607,0.499992,-45.230213,0.970193
0.923597,84.279572,82.728607,0.499992,-28.661108,0.96877
0.834523,84.859268,82.728607,0.499992,15.111259,0.967209
1.000874,85.845337,82.728607,0.499992,52.769066,0.964796
0.862214,86.070763,82.728607,0.499992,36.075615,0.961765
0.938862,85.195412,82.728607,0.499992,-22.182011,0.959088
0.889157,84.198143,82.728607,0.499992,-54.987778,0.957395
0.951393,83.762299,82.728607,0.499992,-47.756687,0.95632
0.982108,83.651718,82.728607,0.499992,-29.988657,0.955456
0.953585,83.993683,82.728607,0.499992,1.383598,0.95451
0.959654,85.028526,82.728607,0.499992,49.530521,0.952918
0.853399,85.754822,82.728607,0.499992,57.010128,0.95039
0.961697,85.307152,82.728607,0.499992,6.523554,0.947734
0.948274,84.378494,82.728607,0.499992,-39.564354,0.945805
0.943289,83.986305,82.728607,0.499992,-37.335487,0.944547
0.897574,83.764,82.728607,0.499992,-29.683712,0.94353
0.961261,83.934441,82.728607,0.499992,-7.334204,0.942532
0.893028,84.73716,82.728607,0.499992,35.883503,0.94115
0.846364,85.919449,82.728607,0.499992,72.446564,0.938734
0.915261,85.955376,82.728607,0.499992,37.300182,0.935711
0.920688,84.885994,82.728607,0.499992,-32.051739,0.93318
0.860646,83.944359,82.728607,0.499992,-59.996441,0.931671
0.899125,83.562622,82.728607,0.499992,-48.667488,0.930778
0.927575,83.596466,82.728607,0.499992,-21.82822,0.930089
0.904642,84.105606,82.728607,0.499992,13.436245,0.92912
0.906379,85.400024,82.728607,0.499992,67.48774,0.927285
0.807095,86.106873,82.728607,0.499992,66.66449,0.924457
0.885466,85.727142,82.728607,0.499992,16.25596,0.921493
0.876185,84.951332,82.728607,0.499992,-25.272034,0.919173
0.944952,84.479408,82.728607,0.499992,-33.597801,0.917429
0.867458,84.404991,82.728607,0.499992,-21.446213,0.915871
0.946343,84.810989,82.728607,0.499992,8.148314,0.914184
0.910777,85.906013,82.728607,0.499992,56.744267,0.911849
0.891623,87.222816,82.728607,0.499992,87.960876,0.908243
0.868673,87.216232,82.728607,0.499992,43.447548,0.904046
0.835222,86.317787,82.728607,0.499992,-18.715086,0.900351
0.852425,85.553955,82.728607,0.499992,-44.519436,0.897468
0.886772,85.42881,82.728607,0.499992,-30.088045,0.894941
0.856865,85.772873,82.728607,0.499992,0.471012,0.892353
0.886127,86.821739,82.728607,0.499992,50.495541,0.889147
0.749575,88.401985,82.728607,0.499992,98.985748,0.884659
0.75496,88.78273,82.728607,0.499992,68.158524,0.879238
0.788731,88.619713,82.728607,0.499992,28.569782,0.873785
0.785453,88.394203,82.728607,0.499992,6.304583,0.868572
0.81808,88.573486,82.728607,0.499992,12.521279,0.863364
0.782685,89.415962,82.728607,0.499992,47.75354,0.857729
0.783115,91.167053,82.728607,0.499992,109.584824,0.850933
0.802507,93.337715,82.728607,0.499992,157.859818,0.842223
0.703925,94.612762,82.728607,0.499992,140.357574,0.831869
0.647339,94.130028,82.728607,0.499992,50.123878,0.821183
0.6804,93.422836,82.728607,0.499992,-6.066347,0.811122
0.584966,93.288513,82.728607,0.499992,-8.609091,0.801477
0.606508,94.152916,82.728607,0.499992,37.609821,0.791543
0.608339,95.889595,82.728607,0.499992,103.381378,0.780448
0.596195,97.821709,82.728607,0.499992,141.96196,0.767493
0.54597,98.272011,82.728607,0.499992,92.381165,0.753403
0.585068,97.346321,82.728607,0.499992,4.631371,0.739611
0.43614,96.413116,82.728607,0.499992,-40.317879,0.726743
0.534516,96.40126,82.728607,0.499992,-19.386265,0.714384
0.556929,97.512047,82.728607,0.499992,42.73642,0.70143
0.503421,99.628242,82.728607,0.499992,119.362968,0.686964
0.451151,100.905304,82.728607,0.499992,120.009224,0.670894
0.446103,100.358414,82.728607,0.499992,36.443184,0.654516
0.419847,99.25766,82.728607,0.499992,-32.069801,0.638956
0.411099,98.713562,82.728607,0.499992,-41.163612,0.624202
0.373104,99.496742,82.728607,0.499992,15.954419,0.609351
0.367406,101.460846,82.728607,0.499992,101.952606,0.593274
0.345239,103.003281,82.728607,0.499992,124.358345,0.575464
0.325573,102.656334,82.728607,0.499992,45.573475,0.557014
0.30981,101.444565,82.728607,0.499992,-33.430195,0.539372
0.265654,100.463135,82.728607,0.499992,-60.789883,0.522868
0.289112,100.669609,82.728607,0.499992,-19.717014,0.506745
0.279909,102.150169,82.728607,0.499992,60.287762,0.48982
0.235074,103.529701,82.728607,0.499992,92.32283,0.471394
0.120813,103.40451,82.728607,0.499992,39.732265,0.452388
0.207731,101.942337,82.728607,0.499992,-45.090893,0.434281
0.153498,100.617035,82.728607,0.499992,-82.969101,0.417487
0.18317,100.53038,82.728607,0.499992,-45.80928,0.401339
0.133988,101.583244,82.728607,0.499992,26.937414,0.384751
0.153212,102.937164,82.728607,0.499992,74.124168,0.366878
0.107139,102.863327,82.728607,0.499992,31.843899,0.348285
0.066319,101.36306,82.728607,0.499992,-54.426628,0.330579
0.068813,99.935265,82.728607,0.499992,-94.843147,0.314284
0.00616,99.489128,82.728607,0.499992,-67.56189,0.298953
0.062083,100.0541,82.728607,0.499992,-5.600588,0.283587
0.058537,101.277733,82.728607,0.499992,53.742664,0.267265
0.026584,101.213112,82.728607,0.499992,22.345821,0.250304
-0.014765,99.699455,82.728607,0.499992,-60.506943,0.234089
-0.004347,97.774452,82.728607,0.499992,-122.06749,0.219509
0.016138,96.509132,82.728607,0.499992,-121.860878,0.206462
0.031228,96.264626,82.728607,0.499992,-74.872612,0.194089
0.030315,96.651627,82.728607,0.499992,-22.397896,0.181597
0.022624,96.616852,82.728607,0.499992,-18.056824,0.168803
-0.005035,95.289268,82.728607,0.499992,-74.792221,0.156653
-0.077414,93.094749,82.728607,0.499992,-141.419052,0.146239
0.044287,91.246552,82.728607,0.499992,-159.418335,0.137718
0.056514,90.130424,82.728607,0.499992,-133.734512,0.130595
-0.019385,89.73555,82.728607,0.499992,-87.708031,0.124117
0.057593,89.948738,82.728607,0.499992,-37.120441,0.117647
0.02891,89.633408,82.728607,0.499992,-36.494061,0.111155
0.055486,88.334511,82.728607,0.499992,-82.163429,0.105387
0.015685,86.641075,82.728607,0.499992,-122.886971,0.10105
-0.012532,85.418266,82.728607,0.499992,-121.105232,0.098072
0.089034,84.582352,82.728607,0.499992,-100.651352,0.096108
0.005334,84.327461,82.728607,0.499992,-64.199249,0.094591
0.094059,84.868874,82.728607,0.499992,-8.010417,0.092931
0.080365,85.200844,82.728607,0.499992,8.86419,0.090763
0.11114,84.823914,82.728607,0.499992,-15.738947,0.088586
-0.038621,83.840385,82.728607,0.499992,-54.267197,0.087118
0.079591,83.061211,82.728607,0.499992,-63.697514,0.086511
0.103893,82.473076,82.728607,0.499992,-60.138031,0.086523
0.093478,82.428307,82.728607,0.499992,-33.535637,0.086801
0.116726,82.949135,82.728607,0.499992,8.492883,0.086913
0.107329,83.813515,82.728607,0.499992,42.961624,0.08627
0.017063,84.172401,82.728607,0.499992,37.628757,0.085051
0.065163,83.480728,82.728607,0.499992,-13.37783,0.084006
0.069665,82.651009,82.728607,0.499992,-44.985012,0.083721
0.108472,82.12738,82.728607,0.499992,-46.579937,0.084083
0.085955,81.866989,82.728607,0.499992,-34.304604,0.084834
0.153461,81.834419,82.728607,0.499992,-18.069948,0.085692
0.142574,82.590126,82.728607,0.499992,26.046368,0.086187
0.0985,83.387398,82.728607,0.499992,50.181923,0.085925
0.068486,83.274147,82.728607,0.499992,21.345778,0.085367
0.116646,82.364273,82.728607,0.499992,-29.874367,0.08531
0.025998,81.547379,82.728607,0.499992,-52.64996,0.086053
0.102122,81.059891,82.728607,0.499992,-50.558399,0.087359
0.117146,80.881561,82.728607,0.499992,-35.096558,0.08897
0.143076,81.107147,82.728607,0.499992,-7.409833,0.090585
0.147321,82.149925,82.728607,0.499992,43.865074,0.091572
0.096957,82.808937,82.728607,0.499992,53.719543,0.091783
0.039071,82.391167,82.728607,0.499992,8.290102,0.091864
0.102596,81.586037,82.728607,0.499992,-33.151276,0.092525
0.12686,80.967239,82.728607,0.499992,-47.347431,0.09382
0.116158,80.713112,82.728607,0.499992,-38.072063,0.09551
0.04061,80.731964,82.728607,0.499992,-19.698889,0.097334
0.143789,81.389503,82.728607,0.499992,21.340155,0.098902
0.118314,82.571136,82.728607,0.499992,65.442757,0.099559
0.027857,83.043526,82.728607,0.499992,54.964706,0.099421
0.106504,82.659012,82.728607,0.499992,9.701498,0.099241
0.101182,82.040146,82.728607,0.499992,-22.777348,0.099607
0.099851,81.732506,82.728607,0.499992,-25.239313,0.10041
0.044728,81.557404,82.728607,0.499992,-20.484406,0.101438
0.124142,81.73967,82.728607,0.499992,-1.674945,0.10245
0.117739,82.769142,82.728607,0.499992,48.236977,0.102927
0.026011,83.716721,82.728607,0.499992,68.527985,0.102416
0.098828,83.756256,82.728607,0.499992,36.11702,0.101415
0.093596,82.972382,82.728607,0.499992,-17.81064,0.100805
0.104763,82.219421,82.728607,0.499992,-44.332016,0.100932
0.056155,81.741768,82.728607,0.499992,-46.470146,0.101598
0.137989,81.676941,82.728607,0.499992,-26.497837,0.102576
0.11139,82.056595,82.728607,0.499992,5.864529,0.103444
0.100467,83.116234,82.728607,0.499992,52.638977,0.103585
0.108523,83.600479,82.728607,0.499992,48.998783,0.102956
0.124033,83.270645,82.728607,0.499992,8.988692,0.102243
0.09928,82.407532,82.728607,0.499992,-35.050392,0.102148
0.049308,81.759796,82.728607,0.499992,-49.803802,0.102707
0.137399,81.518333,82.728607,0.499992,-38.232193,0.103687
0.108428,81.529221,82.728607,0.499992,-19.834759,0.104791
0.068918,82.222946,82.728607,0.499992,22.44212,0.105599
0.099518,83.209435,82.728607,0.499992,55.783215,0.105544
0.136839,83.471619,82.728607,0.499992,39.358097,0.104898
0.09805,82.938919,82.728607,0.499992,-5.60835,0.104397
0.075783,82.422768,82.728607,0.499992,-25.647232,0.104479
0.049933,82.032852,82.728607,0.499992,-29.603058,0.105009
0.102816,81.853378,82.728607,0.499992,-21.445738,0.105818
0.152868,82.200455,82.728607,0.499992,6.571196,0.10652
0.056236,83.282372,82.728607,0.499992,55.052727,0.106553
0.085717,84.130798,82.728607,0.499992,67.423958,0.105614
0.078651,84.036484,82.728607,0.499992,28.75951,0.104283
0.118757,83.332298,82.728607,0.499992,-18.428228,0.103373
0.063709,82.725868,82.728607,0.499992,-37.909184,0.103104
0.093357,82.356796,82.728607,0.499992,-37.522038,0.103274
0.089234,82.389015,82.728607,0.499992,-18.384129,0.103607
0.062154,82.939598,82.728607,0.499992,18.019131,0.10374
0.117303,83.917061,82.728607,0.499992,55.146107,0.103107
0.092153,84.201797,82.728607,0.499992,40.844063,0.101835
0.104263,83.575813,82.728607,0.499992,-9.718599,0.100695
0.055182,82.731415,82.728607,0.499992,-43.759739,0.100327
0.095862,82.213615,82.728607,0.499992,-45.538303,0.100622
0.092879,81.818657,82.728607,0.499992,-40.439213,0.101348
0.068999,81.93692,82.728607,0.499992,-14.542075,0.102171
0.119397,82.750854,82.728607,0.499992,31.234423,0.102564
0.110499,83.563187,82.728607,0.499992,52.11388,0.102099
0.118322,83.481567,82.728607,0.499992,21.063011,0.101278
-0.005805,82.729958,82.728607,0.499992,-24.41939,0.100906
0.094771,82.054802,82.728607,0.499992,-43.854504,0.101231
0.087135,81.680191,82.728607,0.499992,-40.019215,0.102044
0.077701,81.561035,82.728607,0.499992,-26.5338,0.103073
0.121957,82.135536,82.728607,0.499992,14.521565,0.103938
0.15997,83.111351,82.728607,0.499992,52.42979,0.104019
0.136909,83.690994,82.728607,0.499992,52.198433,0.103315
0.052328,83.373215,82.728607,0.499992,11.958611,0.102539
0.088938,82.578384,82.728607,0.499992,-29.422058,0.10235
0.074578,82.167572,82.728607,0.499992,-33.20153,0.102722
0.097863,81.985252,82.728607,0.499992,-24.027754,0.103386
0.106466,82.136978,82.728607,0.499992,-5.05583,0.104019
0.149856,83.098969,82.728607,0.499992,43.282341,0.104161
0.117431,84.093033,82.728607,0.499992,67.802666,0.103326
0.117227,84.299057,82.728607,0.499992,43.888153,0.101925
0.081838,83.6614,82.728607,0.499992,-6.294803,0.100777
0.064949,82.874092,82.728607,0.499992,-39.34602,0.100307
0.111871,82.452385,82.728607,0.499992,-39.99054,0.100385
0.100551,82.347366,82.728607,0.499992,-24.399248,0.100745
0.152238,82.59243,82.728607,0.499992,-0.728773,0.101016
0.127877,83.621498,82.728607,0.499992,46.21508,0.100635
0.249179,84.112602,82.728607,0.499992,44.728275,0.09951
0.087696,83.809143,82.728607,0.499992,7.740146,0.098316
0.066352,82.93602,82.728607,0.499992,-34.520233,0.097785
0.109712,82.190994,82.728607,0.499992,-50.712547,0.098007
0.105798,81.7817,82.728607,0.499992,-44.892994,0.098723
0.156769,81.719261,82.728607,0.499992,-26.418829,0.099631
0.155626,82.350365,82.728607,0.499992,16.925592,0.100322
0.158913,83.286087,82.728607,0.499992,52.043324,0.100231
0.108185,83.492393,82.728607,0.499992,34.674709,0.099546
0.067502,82.883385,82.728607,0.499992,-11.598032,0.099061
0.08735,82.028305,82.728607,0.499992,-45.24696,0.099329
0.098435,81.596649,82.728607,0.499992,-43.455719,0.100186
0.154563,81.407967,82.728607,0.499992,-30.591803,0.101348
0.151606,81.549019,82.728607,0.499992,-8.001266,0.102545
0.083356,82.485184,82.728607,0.499992,40.500397,0.103241
0.105515,83.384163,82.728607,0.499992,61.043095,0.102981
0.073225,83.443054,82.728607,0.499992,32.486889,0.102261
0.073001,82.795547,82.728607,0.499992,-12.807407,0.101891
0.093368,82.199142,82.728607,0.499992,-33.610535,0.10213
0.139259,82.006119,82.728607,0.499992,-26.444733,0.102714
0.138156,82.007294,82.728607,0.499992,-13.903119,0.103382
0.0963,82.531593,82.728607,0.499992,18.45211,0.103854
0.099449,83.715523,82.728607,0.499992,65.286682,0.103512
0.079785,84.224701,82.728607,0.499992,56.898148,0.102329
0.10331,83.743385,82.728607,0.499992,5.666156,0.101098
0.086273,82.814713,82.728607,0.499992,-39.921383,0.100598
0.121437,82.232697,82.728607,0.499992,-48.613663,0.100776
0.139684,81.996498,82.728607,0.499992,-37.135201,0.101328
0.166309,82.011658,82.728607,0.499992,-18.688,0.102006
0.063114,82.762802,82.728607,0.499992,25.819757,0.102355
0.104595,83.709625,82.728607,0.499992,56.185875,0.101843
0.145689,83.738136,82.728607,0.499992,29.942047,0.100887
0.084296,82.901131,82.728607,0.499992,-23.910345,0.10031
0.135623,82.191292,82.728607,0.499992,-45.915226,0.100467
0.135139,81.751167,82.728607,0.499992,-44.400196,0.101176
0.064631,81.541641,82.728607,0.499992,-30.959579,0.10225
0.090117,81.91893,82.728607,0.499992,4.029719,0.10326
0.15205,82.736084,82.728607,0.499992,40.823647,0.103655
0.163598,81.848129,82.728607,0.499992,-21.844151,0.103971
0.136421,80.337128,82.728607,0.499992,-83.066841,0.105412
0.210723,78.610802,82.728607,0.499992,-123.283157,0.108414
0.216902,77.100777,82.728607,0.499992,-135.9552,0.112857
0.181754,75.642075,82.728607,0.499992,-140.887741,0.118636
0.166663,74.499969,82.728607,0.499992,-127.960724,0.125631
0.292749,74.111649,82.728607,0.499992,-84.022659,0.133381
0.296206,74.309456,82.728607,0.499992,-34.052647,0.141194
0.272485,73.985931,82.728607,0.499992,-34.192741,0.14901
0.309859,72.860687,82.728607,0.499992,-71.513824,0.157446
0.347761,71.542679,82.728607,0.499992,-99.259178,0.16703
0.384026,70.461395,82.728607,0.499992,-103.121033,0.177713
0.366286,69.404839,82.728607,0.499992,-104.714447,0.189343
0.304923,68.116653,82.728607,0.499992,-115.594826,0.202067
0.456776,67.155533,82.728607,0.499992,-105.571892,0.215838
0.423211,66.821495,82.728607,0.499992,-71.05381,0.230202
0.461697,66.958488,82.728607,0.499992,-31.674894,0.244619
0.492276,66.414314,82.728607,0.499992,-43.161964,0.259189
0.477907,65.322662,82.728607,0.499992,-74.465721,0.274511
0.517438,64.07962,82.728607,0.499992,-96.836319,0.290939
0.570657,62.841503,82.728607,0.499992,-108.166855,0.308513
0.569557,61.793228,82.728607,0.499992,-106.868469,0.327082
0.61412,60.706944,82.728607,0.499992,-107.903122,0.346624
0.665028,59.846958,82.728607,0.499992,-97.857552,0.367054
0.662251,59.448563,82.728607,0.499992,-69.922691,0.388091
0.707553,59.381386,82.728607,0.499992,-38.92363,0.409365
0.751004,59.485535,82.728607,0.499992,-16.667751,0.430547
0.681876,59.242096,82.728607,0.499992,-21.564758,0.451766
0.736659,58.569214,82.728607,0.499992,-42.206532,0.473463
0.861464,57.823589,82.728607,0.499992,-56.72731,0.495913
0.830535,57.213184,82.728607,0.499992,-58.209618,0.51887
0.915714,56.699398,82.728607,0.499992,-55.113247,0.542325
0.881303,56.39592,82.728607,0.499992,-43.632393,0.566146
0.933633,55.940834,82.728607,0.499992,-43.221619,0.590358
1.006436,55.673462,82.728607,0.499992,-32.647789,0.614951
0.997477,55.763336,82.728607,0.499992,-12.786399,0.639554
0.977422,56.303814,82.728607,0.499992,17.844187,0.663837
1.002325,56.885384,82.728607,0.499992,35.266735,0.687578
1.039423,57.151531,82.728607,0.499992,30.636795,0.710949
0.963985,57.00703,82.728607,0.499992,10.354115,0.734312
1.246956,57.020382,82.728607,0.499992,6.336131,0.757717
1.06457,57.091461,82.728607,0.499992,7.124908,0.781092
0.982348,57.29974,82.728607,0.499992,14.242218,0.80435
1.150952,57.583935,82.728607,0.499992,21.280544,0.827377
1.196587,58.149765,82.728607,0.499992,38.77869,0.850035
0.982034,58.928375,82.728607,0.499992,60.210331,0.872151
1.243553,60.106819,82.728607,0.499992,88.22522,0.893319
1.304808,62.00864,82.728607,0.499992,136.808395,0.913075
1.008222,63.734299,82.728607,0.499992,152.92514,0.931134
1.29839,64.98719,82.728607,0.499992,138.14476,0.94778
1.001932,65.849945,82.728607,0.499992,111.786758,0.963581
1.425807,66.597275,82.728607,0.499992,95.048904,0.978592
1.099152,67.533142,82.728607,0.499992,95.189987,0.992867
1.262287,68.327629,82.728607,0.499992,87.639969,1.006325
1.181214,68.989235,82.728607,0.499992,76.481705,1.019089
1.15367,70.01989,82.728607,0.499992,89.447739,1.031145
1.239513,71.800758,82.728607,0.499992,132.361832,1.041953
1.131643,73.79615,82.728607,0.499992,163.392868,1.050985
1.24198,74.99308,82.728607,0.499992,141.668793,1.058513
1.135455,75.153419,82.728607,0.499992,82.183128,1.065442
1.21058,75.328903,82.728607,0.499992,51.884232,1.072238
1.166758,75.702271,82.728607,0.499992,45.666378,1.07882
1.165169,76.002876,82.728607,0.499992,38.089748,1.085063
1.263396,76.054039,82.728607,0.499992,24.42351,1.091211
1.105976,76.868195,82.728607,0.499992,52.499069,1.096965
1.38056,78.526787,82.728607,0.499992,104.774261,1.101537
1.032648,79.895332,82.728607,0.499992,115.998856,1.104617
1.198446,79.892357,82.728607,0.499992,60.357689,1.10714
0.994729,79.422867,82.728607,0.499992,9.594672,1.1099
1.253776,79.527672,82.728607,0.499992,12.297812,1.112931
0.985367,79.559296,82.728607,0.499992,8.151893,1.115836
1.13532,79.602676,82.728607,0.499992,7.915248,1.118746
1.056644,80.068977,82.728607,0.499992,28.622189,1.121482
1.248855,81.741379,82.728607,0.499992,94.978859,1.123206
1.214532,82.773392,82.728607,0.499992,95.837425,1.123541
1.112613,82.631302,82.728607,0.499992,41.73592,1.123463
1.297835,81.88385,82.728607,0.499992,-12.545211,1.123879
1.005693,81.790833,82.728607,0.499992,-10.987065,1.124694
1.234284,81.897736,82.728607,0.499992,-0.994063,1.125494
0.97739,81.934731,82.728607,0.499992,1.86913,1.126258
1.119375,82.795105,82.728607,0.499992,43.924404,1.126685
1.025654,84.349846,82.728607,0.499992,94.877174,1.125895
1.147158,84.948318,82.728607,0.499992,76.133247,1.124062
1.127511,84.189072,82.728607,0.499992,3.721441,1.122326
1.136054,83.377312,82.728607,0.499992,-34.181431,1.121409
1.26617,82.971024,82.728607,0.499992,-37.450157,1.120999
1.04211,82.814865,82.728607,0.499992,-28.171761,1.12082
1.180167,82.945137,82.728607,0.499992,-7.721594,1.120723
0.995916,83.960571,82.728607,0.499992,44.476227,1.120118
1.119709,84.934204,82.728607,0.499992,66.815346,1.118482
0.998022,84.537933,82.728607,0.499992,15.030019,1.116578
0.986376,83.472588,82.728607,0.499992,-41.421989,1.115409
1.049592,82.698898,82.728607,0.499992,-57.258194,1.115111
1.170439,82.476166,82.728607,0.499992,-40.956871,1.115244
1.146786,82.220276,82.728607,0.499992,-31.794792,1.115657
1.129997,82.749847,82.728607,0.499992,10.934591,1.115991
1.28529,83.939888,82.728607,0.499992,61.206764,1.115439
1.025424,84.221237,82.728607,0.499992,42.258034,1.114093
1.08322,83.460037,82.728607,0.499992,-15.101535,1.112998
0.986218,82.661026,82.728607,0.499992,-43.80735,1.112734
1.193234,82.282295,82.728607,0.499992,-40.602898,1.112987
0.983256,82.037094,82.728607,0.499992,-34.50687,1.113462
1.078802,82.217949,82.728607,0.499992,-8.893915,1.114045
1.033513,83.195503,82.728607,0.499992,42.321339,1.114126
1.185753,84.317406,82.728607,0.499992,71.766434,1.113097
1.129541,84.199539,82.728607,0.499992,30.010231,1.111608
1.127684,83.391991,82.728607,0.499992,-21.594545,1.110623
1.176433,82.844261,82.728607,0.499992,-35.320496,1.110325
1.081096,82.721138,82.728607,0.499992,-25.169447,1.11026
1.295883,82.605652,82.728607,0.499992,-16.453377,1.110397
0.9922,82.999725,82.728607,0.499992,12.104008,1.110417
1.18185,84.283562,82.728607,0.499992,65.571335,1.109576
0.985239,84.844315,82.728607,0.499992,57.592777,1.107787
1.107315,84.111275,82.728607,0.499992,-4.674831,1.106141
0.991311,83.019325,82.728607,0.499992,-52.291584,1.1054
1.089937,82.584152,82.728607,0.499992,-48.517342,1.105326
1.033139,82.162895,82.728607,0.499992,-47.014591,1.105602
1.151477,82.246292,82.728607,0.499992,-20.128267,1.106115
1.132265,82.970345,82.728607,0.499992,24.926693,1.106302
1.133914,84.026932,82.728607,0.499992,59.567665,1.105511
1.219844,83.767044,82.728607,0.499992,16.74394,1.104348
1.087653,82.782097,82.728607,0.499992,-37.87315,1.103808
1.254306,81.982857,82.728607,0.499992,-55.446785,1.104187
1.013105,81.745285,82.728607,0.499992,-40.887955,1.10497
1.199125,81.474998,82.728607,0.499992,-34.161728,1.106001
0.989384,81.788475,82.728607,0.499992,-2.584454,1.107037
1.174034,83.029953,82.728607,0.499992,57.800522,1.107379
0.995111,83.664772,82.728607,0.499992,57.217335,1.106715
1.012123,83.180161,82.728607,0.499992,6.845116,1.106033
1.017082,82.115837,82.728607,0.499992,-44.262463,1.106151
1.193283,81.758278,82.728607,0.499992,-38.905651,1.106918
1.07501,81.556458,82.728607,0.499992,-31.592062,1.107855
1.175691,81.642555,82.728607,0.499992,-13.352958,1.108869
1.201516,82.463493,82.728607,0.499992,33.478748,1.109571
1.105977,83.910637,82.728607,0.499992,83.830811,1.109114
1.312038,84.193512,82.728607,0.499992,54.372299,1.107788
1.030344,83.39209,82.728607,0.499992,-10.504635,1.106736
1.081869,82.587044,82.728607,0.499992,-41.656876,1.106539
0.991298,82.437271,82.728607,0.499992,-29.039963,1.106743
1.167741,82.298279,82.728607,0.499992,-21.774294,1.107078
0.979532,82.456017,82.728607,0.499992,-3.324236,1.107429
1.196476,83.55957,82.728607,0.499992,51.484692,1.107244
1.019297,84.389534,82.728607,0.499992,62.708511,1.106005
1.127994,84.035995,82.728607,0.499992,14.431509,1.10456
1.077645,82.867615,82.728607,0.499992,-46.781532,1.103888
1.134104,82.227715,82.728607,0.499992,-53.493755,1.104097
1.19546,81.828873,82.728607,0.499992,-48.696285,1.104692
1.12948,81.794067,82.728607,0.499992,-27.402155,1.105534
1.262102,82.152153,82.728607,0.499992,4.675034,1.106315
1.052279,83.413971,82.728607,0.499992,60.354763,1.106243
1.169661,83.709763,82.728607,0.499992,43.744068,1.105407
0.988927,82.95826,82.728607,0.499992,-12.385163,1.10482
1.148918,81.953331,82.728607,0.499992,-51.521839,1.105124
0.97833,81.625748,82.728607,0.499992,-42.628838,1.105985
1.161465,81.398552,82.728607,0.499992,-32.519703,1.107119
0.990489,81.419273,82.728607,0.499992,-14.87647,1.108372
1.131681,82.368568,82.728607,0.499992,38.693195,1.109221
1.059964,83.509155,82.728607,0.499992,70.561523,1.108938
1.143352,83.665871,82.728607,0.499992,42.777008,1.108074
1.152538,82.739632,82.728607,0.499992,-19.816269,1.107647
1.126234,82.174561,82.728607,0.499992,-34.096455,1.107981
1.259658,81.927673,82.728607,0.499992,-29.400908,1.108614
1.06662,82.017235,82.728607,0.499992,-10.583037,1.10933
1.183463,82.408211,82.728607,0.499992,16.206608,1.10992
1.009527,83.761269,82.728607,0.499992,72.334526,1.109627
1.198644,84.626968,82.728607,0.499992,76.059128,1.108201
0.984773,84.078568,82.728607,0.499992,12.031973,1.106616
1.012266,83.0672,82.728607,0.499992,-40.448959,1.105842
0.995599,82.570618,82.728607,0.499992,-43.622547,1.105797
1.057027,82.206444,82.728607,0.499992,-40.071114,1.106115
1.043976,82.125282,82.728607,0.499992,-24.595394,1.106653
1.175909,82.832184,82.728607,0.499992,22.338545,1.106971
1.137111,83.913109,82.728607,0.499992,60.626255,1.106341
1.150698,84.068428,82.728607,0.499992,37.571304,1.105118
1.23707,82.987679,82.728607,0.499992,-30.761698,1.104366
1.069364,82.142944,82.728607,0.499992,-53.85342,1.10457
1.333878,81.770363,82.728607,0.499992,-44.454224,1.105327
1.013754,81.513794,82.728607,0.499992,-34.055035,1.106368
1.15213,81.581284,82.728607,0.499992,-12.50554,1.107531
0.982683,82.672684,82.728607,0.499992,45.205929,1.108124
1.194685,83.601059,82.728607,0.499992,64.742073,1.107671
0.988646,83.244415,82.728607,0.499992,15.061381,1.106938
1.050497,82.398712,82.728607,0.499992,-30.894142,1.106856
1.035303,81.862228,82.728607,0.499992,-40.886429,1.107424
1.174289,81.787277,82.728607,0.499992,-25.135937,1.108252
1.134036,81.566643,82.728607,0.499992,-22.718904,1.109246
1.181707,82.196487,82.728607,0.499992,18.973749,1.110079
1.201256,83.56086,82.728607,0.499992,73.274704,1.10994
1.081642,84.09906,82.728607,0.499992,61.610012,1.108849
1.168573,83.48996,82.728607,0.499992,4.453186,1.107864
0.998924,82.761795,82.728607,0.499992,-28.852907,1.107579
1.154835,82.43116,82.728607,0.499992,-30.259644,1.107721
0.978466,82.33168,82.728607,0.499992,-21.460453,1.108014
1.148141,82.420418,82.728607,0.499992,-5.755425,1.108388
0.983859,83.437485,82.728607,0.499992,46.440933,1.108285
1.094227,84.510918,82.728607,0.499992,72.265579,1.107077
1.037304,84.341934,82.728607,0.499992,27.059076,1.105407
1.075051,83.374023,82.728607,0.499992,-30.169683,1.10438
1.130839,82.667778,82.728607,0.499992,-46.112289,1.104202
1.108055,82.443069,82.728607,0.499992,-33.839546,1.104403
1.211349,82.07531,82.728607,0.499992,-33.816673,1.10488
1.093507,82.373436,82.728607,0.499992,-2.270332,1.105404
1.320197,83.49633,82.728607,0.499992,51.295288,1.105234
1.018979,84.016556,82.728607,0.499992,48.711037,1.104203
1.154648,83.262733,82.728607,0.499992,-10.207471,1.103328
0.994184,82.236496,82.728607,0.499992,-52.337769,1.10333
1.19769,81.854454,82.728607,0.499992,-43.995495,1.104009
0.982759,81.477356,82.728607,0.499992,-41.659336,1.104963
1.061044,81.456245,82.728607,0.499992,-23.200981,1.106115
1.015943,82.16378,82.728607,0.499992,21.864986,1.107004
1.208435,83.453232,82.728607,0.499992,70.001991,1.106882
1.067721,83.464737,82.728607,0.499992,35.291042,1.106128
1.152971,82.595139,82.728607,0.499992,-22.521156,1.105814
1.158062,81.811905,82.728607,0.499992,-46.678799,1.106346
1.129388,81.739616,82.728607,0.499992,-27.233921,1.107247
1.267363,81.624031,82.728607,0.499992,-18.535896,1.108246
1.042247,81.889214,82.728607,0.499992,3.732138,1.109175
1.214143,83.0961,82.728607,0.499992,58.867962,1.109422
0.986343,84.235962,82.728607,0.499992,81.689323,1.108476
1.149003,83.841637,82.728607,0.499992,23.360247,1.107217
0.976737,82.987991,82.728607,0.499992,-27.262684,1.106575
1.427168,82.514618,82.728607,0.499992,-34.705002,1.106616
1.000076,82.264923,82.728607,0.499992,-32.016239,1.106873
1.073803,82.323105,82.728607,0.499992,-13.649302,1.107296
1.070176,82.85936,82.728607,0.499992,19.594549,1.10749
1.145515,84.108055,82.728607,0.499992,67.174141,1.106766
1.187891,84.377487,82.728607,0.499992,44.902012,1.105269
1.127481,83.53009,82.728607,0.499992,-16.326065,1.104113
1.233011,82.463928,82.728607,0.499992,-55.839111,1.103943
1.057799,82.070969,82.728607,0.499992,-47.034386,1.1044
1.212036,81.803665,82.728607,0.499992,-36.801388,1.105146
0.990689,81.874748,82.728607,0.499992,-14.803699,1.106006
1.19652,82.772743,82.728607,0.499992,36.232796,1.10646
0.98455,83.722809,82.728607,0.499992,59.987923,1.10588
1.038811,83.533752,82.728607,0.499992,21.096191,1.104981
0.986759,82.457588,82.728607,0.499992,-38.694378,1.104732
1.104086,81.773811,82.728607,0.499992,-51.045647,1.105337
1.034483,81.512421,82.728607,0.499992,-39.809116,1.106317
1.149187,81.387527,82.728607,0.499992,-25.744783,1.107524
1.128984,81.765739,82.728607,0.499992,6.987059,1.108677
1.16269,83.067627,82.728607,0.499992,64.977493,1.108992
1.231865,83.774445,82.728607,0.499992,64.313927,1.108255
1.079784,83.264435,82.728607,0.499992,9.354127,1.107483
1.111084,82.310463,82.728607,0.499992,-38.06279,1.107464
1.012644,82.032784,82.728607,0.499992,-32.289165,1.108004
1.221149,81.922417,82.728607,0.499992,-21.434259,1.108719
0.983964,81.946213,82.728607,0.499992,-9.520948,1.109475
1.135711,82.899513,82.728607,0.499992,41.280632,1.109825
0.999046,84.285416,82.728607,0.499992,84.659225,1.108985
1.076816,84.438187,82.728607,0.499992,49.581558,1.107403
1.040538,83.516121,82.728607,0.499992,-18.4112,1.106194
1.134832,82.807503,82.728607,0.499992,-40.964699,1.105852
1.098509,82.431793,82.728607,0.499992,-39.113857,1.105962
1.168522,82.326576,82.728607,0.499992,-24.368975,1.106321
1.234591,82.38446,82.728607,0.499992,-7.918931,1.106743
1.083983,83.561409,82.728607,0.499992,50.88205,1.106539
1.332644,84.260262,82.728607,0.499992,56.123924,1.105349
1.021536,83.71154,82.728607,0.499992,2.136497,1.104122
1.073212,82.575653,82.728607,0.499992,-50.953552,1.103759
0.983255,81.950844,82.728607,0.499992,-56.152054,1.104193
1.181943,81.673027,82.728607,0.499992,-43.720142,1.105003
0.979824,81.536377,82.728607,0.499992,-28.351545,1.106073
1.082361,82.129646,82.728607,0.499992,16.523289,1.107022
1.032979,83.302315,82.728607,0.499992,63.448483,1.10705
1.176291,83.542992,82.728607,0.499992,42.045834,1.106317
1.111047,82.766045,82.728607,0.499992,-15.715958,1.105855
1.127774,81.975418,82.728607,0.499992,-43.087006,1.106239
1.215141,81.570518,82.728607,0.499992,-41.863129,1.107116
1.111657,81.374466,82.728607,0.499992,-33.238117,1.108201
1.275028,81.572052,82.728607,0.499992,-7.837417,1.109366
1.03306,82.702103,82.728607,0.499992,50.716438,1.109987
1.207546,83.786484,82.728607,0.499992,74.594254,1.109431
0.988391,83.74382,82.728607,0.499992,33.873718,1.108352
1.121512,82.962532,82.728607,0.499992,-19.149879,1.107743
0.977967,82.481262,82.728607,0.499992,-31.732315,1.107778
1.106666,82.416756,82.728607,0.499992,-19.705963,1.108039
1.011142,82.242432,82.728607,0.499992,-18.184341,1.108421
1.053412,82.711739,82.728607,0.499992,13.935864,1.108709
1.093673,83.970215,82.728607,0.499992,65.132607,1.108135
1.11277,84.645332,82.728607,0.499992,62.426685,1.106571
1.178021,83.934502,82.728607,0.499992,-1.504242,1.105084
1.099951,82.943039,82.728607,0.499992,-45.700752,1.104467
1.280576,82.484344,82.728607,0.499992,-44.676437,1.104518
1.017372,82.232101,82.728607,0.499992,-35.997875,1.104842
1.178409,82.051308,82.728607,0.499992,-27.173176,1.105398
1.003063,82.901787,82.728607,0.499992,26.357876,1.105675
1.204484,83.999687,82.728607,0.499992,64.025993,1.104986
0.987724,83.775459,82.728607,0.499992,21.327833,1.103848
1.059471,82.79174,82.728607,0.499992,-35.075558,1.103309
1.007325,81.972717,82.728607,0.499992,-55.340984,1.103673
1.08702,81.830971,82.728607,0.499992,-35.269356,1.104453
1.060827,81.442268,82.728607,0.499992,-36.3708,1.10547
1.18978,81.814857,82.728607,0.499992,0.35606,1.106548
1.137191,82.853218,82.728607,0.499992,49.760967,1.10696
1.14749,83.685204,82.728607,0.499992,62.257328,1.106365
1.24847,83.107719,82.728607,0.499992,4.354141,1.105689
1.058982,82.231888,82.728607,0.499992,-38.572193,1.105728
1.272678,81.76535,82.728607,0.499992,-41.671265,1.106418
1.010916,81.677483,82.728607,0.499992,-27.743675,1.107293
1.1418,81.703766,82.728607,0.499992,-12.870594,1.108265
0.984659,82.399658,82.728607,0.499992,26.83013,1.108932
1.190715,83.813728,82.728607,0.499992,78.446388,1.108542
0.995513,84.202385,82.728607,0.499992,56.949829,1.107272
1.080118,83.501076,82.728607,0.499992,-2.75438,1.10622
1.047335,82.675278,82.728607,0.499992,-37.678478,1.105956
1.155277,82.49424,82.728607,0.499992,-27.690853,1.106119
1.147798,82.292725,82.728607,0.499992,-24.015461,1.106429
1.163717,82.471909,82.728607,0.499992,-2.860518,1.106796
1.206866,83.356621,82.728607,0.499992,40.537006,1.106669
1.075289,84.30825,82.728607,0.499992,61.313896,1.105518
1.125319,83.959229,82.728607,0.499992,13.926425,1.104147
0.999696,82.925812,82.728607,0.499992,-40.17371,1.103501
1.162376,82.219048,82.728607,0.499992,-51.612682,1.103733
0.978738,81.867691,82.728607,0.499992,-43.954643,1.104362
1.163842,81.713493,82.728607,0.499992,-29.321461,1.105261
0.977114,82.119125,82.728607,0.499992,5.414351,1.106076
1.111496,83.320992,82.728607,0.499992,59.210045,1.106105
1.015471,83.656036,82.728607,0.499992,43.656002,1.105297
1.026037,83.059502,82.728607,0.499992,-5.424116,1.104679
1.093913,81.995255,82.728607,0.499992,-49.82169,1.104939
1.143679,81.680855,82.728607,0.499992,-39.406933,1.105809
1.185845,81.407578,82.728607,0.499992,-33.134148,1.10691
1.122774,81.463646,82.728607,0.499992,-14.249271,1.108118
1.308919,82.369751,82.728607,0.499992,36.679504,1.108935
1.035141,83.730644,82.728607,0.499992,80.771965,1.108577
1.155957,83.659363,82.728607,0.499992,37.544098,1.107621
1.000566,82.881248,82.728607,0.499992,-18.657887,1.107086
1.174459,82.284706,82.728607,0.499992,-32.753868,1.107345
0.987289,82.106041,82.728607,0.499992,-24.234156,1.107884
1.048273,81.99295,82.728607,0.499992,-15.188081,1.108597
1.020674,82.361496,82.728607,0.499992,11.124273,1.109171
1.210359,83.828461,82.728607,0.499992,75.616257,1.10889
1.078862,84.634712,82.728607,0.499992,74.716484,1.10742
